{"widgetType":"wigt-pb-formBuilder","widgetStyling":"/* Custom CSS for widget here. */","widgetMtop":"0","widgetMleft":"0","widgetMbottom":"0","widgetMright":"0","widgetPtop":"0","widgetPleft":"0","widgetPbottom":"0","widgetPright":"0","widgetPaddingTablet":{"rPTT":"","rPBT":"","rPLT":"","rPRT":""},"widgetPaddingMobile":{"rPTM":"","rPBM":"","rPLM":"","rPRM":""},"widgetMarginTablet":{"rMTT":"","rMBT":"","rMLT":"","rMRT":""},"widgetMarginMobile":{"rMTM":"","rMBM":"","rMLM":"","rMRM":""},"widgetBgColor":"transparent","widgetAnimation":"","widgetBorderWidth":"","widgetBorderStyle":null,"widgetBorderColor":"","widgetBoxShadowH":"","widgetBoxShadowV":"","widgetBoxShadowBlur":"","widgetBoxShadowColor":"","widgetIsInline":null,"widgetIsInlineTablet":null,"widgetIsInlineMobile":null,"widgetCustomClass":"","widgBgImg":"","widgBackgroundType":"solid","widgGradient":{"widgGradientColorFirst":"#dd9933","widgGradientLocationFirst":"55","widgGradientColorSecond":"#eeee22","widgGradientLocationSecond":"50","widgGradientType":"linear","widgGradientPosition":"top left","widgGradientAngle":"135"},"widgHoverOptions":{"widgBgColorHover":"","widgHoverTransitionDuration":"","widgetHoverAnimation":"","widgGradientHover":{"widgGradientColorFirstHover":"","widgGradientLocationFirstHover":"","widgGradientColorSecondHover":"","widgGradientLocationSecondHover":"","widgGradientTypeHover":"linear","widgGradientPositionHover":"top left","widgGradientAngleHover":""}},"widgHideOnDesktop":null,"widgHideOnTablet":null,"widgHideOnMobile":null,"widgetFormBuilder":{"widgetPbFbFormFeilds":[{"fbFieldType":"text","thisFieldOptions":{"fbFieldLabel":"First Name","fbFieldPlaceHolder":"First Name","fbFieldRequired":"false","fbFieldWidth":"50","multiOptionFieldValues":"","fbtextareaRows":"5","displayFieldsInline":null}},{"fbFieldType":"text","thisFieldOptions":{"fbFieldLabel":"Last Name","fbFieldPlaceHolder":"Last Name","fbFieldRequired":"false","fbFieldWidth":"50","multiOptionFieldValues":"","fbtextareaRows":"","displayFieldsInline":"inline-block"}},{"fbFieldType":"email","thisFieldOptions":{"fbFieldLabel":"Email","fbFieldPlaceHolder":"Email","fbFieldRequired":"true","fbFieldWidth":"50","multiOptionFieldValues":"","fbtextareaRows":"5","displayFieldsInline":null}},{"fbFieldType":"number","thisFieldOptions":{"fbFieldLabel":"Phone","fbFieldPlaceHolder":"Phone","fbFieldRequired":"false","fbFieldWidth":"50","multiOptionFieldValues":"","fbtextareaRows":"","displayFieldsInline":"inline-block"}},{"fbFieldType":"select","thisFieldOptions":{"fbFieldLabel":"Country","fbFieldPlaceHolder":"Country","fbFieldRequired":"false","fbFieldWidth":"100","multiOptionFieldValues":"Country\nAfghanistan\nÅland Islands\nAlbania\nAlgeria\nAmerican Samoa\nAndorra\nAngola\nAnguilla\nAntarctica\nAntigua and Barbuda\nArgentina\nArmenia\nAruba\nAustralia\nAustria\nAzerbaijan\nBahamas\nBahrain\nBangladesh\nBarbados\nBelarus\nBelgium\nBelize\nBenin\nBermuda\nBhutan\nBolivia, Plurinational State of\nBonaire, Sint Eustatius and Saba\nBosnia and Herzegovina\nBotswana\nBouvet Island\nBrazil\nBritish Indian Ocean Territory\nBrunei Darussalam\nBulgaria\nBurkina Faso\nBurundi\nCambodia\nCameroon\nCanada\nCape Verde\nCayman Islands\nCentral African Republic\nChad\nChile\nChina\nChristmas Island\nCocos (Keeling) Islands\nColombia\nComoros\nCongo\nCongo, the Democratic Republic of the\nCook Islands\nCosta Rica\nCôte d'Ivoire\nCroatia\nCuba\nCuraçao\nCyprus\nCzech Republic\nDenmark\nDjibouti\nDominica\nDominican Republic\nEcuador\nEgypt\nEl Salvador\nEquatorial Guinea\nEritrea\nEstonia\nEthiopia\nFalkland Islands (Malvinas)\nFaroe Islands\nFiji\nFinland\nFrance\nFrench Guiana\nFrench Polynesia\nFrench Southern Territories\nGabon\nGambia\nGeorgia\nGermany\nGhana\nGibraltar\nGreece\nGreenland\nGrenada\nGuadeloupe\nGuam\nGuatemala\nGuernsey\nGuinea\nGuinea-Bissau\nGuyana\nHaiti\nHeard Island and McDonald Islands\nHoly See (Vatican City State)\nHonduras\nHong Kong\nHungary\nIceland\nIndia\nIndonesia\nIran, Islamic Republic of\nIraq\nIreland\nIsle of Man\nIsrael\nItaly\nJamaica\nJapan\nJersey\nJordan\nKazakhstan\nKenya\nKiribati\nKorea, Democratic People's Republic of\nKorea, Republic of\nKuwait\nKyrgyzstan\nLao People's Democratic Republic\nLatvia\nLebanon\nLesotho\nLiberia\nLibya\nLiechtenstein\nLithuania\nLuxembourg\nMacao\nMacedonia, the former Yugoslav Republic of\nMadagascar\nMalawi\nMalaysia\nMaldives\nMali\nMalta\nMarshall Islands\nMartinique\nMauritania\nMauritius\nMayotte\nMexico\nMicronesia, Federated States of\nMoldova, Republic of\nMonaco\nMongolia\nMontenegro\nMontserrat\nMorocco\nMozambique\nMyanmar\nNamibia\nNauru\nNepal\nNetherlands\nNew Caledonia\nNew Zealand\nNicaragua\nNiger\nNigeria\nNiue\nNorfolk Island\nNorthern Mariana Islands\nNorway\nOman\nPakistan\nPalau\nPalestinian Territory, Occupied\nPanama\nPapua New Guinea\nParaguay\nPeru\nPhilippines\nPitcairn\nPoland\nPortugal\nPuerto Rico\nQatar\nRéunion\nRomania\nRussian Federation\nRwanda\nSaint Barthélemy\nSaint Helena, Ascension and Tristan da Cunha\nSaint Kitts and Nevis\nSaint Lucia\nSaint Martin (French part)\nSaint Pierre and Miquelon\nSaint Vincent and the Grenadines\nSamoa\nSan Marino\nSao Tome and Principe\nSaudi Arabia\nSenegal\nSerbia\nSeychelles\nSierra Leone\nSingapore\nSint Maarten (Dutch part)\nSlovakia\nSlovenia\nSolomon Islands\nSomalia\nSouth Africa\nSouth Georgia and the South Sandwich Islands\nSouth Sudan\nSpain\nSri Lanka\nSudan\nSuriname\nSvalbard and Jan Mayen\nSwaziland\nSweden\nSwitzerland\nSyrian Arab Republic\nTaiwan, Province of China\nTajikistan\nTanzania, United Republic of\nThailand\nTimor-Leste\nTogo\nTokelau\nTonga\nTrinidad and Tobago\nTunisia\nTurkey\nTurkmenistan\nTurks and Caicos Islands\nTuvalu\nUganda\nUkraine\nUnited Arab Emirates\nUnited Kingdom\nUnited States\nUnited States Minor Outlying Islands\nUruguay\nUzbekistan\nVanuatu\nVenezuela, Bolivarian Republic of\nViet Nam\nVirgin Islands, British\nVirgin Islands, U.S.\nWallis and Futuna\nWestern Sahara\nYemen\nZambia\nZimbabwe","fbtextareaRows":"","displayFieldsInline":"inline-block"}},{"fbFieldType":"textarea","thisFieldOptions":{"fbFieldLabel":"Message","fbFieldPlaceHolder":"Message","fbFieldRequired":"false","fbFieldWidth":"100","multiOptionFieldValues":"","fbtextareaRows":"5","displayFieldsInline":"inline-block"}}],"widgetPbFbFormFeildOptions":{"formBuilderFieldSize":"medium","formBuilderFieldLabelDisplay":"none","formBuilderFieldBgColor":"#fff","formBuilderFieldColor":"#333","formBuilderFieldBorderColor":"#dddddd","formBuilderFieldBorderWidth":"1","formBuilderFieldBorderRadius":"5","formBuilderLabelSize":"18","formBuilderLabelSizeTablet":"","formBuilderLabelSizeMobile":"","formBuilderLabelColor":"#333","formBuilderFieldVGap":"","formBuilderFieldHGap":"","formBuilderFieldFontFamily":""},"widgetPbFbFormSubmitOptions":{"formBuilderBtnText":"Send Message","formBuilderBtnSize":"medium","formBuilderBtnWidth":"100","formBuilderBtnBgColor":"#259bea","formBuilderBtnColor":"#fff","formBuilderBtnHoverBgColor":"#2543ea","formBuilderBtnHoverTextColor":"#ffffff","formBuilderBtnFontSize":"16","formBuilderBtnFontSizeTablet":"","formBuilderBtnFontSizeMobile":"","formBuilderBtnBorderWidth":"-3","formBuilderBtnBorderColor":"#d9534f","formBuilderBtnBorderRadius":"5","formBuilderBtnAlignment":"center","formBuilderBtnHGap":"","formBuilderBtnVGap":"","formBuilderbtnSelectedIcon":"","formBuilderbtnIconPosition":"after","formBuilderbtnIconGap":"","formBuilderbtnIconAnimation":"","formBuilderBtnFontFamily":"Archivo+Black"},"widgetPbFbFormEmailOptions":{"formEmailformName":"PluginOps Form","formEmailTo":"example@example.com","formEmailSubject":"PluginOps New Submission","formEmailFromEmail":"formBuilder@pluginops.com","formEmailName":"PluginOps","formEmailFormat":"plain","formSuccessMessage":"The form was sent successfully!","formSuccessAction":null,"formSuccessActionURL":""},"widgetPbFbFormMailChimp":{"formBuilderEnableMailChimp":null,"formBuilderMCAccountName":"","formBuilderMCApiKey":"","formBuilderEnableGetResponse":"false","formBuilderGRAccountName":"","formBuilderGRApiKey":"","formBuilderEnableCM":"false","formBuilderCMAccountName":"","formBuilderCMApiKey":"","formBuilderEnableAC":"false","formBuilderACAccountName":"","formBuilderACApiKey":"","formBuilderACApiUrl":""},"widgetPbFbFormAllowDuplicates":"true"}}