{"widgetType":"wigt-pb-countdown","widgetStyling":"/* Custom CSS for widget here. */","widgetMtop":"0","widgetMleft":"25","widgetMbottom":"0","widgetMright":"25","widgetPtop":"0","widgetPleft":"0","widgetPbottom":"0","widgetPright":"0","widgetPaddingTablet":{"rPTT":"","rPBT":"","rPLT":"","rPRT":""},"widgetPaddingMobile":{"rPTM":"","rPBM":"","rPLM":"","rPRM":""},"widgetMarginTablet":{"rMTT":"","rMBT":"","rMLT":"10","rMRT":"10"},"widgetMarginMobile":{"rMTM":"","rMBM":"","rMLM":"","rMRM":""},"widgetBgColor":"transparent","widgetAnimation":"","widgetBorderWidth":"","widgetBorderStyle":null,"widgetBorderColor":"","widgetBoxShadowH":"","widgetBoxShadowV":"","widgetBoxShadowBlur":"","widgetBoxShadowColor":"","widgetIsInline":null,"widgetIsInlineTablet":null,"widgetIsInlineMobile":null,"widgetCustomClass":"","widgBgImg":"","widgBackgroundType":"solid","widgGradient":{"widgGradientColorFirst":"#dd9933","widgGradientLocationFirst":"55","widgGradientColorSecond":"#eeee22","widgGradientLocationSecond":"50","widgGradientType":"linear","widgGradientPosition":"top left","widgGradientAngle":"135"},"widgHoverOptions":{"widgBgColorHover":"","widgHoverTransitionDuration":"","widgetHoverAnimation":"","widgGradientHover":{"widgGradientColorFirstHover":"","widgGradientLocationFirstHover":"","widgGradientColorSecondHover":"","widgGradientLocationSecondHover":"","widgGradientTypeHover":"linear","widgGradientPositionHover":"top left","widgGradientAngleHover":""}},"widgHideOnDesktop":null,"widgHideOnTablet":null,"widgHideOnMobile":null,"widgetCowntdown":{"pbCountDownDate":"2018/05/26","pbCountDownTimezone":"","pbCountDownLabel":"","pbCountDownColor":"#ffffff","pbCountDownLabelColor":"#ffffff","pbCountDownTextSize":"41","pbCountDownTextSizeTablet":"28","pbCountDownTextSizeMobile":"17","pbCountDownLabelTextSize":"10","pbCountDownLabelTextSizeTablet":"9","pbCountDownLabelTextSizeMobile":"","pbCountDownLabelFontFamily":"","pbCountDownNumberFontFamily":"","pbCountDownType":"fixed","pbCountDownNumberBgColor":"#378ef2","pbCountDownNumberBorderRadius":"100","pbCountDownHGap":"1","pbCountDownHGapTablet":"1","pbCountDownHGapMobile":"","pbCountDownVGap":"85","pbCountDownVGapTablet":"40","pbCountDownVGapMobile":"","pbCountDownDateDays":"","pbCountDownDateHours":"","pbCountDownDateMins":"","pbCountDownDateSecs":"","daysText":"","hoursText":"","minutesText":"MINS","secondsText":"SECS","hideDays":null,"hideHours":null,"hideMinutes":null,"hideSeconds":null},"widgetBorderRadius":""}