{"widgetType":"wigt-pb-countdown","widgetStyling":"/* Custom CSS for widget here. */","widgetMtop":"0","widgetMleft":"0","widgetMbottom":"0","widgetMright":"0","widgetPtop":"0","widgetPleft":"0","widgetPbottom":"0","widgetPright":"0","widgetPaddingTablet":{"rPTT":"","rPBT":"","rPLT":"","rPRT":""},"widgetPaddingMobile":{"rPTM":"","rPBM":"","rPLM":"","rPRM":""},"widgetMarginTablet":{"rMTT":"","rMBT":"","rMLT":"","rMRT":""},"widgetMarginMobile":{"rMTM":"","rMBM":"","rMLM":"","rMRM":""},"widgetBgColor":"transparent","widgetAnimation":"","widgetBorderWidth":"","widgetBorderStyle":null,"widgetBorderColor":"","widgetBoxShadowH":"","widgetBoxShadowV":"","widgetBoxShadowBlur":"","widgetBoxShadowColor":"","widgetIsInline":null,"widgetIsInlineTablet":null,"widgetIsInlineMobile":null,"widgetCustomClass":"","widgBgImg":"","widgBackgroundType":"solid","widgGradient":{"widgGradientColorFirst":"#dd9933","widgGradientLocationFirst":"55","widgGradientColorSecond":"#eeee22","widgGradientLocationSecond":"50","widgGradientType":"linear","widgGradientPosition":"top left","widgGradientAngle":"135"},"widgHoverOptions":{"widgBgColorHover":"","widgHoverTransitionDuration":"","widgGradientHover":{"widgGradientColorFirstHover":"","widgGradientLocationFirstHover":"","widgGradientColorSecondHover":"","widgGradientLocationSecondHover":"","widgGradientTypeHover":"linear","widgGradientPositionHover":"top left","widgGradientAngleHover":""}},"widgHideOnDesktop":null,"widgHideOnTablet":null,"widgHideOnMobile":null,"widgetCowntdown":{"pbCountDownDate":"2018/05/01","pbCountDownLabel":"","pbCountDownColor":"#ffffff","pbCountDownLabelColor":"#ffffff","pbCountDownTextSize":"20","pbCountDownTextSizeTablet":"18","pbCountDownTextSizeMobile":"17","pbCountDownLabelTextSize":"8","pbCountDownLabelTextSizeTablet":"8","pbCountDownLabelTextSizeMobile":"8","pbCountDownLabelFontFamily":"","pbCountDownNumberFontFamily":"Arial Black","pbCountDownType":"evergreen","pbCountDownNumberBgColor":"#002df7","pbCountDownNumberBorderRadius":"","pbCountDownHGap":"2","pbCountDownHGapTablet":"","pbCountDownHGapMobile":"1","pbCountDownVGap":"55","pbCountDownVGapTablet":"35","pbCountDownVGapMobile":"30","pbCountDownDateDays":"5","pbCountDownDateHours":"4","pbCountDownDateMins":"5","pbCountDownDateSecs":"5"}}