{"widgetType":"wigt-pb-countdown","widgetStyling":"max-width:600px;","widgetMtop":"2","widgetMleft":"-1.7","widgetMbottom":"2","widgetMright":"0","widgetPtop":"0","widgetPleft":"0","widgetPbottom":"0","widgetPright":"0","widgetPaddingTablet":{"rPTT":"","rPBT":"","rPLT":"","rPRT":""},"widgetPaddingMobile":{"rPTM":"","rPBM":"","rPLM":"","rPRM":""},"widgetMarginTablet":{"rMTT":"","rMBT":"","rMLT":"","rMRT":""},"widgetMarginMobile":{"rMTM":"","rMBM":"","rMLM":"","rMRM":""},"widgetBgColor":"transparent","widgetAnimation":"","widgetBorderWidth":"","widgetBorderStyle":null,"widgetBorderColor":"","widgetBoxShadowH":"","widgetBoxShadowV":"","widgetBoxShadowBlur":"","widgetBoxShadowColor":"","widgetIsInline":null,"widgetIsInlineTablet":null,"widgetIsInlineMobile":null,"widgetCustomClass":"","widgBgImg":"","widgBackgroundType":"solid","widgGradient":{"widgGradientColorFirst":"#dd9933","widgGradientLocationFirst":"55","widgGradientColorSecond":"#eeee22","widgGradientLocationSecond":"50","widgGradientType":"linear","widgGradientPosition":"top left","widgGradientAngle":"135"},"widgHoverOptions":{"widgBgColorHover":"","widgHoverTransitionDuration":"","widgetHoverAnimation":"","widgGradientHover":{"widgGradientColorFirstHover":"","widgGradientLocationFirstHover":"","widgGradientColorSecondHover":"","widgGradientLocationSecondHover":"","widgGradientTypeHover":"linear","widgGradientPositionHover":"top left","widgGradientAngleHover":""}},"widgHideOnDesktop":null,"widgHideOnTablet":null,"widgHideOnMobile":null,"widgetCowntdown":{"pbCountDownDate":"2018/05/26","pbCountDownTimezone":"","pbCountDownLabel":"","pbCountDownColor":"#ffffff","pbCountDownLabelColor":"#ffffff","pbCountDownTextSize":"39","pbCountDownTextSizeTablet":"28","pbCountDownTextSizeMobile":"18","pbCountDownLabelTextSize":"10","pbCountDownLabelTextSizeTablet":"9","pbCountDownLabelTextSizeMobile":"6","pbCountDownLabelFontFamily":"","pbCountDownNumberFontFamily":"","pbCountDownType":"fixed","pbCountDownNumberBgColor":"#444444","pbCountDownNumberBorderRadius":"500","pbCountDownHGap":"2","pbCountDownHGapTablet":"1","pbCountDownHGapMobile":"0","pbCountDownVGap":"80","pbCountDownVGapTablet":"70","pbCountDownVGapMobile":"40","pbCountDownDateDays":"","pbCountDownDateHours":"","pbCountDownDateMins":"","pbCountDownDateSecs":"","daysText":"","hoursText":"","minutesText":"MINS","secondsText":"SECS","hideDays":null,"hideHours":null,"hideMinutes":null,"hideSeconds":null},"borderRadius":{"wbrt":"","wbrb":"","wbrl":"","wbrr":""},"borderWidth":{"wbwt":"","wbwb":"","wbwl":"","wbwr":""}}