{"rowID":"ulpb_Row10176","rowHeight":"250","rowHeightUnit":"px","rowHeightTablet":"","rowHeightUnitTablet":null,"rowHeightMobile":"","rowHeightUnitMobile":null,"columns":"4","columnsDivRule":"none","rowData":{"rowCustomClass":"","bg_color":"transparent","bg_img":"","margin":{"rowMarginTop":"0","rowMarginBottom":"0","rowMarginLeft":"0","rowMarginRight":"0"},"marginTablet":{"rMTT":"","rMBT":"","rMLT":"","rMRT":""},"marginMobile":{"rMTM":"","rMBM":"","rMLM":"","rMRM":""},"padding":{"rowPaddingTop":"0","rowPaddingBottom":"0","rowPaddingLeft":"10","rowPaddingRight":"10"},"paddingTablet":{"rPTT":"","rPBT":"","rPLT":"","rPRT":""},"paddingMobile":{"rPTM":"","rPBM":"","rPLM":"","rPRM":""},"video":{"rowBgVideoEnable":"false","rowBgVideoLoop":"loop","rowVideoMpfour":" ","rowVideoWebM":" ","rowVideoThumb":" "},"customStyling":"/* Insert your custom CSS for this row here. */","customJS":" ","rowBackgroundType":"solid","rowGradient":{"rowGradientColorFirst":"#dd9933","rowGradientLocationFirst":"40","rowGradientColorSecond":"#eeee22","rowGradientLocationSecond":"60","rowGradientType":"linear","rowGradientPosition":"top left","rowGradientAngle":"135"},"rowHoverOptions":{"rowBgColorHover":"","rowHoverTransitionDuration":"","rowGradientHover":{"rowGradientColorFirstHover":"","rowGradientLocationFirstHover":"","rowGradientColorSecondHover":"","rowGradientLocationSecondHover":"","rowGradientTypeHover":null,"rowGradientPositionHover":null,"rowGradientAngleHover":""}},"rowOverlayGradient":{"rowOverlayGradientColorFirst":"","rowOverlayGradientLocationFirst":"","rowOverlayGradientColorSecond":"","rowOverlayGradientLocationSecond":"","rowOverlayGradientType":null,"rowOverlayGradientPosition":null,"rowOverlayGradientAngle":""},"rowBgOverlayColor":"","rowHideOnDesktop":null,"rowHideOnTablet":null,"rowHideOnMobile":null},"column1":{"colWidgets":[{"widgetType":"wigt-pb-pricing","widgetStyling":"/* Custom CSS for widget here. */","widgetMtop":"0","widgetMleft":"0","widgetMbottom":"0","widgetMright":"0","widgetPtop":"0","widgetPleft":"0","widgetPbottom":"0","widgetPright":"0","widgetPaddingTablet":{"rPTT":"","rPBT":"","rPLT":"","rPRT":""},"widgetPaddingMobile":{"rPTM":"","rPBM":"","rPLM":"","rPRM":""},"widgetMarginTablet":{"rMTT":"","rMBT":"","rMLT":"","rMRT":""},"widgetMarginMobile":{"rMTM":"","rMBM":"","rMLM":"","rMRM":""},"widgetBgColor":"transparent","widgetAnimation":"","widgetBorderWidth":"","widgetBorderStyle":null,"widgetBorderColor":"","widgetBoxShadowH":"","widgetBoxShadowV":"","widgetBoxShadowBlur":"","widgetBoxShadowColor":"","widgetIsInline":null,"widgetIsInlineTablet":null,"widgetIsInlineMobile":null,"widgetCustomClass":"","widgBgImg":"","widgBackgroundType":"solid","widgGradient":{"widgGradientColorFirst":"#dd9933","widgGradientLocationFirst":"55","widgGradientColorSecond":"#eeee22","widgGradientLocationSecond":"50","widgGradientType":"linear","widgGradientPosition":"top left","widgGradientAngle":"135"},"widgHoverOptions":{"widgBgColorHover":"","widgHoverTransitionDuration":"","widgetHoverAnimation":"","widgGradientHover":{"widgGradientColorFirstHover":"","widgGradientLocationFirstHover":"","widgGradientColorSecondHover":"","widgGradientLocationSecondHover":"","widgGradientTypeHover":"linear","widgGradientPositionHover":"top left","widgGradientAngleHover":""}},"widgHideOnDesktop":null,"widgHideOnTablet":null,"widgHideOnMobile":null,"widgetPricing":{"pbPricingHeaderText":"","pbPricingContent":"<p style=\"text-align: center; letter-spacing:3px;\"><span style=\"color: #73777f;\">FREE</span></p>\n<p style=\"text-align: center;\"><strong><span style=\"font-family: helvetica, arial, sans-serif; font-size: 42px;\">Free </span></strong></p>\n<p style=\"text-align: center;\"><span style=\"color: #73777f; font-size: 14px;\">10 registered users</span></p>\n<p style=\"text-align: center;\"><span style=\"color: #73777f; font-size: 14px;\">10 Projects</span></p>\n<p style=\"text-align: center;\"><span style=\"color: #808080; font-size: 14px;\">2GB Bandwidth</span></p>\n<p style=\"text-align: center;\"><span style=\"color: #73777f; font-size: 14px;\">Free Support</span></p>","pbPricingHeaderTextColor":"#73777f","pbPricingHeaderBgColor":"#fff","pbPricingHeaderTextSize":"14","pbPricingBorderWidth":"0","pbPricingBorderColor":"#ffffff","pbPricingButtonSectionBgColor":"#fff","pricingbtnText":"BUY NOW","pricingbtnLink":"#","pricingbtnTextColor":"#239ddb","pricingbtnFontSize":"18","pricingbtnFontSizeTablet":"","pricingbtnFontSizeMobile":"","pricingbtnBgColor":"rgba(35,157,219,0)","pricingbtnWidth":"40","pricingbtnWidthUnit":"%","pricingbtnWidthUnitTablet":"%","pricingbtnWidthUnitMobile":"%","pricingbtnHeight":"13","pricingbtnHeightTablet":"","pricingbtnHeightMobile":"","pricingbtnHoverBgColor":"#239ddb","pricingbtnHoverTextColor":"#ffffff","pricingbtnBlankAttr":"_blank","pricingbtnBorderColor":"#239ddb","pricingbtnBorderWidth":"2","pricingbtnBorderRadius":"2","pricingbtnButtonAlignment":"center","pricingbtnButtonAlignmentTablet":"default","pricingbtnButtonAlignmentMobile":"default","pricingbtnButtonFontFamily":"Mako","pricingbtnSelectedIcon":"","pricingbtnIconPosition":"before","pricingbtnIconAnimation":"","pricingbtnIconGap":""},"widgetBorderRadius":""}],"columnOptions":{"bg_color":"transparent","margin":{"columnMarginTop":"0","columnMarginBottom":"0","columnMarginLeft":"0","columnMarginRight":"1"},"padding":{"columnPaddingTop":"0","columnPaddingBottom":"0","columnPaddingLeft":"0","columnPaddingRight":"0"},"paddingTablet":{"rPTT":"","rPBT":"","rPLT":"","rPRT":""},"paddingMobile":{"rPTM":"","rPBM":"","rPLM":"","rPRM":""},"marginTablet":{"rMTT":"","rMBT":"","rMLT":"","rMRT":""},"marginMobile":{"rMTM":"","rMBM":"","rMLM":"","rMRM":""},"width":"23","widthTablet":"","widthMobile":"","columnCSS":"/* Add column custom styling here */","columnCustomClass":"","colHideOnDesktop":null,"colHideOnTablet":null,"colHideOnMobile":null,"colBoxShadow":{"colBoxShadowH":"","colBoxShadowV":"","colBoxShadowBlur":"","colBoxShadowColor":""},"colBorder":{"colBorderWidth":"2","colBorderStyle":"solid","colBorderColor":"#66738d","colBorderRadius":"0"},"colBgImg":"","colBackgroundType":"solid","colGradient":{"colGradientColorFirst":"#dd9933","colGradientLocationFirst":"55","colGradientColorSecond":"#eeee22","colGradientLocationSecond":"50","colGradientType":"linear","colGradientPosition":"top left","colGradientAngle":"135"},"colHoverOptions":{"colBgColorHover":"","colHoverTransitionDuration":"","colGradientHover":{"colGradientColorFirstHover":"","colGradientLocationFirstHover":"","colGradientColorSecondHover":"","colGradientLocationSecondHover":"","colGradientTypeHover":"linear","colGradientPositionHover":"top left","colGradientAngleHover":""}}}},"column2":{"colWidgets":[{"widgetType":"wigt-pb-pricing","widgetStyling":"/* Custom CSS for widget here. */","widgetMtop":"0","widgetMleft":"0","widgetMbottom":"0","widgetMright":"0","widgetPtop":"0","widgetPleft":"0","widgetPbottom":"0","widgetPright":"0","widgetPaddingTablet":{"rPTT":"","rPBT":"","rPLT":"","rPRT":""},"widgetPaddingMobile":{"rPTM":"","rPBM":"","rPLM":"","rPRM":""},"widgetMarginTablet":{"rMTT":"","rMBT":"","rMLT":"","rMRT":""},"widgetMarginMobile":{"rMTM":"","rMBM":"","rMLM":"","rMRM":""},"widgetBgColor":"transparent","widgetAnimation":"","widgetBorderWidth":"","widgetBorderStyle":null,"widgetBorderColor":"","widgetBoxShadowH":"","widgetBoxShadowV":"","widgetBoxShadowBlur":"","widgetBoxShadowColor":"","widgetIsInline":null,"widgetIsInlineTablet":null,"widgetIsInlineMobile":null,"widgetCustomClass":"","widgBgImg":"","widgBackgroundType":"solid","widgGradient":{"widgGradientColorFirst":"#dd9933","widgGradientLocationFirst":"55","widgGradientColorSecond":"#eeee22","widgGradientLocationSecond":"50","widgGradientType":"linear","widgGradientPosition":"top left","widgGradientAngle":"135"},"widgHoverOptions":{"widgBgColorHover":"","widgHoverTransitionDuration":"","widgetHoverAnimation":"","widgGradientHover":{"widgGradientColorFirstHover":"","widgGradientLocationFirstHover":"","widgGradientColorSecondHover":"","widgGradientLocationSecondHover":"","widgGradientTypeHover":"linear","widgGradientPositionHover":"top left","widgGradientAngleHover":""}},"widgHideOnDesktop":null,"widgHideOnTablet":null,"widgHideOnMobile":null,"widgetPricing":{"pbPricingHeaderText":"","pbPricingContent":"<p style=\"text-align: center; letter-spacing: 3px;\" data-mce-style=\"text-align: center; letter-spacing: 3px;\"><span style=\"color: #73777f;\" data-mce-style=\"color: #73777f;\">BASIC</span></p><p style=\"text-align: center;\" data-mce-style=\"text-align: center;\"><strong><span style=\"font-family: helvetica, arial, sans-serif; font-size: 42px;\" data-mce-style=\"font-family: helvetica, arial, sans-serif; font-size: 42px;\">$29</span></strong></p><p style=\"text-align: center;\" data-mce-style=\"text-align: center;\"><span style=\"color: #73777f; font-size: 14px;\" data-mce-style=\"color: #73777f; font-size: 14px;\">30 registered users</span></p><p style=\"text-align: center;\" data-mce-style=\"text-align: center;\"><span style=\"color: #73777f; font-size: 14px;\" data-mce-style=\"color: #73777f; font-size: 14px;\">25 Projects</span></p><p style=\"text-align: center;\" data-mce-style=\"text-align: center;\"><span style=\"color: #808080; font-size: 14px;\" data-mce-style=\"color: #808080; font-size: 14px;\">10GB Bandwidth</span></p><p style=\"text-align: center;\" data-mce-style=\"text-align: center;\"><span style=\"color: #73777f; font-size: 14px;\" data-mce-style=\"color: #73777f; font-size: 14px;\">Premium Support</span></p>","pbPricingHeaderTextColor":"#73777f","pbPricingHeaderBgColor":"#fff","pbPricingHeaderTextSize":"14","pbPricingBorderWidth":"0","pbPricingBorderColor":"#ffffff","pbPricingButtonSectionBgColor":"#fff","pricingbtnText":"BUY NOW","pricingbtnLink":"#","pricingbtnTextColor":"#239ddb","pricingbtnFontSize":"18","pricingbtnFontSizeTablet":"","pricingbtnFontSizeMobile":"","pricingbtnBgColor":"rgba(35,157,219,0)","pricingbtnWidth":"40","pricingbtnWidthUnit":"%","pricingbtnWidthUnitTablet":"%","pricingbtnWidthUnitMobile":"%","pricingbtnHeight":"13","pricingbtnHeightTablet":"","pricingbtnHeightMobile":"","pricingbtnHoverBgColor":"#239ddb","pricingbtnHoverTextColor":"#ffffff","pricingbtnBlankAttr":"_blank","pricingbtnBorderColor":"#239ddb","pricingbtnBorderWidth":"2","pricingbtnBorderRadius":"2","pricingbtnButtonAlignment":"center","pricingbtnButtonAlignmentTablet":"default","pricingbtnButtonAlignmentMobile":"default","pricingbtnButtonFontFamily":"Mako","pricingbtnSelectedIcon":"","pricingbtnIconPosition":"before","pricingbtnIconAnimation":"","pricingbtnIconGap":""},"widgetBorderRadius":""}],"columnOptions":{"bg_color":"transparent","margin":{"columnMarginTop":"0","columnMarginBottom":"0","columnMarginLeft":"0","columnMarginRight":"1"},"padding":{"columnPaddingTop":"0","columnPaddingBottom":"0","columnPaddingLeft":"0","columnPaddingRight":"0"},"paddingTablet":{"rPTT":"","rPBT":"","rPLT":"","rPRT":""},"paddingMobile":{"rPTM":"","rPBM":"","rPLM":"","rPRM":""},"marginTablet":{"rMTT":"","rMBT":"","rMLT":"","rMRT":""},"marginMobile":{"rMTM":"","rMBM":"","rMLM":"","rMRM":""},"width":"23","widthTablet":"","widthMobile":"","columnCSS":"/* Add column custom styling here */","columnCustomClass":"","colHideOnDesktop":null,"colHideOnTablet":null,"colHideOnMobile":null,"colBoxShadow":{"colBoxShadowH":"","colBoxShadowV":"","colBoxShadowBlur":"","colBoxShadowColor":""},"colBorder":{"colBorderWidth":"2","colBorderStyle":"solid","colBorderColor":"#66738D","colBorderRadius":"0"},"colBgImg":"","colBackgroundType":"solid","colGradient":{"colGradientColorFirst":"#dd9933","colGradientLocationFirst":"55","colGradientColorSecond":"#eeee22","colGradientLocationSecond":"50","colGradientType":"linear","colGradientPosition":"top left","colGradientAngle":"135"},"colHoverOptions":{"colBgColorHover":"","colHoverTransitionDuration":"","colGradientHover":{"colGradientColorFirstHover":"","colGradientLocationFirstHover":"","colGradientColorSecondHover":"","colGradientLocationSecondHover":"","colGradientTypeHover":"linear","colGradientPositionHover":"top left","colGradientAngleHover":""}}}},"column3":{"colWidgets":[{"widgetType":"wigt-pb-pricing","widgetStyling":"/* Custom CSS for widget here. */","widgetMtop":"0","widgetMleft":"0","widgetMbottom":"0","widgetMright":"0","widgetPtop":"0","widgetPleft":"0","widgetPbottom":"0","widgetPright":"0","widgetPaddingTablet":{"rPTT":"","rPBT":"","rPLT":"","rPRT":""},"widgetPaddingMobile":{"rPTM":"","rPBM":"","rPLM":"","rPRM":""},"widgetMarginTablet":{"rMTT":"","rMBT":"","rMLT":"","rMRT":""},"widgetMarginMobile":{"rMTM":"","rMBM":"","rMLM":"","rMRM":""},"widgetBgColor":"transparent","widgetAnimation":"","widgetBorderWidth":"","widgetBorderStyle":null,"widgetBorderColor":"","widgetBoxShadowH":"","widgetBoxShadowV":"","widgetBoxShadowBlur":"","widgetBoxShadowColor":"","widgetIsInline":null,"widgetIsInlineTablet":null,"widgetIsInlineMobile":null,"widgetCustomClass":"","widgBgImg":"","widgBackgroundType":"solid","widgGradient":{"widgGradientColorFirst":"#dd9933","widgGradientLocationFirst":"55","widgGradientColorSecond":"#eeee22","widgGradientLocationSecond":"50","widgGradientType":"linear","widgGradientPosition":"top left","widgGradientAngle":"135"},"widgHoverOptions":{"widgBgColorHover":"","widgHoverTransitionDuration":"","widgetHoverAnimation":"","widgGradientHover":{"widgGradientColorFirstHover":"","widgGradientLocationFirstHover":"","widgGradientColorSecondHover":"","widgGradientLocationSecondHover":"","widgGradientTypeHover":"linear","widgGradientPositionHover":"top left","widgGradientAngleHover":""}},"widgHideOnDesktop":null,"widgHideOnTablet":null,"widgHideOnMobile":null,"widgetPricing":{"pbPricingHeaderText":"","pbPricingContent":"<p style=\"text-align: center; letter-spacing: 3px;\" data-mce-style=\"text-align: center; letter-spacing: 3px;\"><span style=\"color: #fff;\" data-mce-style=\"color: #fff;\">DEVELOPER</span></p><p style=\"color: #fff; text-align: center;\" data-mce-style=\"color: #fff; text-align: center;\"><strong><span style=\"font-family: helvetica, arial, sans-serif; font-size: 42px; color: #fff;\" data-mce-style=\"font-family: helvetica, arial, sans-serif; font-size: 42px; color: #fff;\">$79</span></strong></p><p style=\"text-align: center;\" data-mce-style=\"text-align: center;\"><span style=\"color: #fff; font-size: 14px;\" data-mce-style=\"color: #fff; font-size: 14px;\">100 registered users</span></p><p style=\"text-align: center;\" data-mce-style=\"text-align: center;\"><span style=\"color: #fff; font-size: 14px;\" data-mce-style=\"color: #fff; font-size: 14px;\">250 Projects</span></p><p style=\"text-align: center;\" data-mce-style=\"text-align: center;\"><span style=\"color: #fff; font-size: 14px;\" data-mce-style=\"color: #fff; font-size: 14px;\">100GB Bandwidth</span></p><p style=\"text-align: center;\" data-mce-style=\"text-align: center;\"><span style=\"color: #fff; font-size: 14px;\" data-mce-style=\"color: #fff; font-size: 14px;\">Premium Support</span></p>","pbPricingHeaderTextColor":"#73777f","pbPricingHeaderBgColor":"#fff","pbPricingHeaderTextSize":"14","pbPricingBorderWidth":"0","pbPricingBorderColor":"#239ddb","pbPricingButtonSectionBgColor":"","pricingbtnText":"BUY NOW","pricingbtnLink":"#","pricingbtnTextColor":"#239ddb","pricingbtnFontSize":"18","pricingbtnFontSizeTablet":"","pricingbtnFontSizeMobile":"","pricingbtnBgColor":"#ffffff","pricingbtnWidth":"40","pricingbtnWidthUnit":"%","pricingbtnWidthUnitTablet":"%","pricingbtnWidthUnitMobile":"%","pricingbtnHeight":"13","pricingbtnHeightTablet":"","pricingbtnHeightMobile":"","pricingbtnHoverBgColor":"#223dd8","pricingbtnHoverTextColor":"#ffffff","pricingbtnBlankAttr":"_blank","pricingbtnBorderColor":"#239ddb","pricingbtnBorderWidth":"2","pricingbtnBorderRadius":"2","pricingbtnButtonAlignment":"center","pricingbtnButtonAlignmentTablet":"default","pricingbtnButtonAlignmentMobile":"default","pricingbtnButtonFontFamily":"Mako","pricingbtnSelectedIcon":"","pricingbtnIconPosition":"before","pricingbtnIconAnimation":"","pricingbtnIconGap":""},"widgetBorderRadius":""}],"columnOptions":{"bg_color":"#239ddb","margin":{"columnMarginTop":"0","columnMarginBottom":"0","columnMarginLeft":"0","columnMarginRight":"1"},"padding":{"columnPaddingTop":"0","columnPaddingBottom":"0","columnPaddingLeft":"0","columnPaddingRight":"0"},"paddingTablet":{"rPTT":"","rPBT":"","rPLT":"","rPRT":""},"paddingMobile":{"rPTM":"","rPBM":"","rPLM":"","rPRM":""},"marginTablet":{"rMTT":"","rMBT":"","rMLT":"","rMRT":""},"marginMobile":{"rMTM":"","rMBM":"","rMLM":"","rMRM":""},"width":"23","widthTablet":"","widthMobile":"","columnCSS":"/* Add column custom styling here */","columnCustomClass":"","colHideOnDesktop":null,"colHideOnTablet":null,"colHideOnMobile":null,"colBoxShadow":{"colBoxShadowH":"","colBoxShadowV":"","colBoxShadowBlur":"","colBoxShadowColor":""},"colBorder":{"colBorderWidth":"2","colBorderStyle":"solid","colBorderColor":"#239ddb","colBorderRadius":"0"},"colBgImg":"","colBackgroundType":"solid","colGradient":{"colGradientColorFirst":"#dd9933","colGradientLocationFirst":"55","colGradientColorSecond":"#eeee22","colGradientLocationSecond":"50","colGradientType":"linear","colGradientPosition":"top left","colGradientAngle":"135"},"colHoverOptions":{"colBgColorHover":"","colHoverTransitionDuration":"","colGradientHover":{"colGradientColorFirstHover":"","colGradientLocationFirstHover":"","colGradientColorSecondHover":"","colGradientLocationSecondHover":"","colGradientTypeHover":"linear","colGradientPositionHover":"top left","colGradientAngleHover":""}}}},"column4":{"colWidgets":[{"widgetType":"wigt-pb-pricing","widgetStyling":"/* Custom CSS for widget here. */","widgetMtop":"0","widgetMleft":"0","widgetMbottom":"0","widgetMright":"0","widgetPtop":"0","widgetPleft":"0","widgetPbottom":"0","widgetPright":"0","widgetPaddingTablet":{"rPTT":"","rPBT":"","rPLT":"","rPRT":""},"widgetPaddingMobile":{"rPTM":"","rPBM":"","rPLM":"","rPRM":""},"widgetMarginTablet":{"rMTT":"","rMBT":"","rMLT":"","rMRT":""},"widgetMarginMobile":{"rMTM":"","rMBM":"","rMLM":"","rMRM":""},"widgetBgColor":"transparent","widgetAnimation":"","widgetBorderWidth":"","widgetBorderStyle":null,"widgetBorderColor":"","widgetBoxShadowH":"","widgetBoxShadowV":"","widgetBoxShadowBlur":"","widgetBoxShadowColor":"","widgetIsInline":null,"widgetIsInlineTablet":null,"widgetIsInlineMobile":null,"widgetCustomClass":"","widgBgImg":"","widgGradient":{"widgGradientColorFirst":"#dd9933","widgGradientLocationFirst":"55","widgGradientColorSecond":"#eeee22","widgGradientLocationSecond":"50","widgGradientType":"linear","widgGradientPosition":"top left","widgGradientAngle":"135"},"widgHoverOptions":{"widgBgColorHover":"","widgHoverTransitionDuration":"","widgetHoverAnimation":"","widgGradientHover":{"widgGradientColorFirstHover":"","widgGradientLocationFirstHover":"","widgGradientColorSecondHover":"","widgGradientLocationSecondHover":"","widgGradientTypeHover":"linear","widgGradientPositionHover":"top left","widgGradientAngleHover":""}},"widgHideOnDesktop":null,"widgHideOnTablet":null,"widgHideOnMobile":null,"widgetPricing":{"pbPricingHeaderText":"","pbPricingContent":"<p style=\"text-align: center; letter-spacing: 3px;\" data-mce-style=\"text-align: center; letter-spacing: 3px;\"><span style=\"color: #73777f;\" data-mce-style=\"color: #73777f;\">DEVELOPER</span></p><p style=\"text-align: center;\" data-mce-style=\"text-align: center;\"><strong><span style=\"font-family: helvetica, arial, sans-serif; font-size: 42px;\" data-mce-style=\"font-family: helvetica, arial, sans-serif; font-size: 42px;\">$79</span></strong></p><p style=\"text-align: center;\" data-mce-style=\"text-align: center;\"><span style=\"color: #73777f; font-size: 14px;\" data-mce-style=\"color: #73777f; font-size: 14px;\">100 registered users</span></p><p style=\"text-align: center;\" data-mce-style=\"text-align: center;\"><span style=\"color: #73777f; font-size: 14px;\" data-mce-style=\"color: #73777f; font-size: 14px;\">250 Projects</span></p><p style=\"text-align: center;\" data-mce-style=\"text-align: center;\"><span style=\"color: #808080; font-size: 14px;\" data-mce-style=\"color: #808080; font-size: 14px;\">100GB Bandwidth</span></p><p style=\"text-align: center;\" data-mce-style=\"text-align: center;\"><span style=\"color: #73777f; font-size: 14px;\" data-mce-style=\"color: #73777f; font-size: 14px;\">Premium Support</span></p>","pbPricingHeaderTextColor":"#73777f","pbPricingHeaderBgColor":"#fff","pbPricingHeaderTextSize":"14","pbPricingBorderWidth":"0","pbPricingBorderColor":"#ffffff","pbPricingButtonSectionBgColor":"#fff","pricingbtnText":"BUY NOW","pricingbtnLink":"#","pricingbtnTextColor":"#239ddb","pricingbtnFontSize":"18","pricingbtnFontSizeTablet":"","pricingbtnFontSizeMobile":"","pricingbtnBgColor":"rgba(35,157,219,0)","pricingbtnWidth":"40","pricingbtnWidthUnit":"%","pricingbtnWidthUnitTablet":"%","pricingbtnWidthUnitMobile":"%","pricingbtnHeight":"13","pricingbtnHeightTablet":"","pricingbtnHeightMobile":"","pricingbtnHoverBgColor":"#239ddb","pricingbtnHoverTextColor":"#ffffff","pricingbtnBlankAttr":"_blank","pricingbtnBorderColor":"#239ddb","pricingbtnBorderWidth":"2","pricingbtnBorderRadius":"2","pricingbtnButtonAlignment":"center","pricingbtnButtonAlignmentTablet":"default","pricingbtnButtonAlignmentMobile":"default","pricingbtnButtonFontFamily":"Mako","pricingbtnSelectedIcon":"","pricingbtnIconPosition":"before","pricingbtnIconAnimation":"","pricingbtnIconGap":""},"widgetBorderRadius":""}],"columnOptions":{"bg_color":"transparent","margin":{"columnMarginTop":"0","columnMarginBottom":"0","columnMarginLeft":"0","columnMarginRight":"1"},"padding":{"columnPaddingTop":"0","columnPaddingBottom":"0","columnPaddingLeft":"0","columnPaddingRight":"0"},"paddingTablet":{"rPTT":"","rPBT":"","rPLT":"","rPRT":""},"paddingMobile":{"rPTM":"","rPBM":"","rPLM":"","rPRM":""},"marginTablet":{"rMTT":"","rMBT":"","rMLT":"","rMRT":""},"marginMobile":{"rMTM":"","rMBM":"","rMLM":"","rMRM":""},"width":"23","widthTablet":"","widthMobile":"","columnCSS":"/* Add column custom styling here */","columnCustomClass":"","colHideOnDesktop":null,"colHideOnTablet":null,"colHideOnMobile":null,"colBoxShadow":{"colBoxShadowH":"","colBoxShadowV":"","colBoxShadowBlur":"","colBoxShadowColor":""},"colBorder":{"colBorderWidth":"2","colBorderStyle":"solid","colBorderColor":"#66738D","colBorderRadius":"0"},"colBgImg":"","colBackgroundType":"solid","colGradient":{"colGradientColorFirst":"#dd9933","colGradientLocationFirst":"55","colGradientColorSecond":"#eeee22","colGradientLocationSecond":"50","colGradientType":"linear","colGradientPosition":"top left","colGradientAngle":"135"},"colHoverOptions":{"colBgColorHover":"","colHoverTransitionDuration":"","colGradientHover":{"colGradientColorFirstHover":"","colGradientLocationFirstHover":"","colGradientColorSecondHover":"","colGradientLocationSecondHover":"","colGradientTypeHover":"linear","colGradientPositionHover":"top left","colGradientAngleHover":""}}}},"column5":{"colWidgets":[],"columnOptions":{"bg_color":"transparent","margin":{"columnMarginTop":0,"columnMarginBottom":0,"columnMarginLeft":0,"columnMarginRight":0},"padding":{"columnPaddingTop":0,"columnPaddingBottom":0,"columnPaddingLeft":0,"columnPaddingRight":0},"paddingTablet":{"rPTT":"","rPBT":"","rPLT":"","rPRT":""},"paddingMobile":{"rPTM":"","rPBM":"","rPLM":"","rPRM":""},"marginTablet":{"rMTT":"","rMBT":"","rMLT":"","rMRT":""},"marginMobile":{"rMTM":"","rMBM":"","rMLM":"","rMRM":""},"width":"","widthTablet":"","widthMobile":"","columnCSS":"/* Add column custom styling here */","columnCustomClass":"","colHideOnDesktop":"","colHideOnTablet":"","colHideOnMobile":"","colBoxShadow":{"colBoxShadowH":"","colBoxShadowV":"","colBoxShadowBlur":"","colBoxShadowColor":""},"colBgImg":"","colBackgroundType":"solid","colGradient":{"colGradientColorFirst":"#dd9933","colGradientLocationFirst":"55","colGradientColorSecond":"#eeee22","colGradientLocationSecond":"50","colGradientType":"linear","colGradientPosition":"top left","colGradientAngle":"135"},"colHoverOptions":{"colBgColorHover":"","colBackgroundTypeHover":"","colHoverTransitionDuration":"","colGradientHover":{"colGradientColorFirstHover":"","colGradientLocationFirstHover":"","colGradientColorSecondHover":"","colGradientLocationSecondHover":"","colGradientTypeHover":"linear","colGradientPositionHover":"top left","colGradientAngleHover":""}}}},"column6":{"colWidgets":[],"columnOptions":{"bg_color":"transparent","margin":{"columnMarginTop":0,"columnMarginBottom":0,"columnMarginLeft":0,"columnMarginRight":0},"padding":{"columnPaddingTop":0,"columnPaddingBottom":0,"columnPaddingLeft":0,"columnPaddingRight":0},"paddingTablet":{"rPTT":"","rPBT":"","rPLT":"","rPRT":""},"paddingMobile":{"rPTM":"","rPBM":"","rPLM":"","rPRM":""},"marginTablet":{"rMTT":"","rMBT":"","rMLT":"","rMRT":""},"marginMobile":{"rMTM":"","rMBM":"","rMLM":"","rMRM":""},"width":"","widthTablet":"","widthMobile":"","columnCSS":"/* Add column custom styling here */","columnCustomClass":"","colHideOnDesktop":"","colHideOnTablet":"","colHideOnMobile":"","colBoxShadow":{"colBoxShadowH":"","colBoxShadowV":"","colBoxShadowBlur":"","colBoxShadowColor":""},"colBgImg":"","colBackgroundType":"solid","colGradient":{"colGradientColorFirst":"#dd9933","colGradientLocationFirst":"55","colGradientColorSecond":"#eeee22","colGradientLocationSecond":"50","colGradientType":"linear","colGradientPosition":"top left","colGradientAngle":"135"},"colHoverOptions":{"colBgColorHover":"","colBackgroundTypeHover":"","colHoverTransitionDuration":"","colGradientHover":{"colGradientColorFirstHover":"","colGradientLocationFirstHover":"","colGradientColorSecondHover":"","colGradientLocationSecondHover":"","colGradientTypeHover":"linear","colGradientPositionHover":"top left","colGradientAngleHover":""}}}},"column7":{"colWidgets":[],"columnOptions":{"bg_color":"transparent","margin":{"columnMarginTop":0,"columnMarginBottom":0,"columnMarginLeft":0,"columnMarginRight":0},"padding":{"columnPaddingTop":0,"columnPaddingBottom":0,"columnPaddingLeft":0,"columnPaddingRight":0},"paddingTablet":{"rPTT":"","rPBT":"","rPLT":"","rPRT":""},"paddingMobile":{"rPTM":"","rPBM":"","rPLM":"","rPRM":""},"marginTablet":{"rMTT":"","rMBT":"","rMLT":"","rMRT":""},"marginMobile":{"rMTM":"","rMBM":"","rMLM":"","rMRM":""},"width":"","widthTablet":"","widthMobile":"","columnCSS":"/* Add column custom styling here */","columnCustomClass":"","colHideOnDesktop":"","colHideOnTablet":"","colHideOnMobile":"","colBoxShadow":{"colBoxShadowH":"","colBoxShadowV":"","colBoxShadowBlur":"","colBoxShadowColor":""},"colBgImg":"","colBackgroundType":"solid","colGradient":{"colGradientColorFirst":"#dd9933","colGradientLocationFirst":"55","colGradientColorSecond":"#eeee22","colGradientLocationSecond":"50","colGradientType":"linear","colGradientPosition":"top left","colGradientAngle":"135"},"colHoverOptions":{"colBgColorHover":"","colBackgroundTypeHover":"","colHoverTransitionDuration":"","colGradientHover":{"colGradientColorFirstHover":"","colGradientLocationFirstHover":"","colGradientColorSecondHover":"","colGradientLocationSecondHover":"","colGradientTypeHover":"linear","colGradientPositionHover":"top left","colGradientAngleHover":""}}}},"column8":{"colWidgets":[],"columnOptions":{"bg_color":"transparent","margin":{"columnMarginTop":0,"columnMarginBottom":0,"columnMarginLeft":0,"columnMarginRight":0},"padding":{"columnPaddingTop":0,"columnPaddingBottom":0,"columnPaddingLeft":0,"columnPaddingRight":0},"paddingTablet":{"rPTT":"","rPBT":"","rPLT":"","rPRT":""},"paddingMobile":{"rPTM":"","rPBM":"","rPLM":"","rPRM":""},"marginTablet":{"rMTT":"","rMBT":"","rMLT":"","rMRT":""},"marginMobile":{"rMTM":"","rMBM":"","rMLM":"","rMRM":""},"width":"","widthTablet":"","widthMobile":"","columnCSS":"/* Add column custom styling here */","columnCustomClass":"","colHideOnDesktop":"","colHideOnTablet":"","colHideOnMobile":"","colBoxShadow":{"colBoxShadowH":"","colBoxShadowV":"","colBoxShadowBlur":"","colBoxShadowColor":""},"colBgImg":"","colBackgroundType":"solid","colGradient":{"colGradientColorFirst":"#dd9933","colGradientLocationFirst":"55","colGradientColorSecond":"#eeee22","colGradientLocationSecond":"50","colGradientType":"linear","colGradientPosition":"top left","colGradientAngle":"135"},"colHoverOptions":{"colBgColorHover":"","colBackgroundTypeHover":"","colHoverTransitionDuration":"","colGradientHover":{"colGradientColorFirstHover":"","colGradientLocationFirstHover":"","colGradientColorSecondHover":"","colGradientLocationSecondHover":"","colGradientTypeHover":"linear","colGradientPositionHover":"top left","colGradientAngleHover":""}}}}}