{"rowID":"ulpb_Row149031","rowHeight":"100","rowHeightUnit":"px","rowHeightTablet":"","rowHeightUnitTablet":null,"rowHeightMobile":"","rowHeightUnitMobile":null,"columns":"2","columnsDivRule":"none","rowData":{"rowCustomClass":"","bg_color":"#e0e0e0","bg_img":"","margin":{"rowMarginTop":"0","rowMarginBottom":"0","rowMarginLeft":"0","rowMarginRight":"0"},"marginTablet":{"rMTT":"","rMBT":"","rMLT":"","rMRT":""},"marginMobile":{"rMTM":"","rMBM":"","rMLM":"","rMRM":""},"padding":{"rowPaddingTop":"5","rowPaddingBottom":"5","rowPaddingLeft":"20","rowPaddingRight":"20"},"paddingTablet":{"rPTT":"","rPBT":"","rPLT":"5","rPRT":"5"},"paddingMobile":{"rPTM":"","rPBM":"","rPLM":"5","rPRM":"5"},"video":{"rowBgVideoEnable":"false","rowBgVideoLoop":"loop","rowVideoMpfour":" ","rowVideoWebM":" ","rowVideoThumb":" "},"customStyling":"/* Insert your custom CSS for this row here. */","customJS":" ","rowBackgroundType":"solid","rowBackgroundParallax":"false","rowGradient":{"rowGradientColorFirst":"#dd9933","rowGradientLocationFirst":"40","rowGradientColorSecond":"#eeee22","rowGradientLocationSecond":"60","rowGradientType":"linear","rowGradientPosition":"top left","rowGradientAngle":"135"},"rowHoverOptions":{"rowBgColorHover":"","rowHoverTransitionDuration":"","rowGradientHover":{"rowGradientColorFirstHover":"","rowGradientLocationFirstHover":"","rowGradientColorSecondHover":"","rowGradientLocationSecondHover":"","rowGradientTypeHover":null,"rowGradientPositionHover":null,"rowGradientAngleHover":""}},"rowOverlayGradient":{"rowOverlayGradientColorFirst":"","rowOverlayGradientLocationFirst":"","rowOverlayGradientColorSecond":"","rowOverlayGradientLocationSecond":"","rowOverlayGradientType":null,"rowOverlayGradientPosition":null,"rowOverlayGradientAngle":""},"rowBgOverlayColor":"","rowHideOnDesktop":null,"rowHideOnTablet":null,"rowHideOnMobile":null,"bgSTop":{"rbgstType":"none","rbgstColor":"#fff","rbgstWidth":"100","rbgstWidtht":"","rbgstWidthm":"","rbgstHeight":"200","rbgstHeightt":"","rbgstHeightm":"","rbgstFlipped":"false","rbgstFront":"false"},"bgSBottom":{"rbgsbType":"none","rbgsbColor":"#fff","rbgsbWidth":"100","rbgsbWidtht":"","rbgsbWidthm":"","rbgsbHeight":"200","rbgsbHeightt":"","rbgsbHeightm":"","rbgsbFlipped":"false","rbgsbFront":"false"}},"column1":{"colWidgets":[{"widgetType":"wigt-pb-text","widgetStyling":"/* Custom CSS for widget here. */","widgetMtop":"0","widgetMleft":"0","widgetMbottom":"0","widgetMright":"0","widgetPtop":"0","widgetPleft":"0","widgetPbottom":"0","widgetPright":"0","widgetPaddingTablet":{"rPTT":"","rPBT":"","rPLT":"","rPRT":""},"widgetPaddingMobile":{"rPTM":"","rPBM":"","rPLM":"","rPRM":""},"widgetMarginTablet":{"rMTT":"","rMBT":"","rMLT":"","rMRT":""},"widgetMarginMobile":{"rMTM":"","rMBM":"","rMLM":"","rMRM":""},"widgetBgColor":"transparent","widgetAnimation":"","widgetBorderWidth":"","widgetBorderStyle":null,"widgetBorderColor":"","widgetBoxShadowH":"","widgetBoxShadowV":"","widgetBoxShadowBlur":"","widgetBoxShadowColor":"","widgetIsInline":null,"widgetIsInlineTablet":null,"widgetIsInlineMobile":null,"widgetCustomClass":"","widgBgImg":"","widgBackgroundType":"solid","widgGradient":{"widgGradientColorFirst":"#dd9933","widgGradientLocationFirst":"55","widgGradientColorSecond":"#eeee22","widgGradientLocationSecond":"50","widgGradientType":"linear","widgGradientPosition":"top left","widgGradientAngle":"135"},"widgHoverOptions":{"widgBgColorHover":"","widgHoverTransitionDuration":"","widgetHoverAnimation":"","widgGradientHover":{"widgGradientColorFirstHover":"","widgGradientLocationFirstHover":"","widgGradientColorSecondHover":"","widgGradientLocationSecondHover":"","widgGradientTypeHover":"linear","widgGradientPositionHover":"top left","widgGradientAngleHover":""}},"widgHideOnDesktop":null,"widgHideOnTablet":null,"widgHideOnMobile":null,"widgetText":{"widgetTextContent":"DEMO VERSION","widgetTextAlignment":"center","widgetTextAlignmentTablet":null,"widgetTextAlignmentMobile":null,"widgetTextTag":"p","widgetTextColor":"#333","widgetTextSize":"14","widgetTextFamily":"select","widgetTextWeight":"200","widgetTextTransform":null,"widgetTextLineHeight":"","widgetTextSpacing":"2","widgetTextBold":true,"widgetTextItalic":false,"widgetTextUnderlined":false,"widgetTextSizeTablet":"14","widgetTextSizeMobile":"14","widgetTextLineHeightTablet":"","widgetTextLineHeightMobile":"","widgetTextSpacingTablet":"","widgetTextSpacingMobile":""},"borderRadius":{"wbrt":"","wbrb":"","wbrl":"","wbrr":""},"borderWidth":{"wbwt":"","wbwb":"","wbwl":"","wbwr":""}},{"widgetType":"wigt-pb-text","widgetStyling":"/* Custom CSS for widget here. */","widgetMtop":"0","widgetMleft":"0","widgetMbottom":"0","widgetMright":"0","widgetPtop":"0","widgetPleft":"0","widgetPbottom":"0","widgetPright":"0","widgetPaddingTablet":{"rPTT":"","rPBT":"","rPLT":"","rPRT":""},"widgetPaddingMobile":{"rPTM":"","rPBM":"","rPLM":"","rPRM":""},"widgetMarginTablet":{"rMTT":"","rMBT":"","rMLT":"","rMRT":""},"widgetMarginMobile":{"rMTM":"","rMBM":"","rMLM":"","rMRM":""},"widgetBgColor":"transparent","widgetAnimation":"","widgetBorderWidth":"","widgetBorderStyle":null,"widgetBorderColor":"","widgetBoxShadowH":"","widgetBoxShadowV":"","widgetBoxShadowBlur":"","widgetBoxShadowColor":"","widgetIsInline":null,"widgetIsInlineTablet":null,"widgetIsInlineMobile":null,"widgetCustomClass":"","widgBgImg":"","widgBackgroundType":"solid","widgGradient":{"widgGradientColorFirst":"#dd9933","widgGradientLocationFirst":"55","widgGradientColorSecond":"#eeee22","widgGradientLocationSecond":"50","widgGradientType":"linear","widgGradientPosition":"top left","widgGradientAngle":"135"},"widgHoverOptions":{"widgBgColorHover":"","widgHoverTransitionDuration":"","widgetHoverAnimation":"","widgGradientHover":{"widgGradientColorFirstHover":"","widgGradientLocationFirstHover":"","widgGradientColorSecondHover":"","widgGradientLocationSecondHover":"","widgGradientTypeHover":"linear","widgGradientPositionHover":"top left","widgGradientAngleHover":""}},"widgHideOnDesktop":null,"widgHideOnTablet":null,"widgHideOnMobile":null,"widgetText":{"widgetTextContent":"Lorem ismut dolor ismet, Serive ustu kel","widgetTextAlignment":"center","widgetTextAlignmentTablet":null,"widgetTextAlignmentMobile":null,"widgetTextTag":"p","widgetTextColor":"#333","widgetTextSize":"15","widgetTextFamily":"sans-serif","widgetTextWeight":"200","widgetTextTransform":null,"widgetTextLineHeight":"","widgetTextSpacing":"","widgetTextBold":false,"widgetTextItalic":false,"widgetTextUnderlined":false,"widgetTextSizeTablet":"15","widgetTextSizeMobile":"15","widgetTextLineHeightTablet":"","widgetTextLineHeightMobile":"","widgetTextSpacingTablet":"","widgetTextSpacingMobile":""},"borderRadius":{"wbrt":"","wbrb":"","wbrl":"","wbrr":""},"borderWidth":{"wbwt":"","wbwb":"","wbwl":"","wbwr":""}},{"widgetType":"wigt-pb-text","widgetStyling":"/* Custom CSS for widget here. */","widgetMtop":"0","widgetMleft":"0","widgetMbottom":"0","widgetMright":"0","widgetPtop":"0","widgetPleft":"0","widgetPbottom":"0","widgetPright":"0","widgetPaddingTablet":{"rPTT":"","rPBT":"","rPLT":"","rPRT":""},"widgetPaddingMobile":{"rPTM":"","rPBM":"","rPLM":"","rPRM":""},"widgetMarginTablet":{"rMTT":"","rMBT":"","rMLT":"","rMRT":""},"widgetMarginMobile":{"rMTM":"","rMBM":"","rMLM":"","rMRM":""},"widgetBgColor":"transparent","widgetAnimation":"","widgetBorderStyle":null,"widgetBorderColor":"","widgetBoxShadowH":"","widgetBoxShadowV":"","widgetBoxShadowBlur":"","widgetBoxShadowColor":"","widgetIsInline":null,"widgetIsInlineTablet":null,"widgetIsInlineMobile":null,"widgetCustomClass":"","widgBgImg":"","widgGradient":{"widgGradientColorFirst":"#dd9933","widgGradientLocationFirst":"55","widgGradientColorSecond":"#eeee22","widgGradientLocationSecond":"50","widgGradientType":"linear","widgGradientPosition":"top left","widgGradientAngle":"135"},"widgHoverOptions":{"widgBgColorHover":"","widgHoverTransitionDuration":"","widgetHoverAnimation":"","widgGradientHover":{"widgGradientColorFirstHover":"","widgGradientLocationFirstHover":"","widgGradientColorSecondHover":"","widgGradientLocationSecondHover":"","widgGradientTypeHover":"linear","widgGradientPositionHover":"top left","widgGradientAngleHover":""}},"widgHideOnDesktop":null,"widgHideOnTablet":null,"widgHideOnMobile":null,"widgetText":{"widgetTextContent":"FREE","widgetTextAlignment":"center","widgetTextAlignmentTablet":null,"widgetTextAlignmentMobile":null,"widgetTextTag":"h3","widgetTextColor":"#061328","widgetTextSize":"40","widgetTextFamily":"Candal","widgetTextWeight":"","widgetTextTransform":"uppercase","widgetTextLineHeight":"1","widgetTextSpacing":"1","widgetTextBold":true,"widgetTextItalic":false,"widgetTextUnderlined":false,"widgetTextSizeTablet":"40","widgetTextSizeMobile":"35","widgetTextLineHeightTablet":"","widgetTextLineHeightMobile":"","widgetTextSpacingTablet":"","widgetTextSpacingMobile":""},"borderRadius":{"wbrt":"","wbrb":"","wbrl":"","wbrr":""},"borderWidth":{"wbwt":"","wbwb":"","wbwl":"","wbwr":""}},{"widgetType":"wigt-btn-gen","widgetStyling":"/* Custom CSS for widget here. */","widgetMtop":"0","widgetMleft":"0","widgetMbottom":"0","widgetMright":"0","widgetPtop":"0","widgetPleft":"0","widgetPbottom":"0","widgetPright":"0","widgetPaddingTablet":{"rPTT":"","rPBT":"","rPLT":"","rPRT":""},"widgetPaddingMobile":{"rPTM":"","rPBM":"","rPLM":"","rPRM":""},"widgetMarginTablet":{"rMTT":"","rMBT":"","rMLT":"","rMRT":""},"widgetMarginMobile":{"rMTM":"","rMBM":"","rMLM":"","rMRM":""},"widgetBgColor":"transparent","widgetAnimation":"","widgetBorderWidth":"","widgetBorderStyle":null,"widgetBorderColor":"","widgetBoxShadowH":"","widgetBoxShadowV":"","widgetBoxShadowBlur":"","widgetBoxShadowColor":"","widgetIsInline":null,"widgetIsInlineTablet":null,"widgetIsInlineMobile":null,"widgetCustomClass":"","widgBgImg":"","widgBackgroundType":"solid","widgGradient":{"widgGradientColorFirst":"#dd9933","widgGradientLocationFirst":"55","widgGradientColorSecond":"#eeee22","widgGradientLocationSecond":"50","widgGradientType":"linear","widgGradientPosition":"top left","widgGradientAngle":"135"},"widgHoverOptions":{"widgBgColorHover":"","widgHoverTransitionDuration":"","widgetHoverAnimation":"","widgGradientHover":{"widgGradientColorFirstHover":"","widgGradientLocationFirstHover":"","widgGradientColorSecondHover":"","widgGradientLocationSecondHover":"","widgGradientTypeHover":"linear","widgGradientPositionHover":"top left","widgGradientAngleHover":""}},"widgHideOnDesktop":null,"widgHideOnTablet":null,"widgHideOnMobile":null,"widgetButton":{"btnText":"  Get Now  ","btnLink":"https://pluginops.com/page-builder/?ref=LPBTempButton","btnTextColor":"#fff","btnFontSize":"16","btnFontSizeTablet":"","btnFontSizeMobile":"","btnBgColor":"#071530","btnWidthPercent":"35","btnWidthPercentTablet":"200","btnWidthPercentMobile":"200","btnWidthUnit":"%","btnWidthUnitTablet":"px","btnWidthUnitMobile":"px","btnHeight":"15","btnHeightTablet":"","btnHeightMobile":"","btnHoverBgColor":"#071530","btnHoverTextColor":"","btnBlankAttr":"_self","btnBorderColor":"#d9534f","btnBorderWidth":"0","btnBorderRadius":"50","btnButtonAlignment":"center","btnButtonAlignmentTablet":null,"btnButtonAlignmentMobile":null,"btnButtonFontFamily":"Lato","btnSelectedIcon":"fa fa-arrow-right","btnIconPosition":"after","btnIconAnimation":"","btnIconGap":"5"},"borderRadius":{"wbrt":"","wbrb":"","wbrl":"","wbrr":""},"borderWidth":{"wbwt":"","wbwb":"","wbwl":"","wbwr":""}}],"columnOptions":{"bg_color":"#ffffff","margin":{"columnMarginTop":"3","columnMarginBottom":"0","columnMarginLeft":"0","columnMarginRight":"0"},"padding":{"columnPaddingTop":"2","columnPaddingBottom":"3","columnPaddingLeft":"0","columnPaddingRight":"0"},"paddingTablet":{"rPTT":"2","rPBT":"2","rPLT":"","rPRT":""},"paddingMobile":{"rPTM":"","rPBM":"","rPLM":"","rPRM":""},"marginTablet":{"rMTT":"5","rMBT":"","rMLT":"","rMRT":""},"marginMobile":{"rMTM":"5","rMBM":"","rMLM":"","rMRM":""},"width":"","widthTablet":"49","widthMobile":"","columnCSS":"/* Add column custom styling here */","columnCustomClass":"","colHideOnDesktop":null,"colHideOnTablet":null,"colHideOnMobile":null,"colBoxShadow":{"colBoxShadowH":"0","colBoxShadowV":"20","colBoxShadowBlur":"40","colBoxShadowColor":"rgba(122,122,122,0.66)"},"colBorder":{"colBorderWidth":"","colBorderStyle":null,"colBorderColor":"","colBorderRadius":"5"},"colBgImg":"","colBackgroundType":"solid","colGradient":{"colGradientColorFirst":"#dd9933","colGradientLocationFirst":"55","colGradientColorSecond":"#eeee22","colGradientLocationSecond":"50","colGradientType":"linear","colGradientPosition":"top left","colGradientAngle":"135"},"colHoverOptions":{"colBgColorHover":"","colHoverTransitionDuration":"","colGradientHover":{"colGradientColorFirstHover":"","colGradientLocationFirstHover":"","colGradientColorSecondHover":"","colGradientLocationSecondHover":"","colGradientTypeHover":"linear","colGradientPositionHover":"top left","colGradientAngleHover":""}}}},"column2":{"colWidgets":[{"widgetType":"wigt-pb-text","widgetStyling":"/* Custom CSS for widget here. */","widgetMtop":"0","widgetMleft":"0","widgetMbottom":"0","widgetMright":"0","widgetPtop":"0","widgetPleft":"0","widgetPbottom":"0","widgetPright":"0","widgetPaddingTablet":{"rPTT":"","rPBT":"","rPLT":"","rPRT":""},"widgetPaddingMobile":{"rPTM":"","rPBM":"","rPLM":"","rPRM":""},"widgetMarginTablet":{"rMTT":"","rMBT":"","rMLT":"","rMRT":""},"widgetMarginMobile":{"rMTM":"","rMBM":"","rMLM":"","rMRM":""},"widgetBgColor":"transparent","widgetAnimation":null,"widgetBorderWidth":"","widgetBorderStyle":null,"widgetBorderColor":"","widgetBoxShadowH":"","widgetBoxShadowV":"","widgetBoxShadowBlur":"","widgetBoxShadowColor":"","widgetIsInline":null,"widgetIsInlineTablet":null,"widgetIsInlineMobile":null,"widgetCustomClass":"","widgBgImg":"","widgBackgroundType":"solid","widgGradient":{"widgGradientColorFirst":"#dd9933","widgGradientLocationFirst":"55","widgGradientColorSecond":"#eeee22","widgGradientLocationSecond":"50","widgGradientType":"linear","widgGradientPosition":"top left","widgGradientAngle":"135"},"widgHoverOptions":{"widgBgColorHover":"","widgHoverTransitionDuration":"","widgetHoverAnimation":"","widgGradientHover":{"widgGradientColorFirstHover":"","widgGradientLocationFirstHover":"","widgGradientColorSecondHover":"","widgGradientLocationSecondHover":"","widgGradientTypeHover":"linear","widgGradientPositionHover":"top left","widgGradientAngleHover":""}},"widgHideOnDesktop":null,"widgHideOnTablet":null,"widgHideOnMobile":null,"widgetText":{"widgetTextContent":" PRO VERSION ","widgetTextAlignment":"center","widgetTextAlignmentTablet":null,"widgetTextAlignmentMobile":null,"widgetTextTag":"p","widgetTextColor":"#333","widgetTextSize":"14","widgetTextFamily":"select","widgetTextWeight":"200","widgetTextTransform":null,"widgetTextLineHeight":"","widgetTextSpacing":"2","widgetTextBold":true,"widgetTextItalic":false,"widgetTextUnderlined":false,"widgetTextSizeTablet":"14","widgetTextSizeMobile":"14","widgetTextLineHeightTablet":"","widgetTextLineHeightMobile":"","widgetTextSpacingTablet":"","widgetTextSpacingMobile":""},"borderRadius":{"wbrt":"","wbrb":"","wbrl":"","wbrr":""},"borderWidth":{"wbwt":"","wbwb":"","wbwl":"","wbwr":""}},{"widgetType":"wigt-pb-text","widgetStyling":"/* Custom CSS for widget here. */","widgetMtop":"0","widgetMleft":"0","widgetMbottom":"0","widgetMright":"0","widgetPtop":"0","widgetPleft":"0","widgetPbottom":"0","widgetPright":"0","widgetPaddingTablet":{"rPTT":"","rPBT":"","rPLT":"","rPRT":""},"widgetPaddingMobile":{"rPTM":"","rPBM":"","rPLM":"","rPRM":""},"widgetMarginTablet":{"rMTT":"","rMBT":"","rMLT":"","rMRT":""},"widgetMarginMobile":{"rMTM":"","rMBM":"","rMLM":"","rMRM":""},"widgetBgColor":"transparent","widgetAnimation":"","widgetBorderWidth":"","widgetBorderStyle":null,"widgetBorderColor":"","widgetBoxShadowH":"","widgetBoxShadowV":"","widgetBoxShadowBlur":"","widgetBoxShadowColor":"","widgetIsInline":null,"widgetIsInlineTablet":null,"widgetIsInlineMobile":null,"widgetCustomClass":"","widgBgImg":"","widgBackgroundType":"solid","widgGradient":{"widgGradientColorFirst":"#dd9933","widgGradientLocationFirst":"55","widgGradientColorSecond":"#eeee22","widgGradientLocationSecond":"50","widgGradientType":"linear","widgGradientPosition":"top left","widgGradientAngle":"135"},"widgHoverOptions":{"widgBgColorHover":"","widgHoverTransitionDuration":"","widgetHoverAnimation":"","widgGradientHover":{"widgGradientColorFirstHover":"","widgGradientLocationFirstHover":"","widgGradientColorSecondHover":"","widgGradientLocationSecondHover":"","widgGradientTypeHover":"linear","widgGradientPositionHover":"top left","widgGradientAngleHover":""}},"widgHideOnDesktop":null,"widgHideOnTablet":null,"widgHideOnMobile":null,"widgetText":{"widgetTextContent":"  Lorem ismut dolor ismet, Serive ustu <br>kel dolor ismet ","widgetTextAlignment":"center","widgetTextAlignmentTablet":null,"widgetTextAlignmentMobile":null,"widgetTextTag":"p","widgetTextColor":"#333","widgetTextSize":"15","widgetTextFamily":"sans-serif","widgetTextWeight":"200","widgetTextTransform":null,"widgetTextLineHeight":"","widgetTextSpacing":"","widgetTextBold":false,"widgetTextItalic":false,"widgetTextUnderlined":false,"widgetTextSizeTablet":"15","widgetTextSizeMobile":"15","widgetTextLineHeightTablet":"","widgetTextLineHeightMobile":"","widgetTextSpacingTablet":"","widgetTextSpacingMobile":""},"borderRadius":{"wbrt":"","wbrb":"","wbrl":"","wbrr":""},"borderWidth":{"wbwt":"","wbwb":"","wbwl":"","wbwr":""}},{"widgetType":"wigt-pb-text","widgetStyling":"/* Custom CSS for widget here. */","widgetMtop":"0","widgetMleft":"0","widgetMbottom":"0","widgetMright":"0","widgetPtop":"0","widgetPleft":"0","widgetPbottom":"0","widgetPright":"0","widgetPaddingTablet":{"rPTT":"","rPBT":"","rPLT":"","rPRT":""},"widgetPaddingMobile":{"rPTM":"","rPBM":"","rPLM":"","rPRM":""},"widgetMarginTablet":{"rMTT":"","rMBT":"","rMLT":"","rMRT":""},"widgetMarginMobile":{"rMTM":"","rMBM":"","rMLM":"","rMRM":""},"widgetBgColor":"transparent","widgetAnimation":"","widgetBorderStyle":null,"widgetBorderColor":"","widgetBoxShadowH":"","widgetBoxShadowV":"","widgetBoxShadowBlur":"","widgetBoxShadowColor":"","widgetIsInline":null,"widgetIsInlineTablet":null,"widgetIsInlineMobile":null,"widgetCustomClass":"","widgBgImg":"","widgGradient":{"widgGradientColorFirst":"#dd9933","widgGradientLocationFirst":"55","widgGradientColorSecond":"#eeee22","widgGradientLocationSecond":"50","widgGradientType":"linear","widgGradientPosition":"top left","widgGradientAngle":"135"},"widgHoverOptions":{"widgBgColorHover":"","widgHoverTransitionDuration":"","widgetHoverAnimation":"","widgGradientHover":{"widgGradientColorFirstHover":"","widgGradientLocationFirstHover":"","widgGradientColorSecondHover":"","widgGradientLocationSecondHover":"","widgGradientTypeHover":"linear","widgGradientPositionHover":"top left","widgGradientAngleHover":""}},"widgHideOnDesktop":null,"widgHideOnTablet":null,"widgHideOnMobile":null,"widgetText":{"widgetTextContent":"$99","widgetTextAlignment":"center","widgetTextAlignmentTablet":null,"widgetTextAlignmentMobile":null,"widgetTextTag":"h3","widgetTextColor":"#25e9f7","widgetTextSize":"50","widgetTextFamily":"Candal","widgetTextWeight":"","widgetTextTransform":"uppercase","widgetTextLineHeight":"1","widgetTextSpacing":"1","widgetTextBold":true,"widgetTextItalic":false,"widgetTextUnderlined":false,"widgetTextSizeTablet":"40","widgetTextSizeMobile":"35","widgetTextLineHeightTablet":"","widgetTextLineHeightMobile":"","widgetTextSpacingTablet":"","widgetTextSpacingMobile":""},"borderRadius":{"wbrt":"","wbrb":"","wbrl":"","wbrr":""},"borderWidth":{"wbwt":"","wbwb":"","wbwl":"","wbwr":""}},{"widgetType":"wigt-btn-gen","widgetStyling":"/* Custom CSS for widget here. */","widgetMtop":"0","widgetMleft":"0","widgetMbottom":"0","widgetMright":"0","widgetPtop":"0","widgetPleft":"0","widgetPbottom":"0","widgetPright":"0","widgetPaddingTablet":{"rPTT":"","rPBT":"","rPLT":"","rPRT":""},"widgetPaddingMobile":{"rPTM":"","rPBM":"","rPLM":"","rPRM":""},"widgetMarginTablet":{"rMTT":"","rMBT":"","rMLT":"","rMRT":""},"widgetMarginMobile":{"rMTM":"","rMBM":"","rMLM":"","rMRM":""},"widgetBgColor":"transparent","widgetAnimation":"","widgetBorderWidth":"","widgetBorderStyle":null,"widgetBorderColor":"","widgetBoxShadowH":"","widgetBoxShadowV":"","widgetBoxShadowBlur":"","widgetBoxShadowColor":"","widgetIsInline":null,"widgetIsInlineTablet":null,"widgetIsInlineMobile":null,"widgetCustomClass":"","widgBgImg":"","widgBackgroundType":"solid","widgGradient":{"widgGradientColorFirst":"#dd9933","widgGradientLocationFirst":"55","widgGradientColorSecond":"#eeee22","widgGradientLocationSecond":"50","widgGradientType":"linear","widgGradientPosition":"top left","widgGradientAngle":"135"},"widgHoverOptions":{"widgBgColorHover":"","widgHoverTransitionDuration":"","widgetHoverAnimation":"","widgGradientHover":{"widgGradientColorFirstHover":"","widgGradientLocationFirstHover":"","widgGradientColorSecondHover":"","widgGradientLocationSecondHover":"","widgGradientTypeHover":"linear","widgGradientPositionHover":"top left","widgGradientAngleHover":""}},"widgHideOnDesktop":null,"widgHideOnTablet":null,"widgHideOnMobile":null,"widgetButton":{"btnText":"Buy The Pro Version","btnLink":"https://pluginops.com/page-builder/?ref=LPBTempButton","btnTextColor":"#fff","btnFontSize":"16","btnFontSizeTablet":"","btnFontSizeMobile":"","btnBgColor":"#25e9f7","btnWidthPercent":"50","btnWidthPercentTablet":"200","btnWidthPercentMobile":"200","btnWidthUnit":"%","btnWidthUnitTablet":"px","btnWidthUnitMobile":"px","btnHeight":"15","btnHeightTablet":"","btnHeightMobile":"","btnHoverBgColor":"#21b8dd","btnHoverTextColor":"","btnBlankAttr":"_self","btnBorderColor":"#d9534f","btnBorderWidth":"0","btnBorderRadius":"50","btnButtonAlignment":"center","btnButtonAlignmentTablet":null,"btnButtonAlignmentMobile":null,"btnButtonFontFamily":"Lato","btnSelectedIcon":"fa fa-shopping-cart","btnIconPosition":"after","btnIconAnimation":"","btnIconGap":"5"},"borderRadius":{"wbrt":"","wbrb":"","wbrl":"","wbrr":""},"borderWidth":{"wbwt":"","wbwb":"","wbwl":"","wbwr":""}}],"columnOptions":{"bg_color":"#ffffff","margin":{"columnMarginTop":"0","columnMarginBottom":"0","columnMarginLeft":"0","columnMarginRight":"0"},"padding":{"columnPaddingTop":"5","columnPaddingBottom":"4","columnPaddingLeft":"0","columnPaddingRight":"0"},"paddingTablet":{"rPTT":"8","rPBT":"10","rPLT":"","rPRT":""},"paddingMobile":{"rPTM":"","rPBM":"","rPLM":"","rPRM":""},"marginTablet":{"rMTT":"","rMBT":"","rMLT":"","rMRT":""},"marginMobile":{"rMTM":"5","rMBM":"5","rMLM":"","rMRM":""},"width":"","widthTablet":"49","widthMobile":"","columnCSS":"/* Add column custom styling here */","columnCustomClass":"","colHideOnDesktop":null,"colHideOnTablet":null,"colHideOnMobile":null,"colBoxShadow":{"colBoxShadowH":"0","colBoxShadowV":"20","colBoxShadowBlur":"40","colBoxShadowColor":"rgba(122,122,122,0.66)"},"colBorder":{"colBorderWidth":"","colBorderStyle":null,"colBorderColor":"","colBorderRadius":"5"},"colBgImg":"","colBackgroundType":"solid","colGradient":{"colGradientColorFirst":"#dd9933","colGradientLocationFirst":"55","colGradientColorSecond":"#eeee22","colGradientLocationSecond":"50","colGradientType":"linear","colGradientPosition":"top left","colGradientAngle":"135"},"colHoverOptions":{"colBgColorHover":"","colHoverTransitionDuration":"","colGradientHover":{"colGradientColorFirstHover":"","colGradientLocationFirstHover":"","colGradientColorSecondHover":"","colGradientLocationSecondHover":"","colGradientTypeHover":"linear","colGradientPositionHover":"top left","colGradientAngleHover":""}}}},"column3":{"colWidgets":[],"columnOptions":{"bg_color":"transparent","margin":{"columnMarginTop":0,"columnMarginBottom":0,"columnMarginLeft":0,"columnMarginRight":0},"padding":{"columnPaddingTop":0,"columnPaddingBottom":0,"columnPaddingLeft":0,"columnPaddingRight":0},"paddingTablet":{"rPTT":"","rPBT":"","rPLT":"","rPRT":""},"paddingMobile":{"rPTM":"","rPBM":"","rPLM":"","rPRM":""},"marginTablet":{"rMTT":"","rMBT":"","rMLT":"","rMRT":""},"marginMobile":{"rMTM":"","rMBM":"","rMLM":"","rMRM":""},"width":"","widthTablet":"","widthMobile":"","columnCSS":"/* Add column custom styling here */","columnCustomClass":"","colHideOnDesktop":"","colHideOnTablet":"","colHideOnMobile":"","colBoxShadow":{"colBoxShadowH":"","colBoxShadowV":"","colBoxShadowBlur":"","colBoxShadowColor":""},"colBgImg":"","colBackgroundType":"solid","colGradient":{"colGradientColorFirst":"#dd9933","colGradientLocationFirst":"55","colGradientColorSecond":"#eeee22","colGradientLocationSecond":"50","colGradientType":"linear","colGradientPosition":"top left","colGradientAngle":"135"},"colHoverOptions":{"colBgColorHover":"","colBackgroundTypeHover":"","colHoverTransitionDuration":"","colGradientHover":{"colGradientColorFirstHover":"","colGradientLocationFirstHover":"","colGradientColorSecondHover":"","colGradientLocationSecondHover":"","colGradientTypeHover":"linear","colGradientPositionHover":"top left","colGradientAngleHover":""}}}},"column4":{"colWidgets":[],"columnOptions":{"bg_color":"transparent","margin":{"columnMarginTop":0,"columnMarginBottom":0,"columnMarginLeft":0,"columnMarginRight":0},"padding":{"columnPaddingTop":0,"columnPaddingBottom":0,"columnPaddingLeft":0,"columnPaddingRight":0},"paddingTablet":{"rPTT":"","rPBT":"","rPLT":"","rPRT":""},"paddingMobile":{"rPTM":"","rPBM":"","rPLM":"","rPRM":""},"marginTablet":{"rMTT":"","rMBT":"","rMLT":"","rMRT":""},"marginMobile":{"rMTM":"","rMBM":"","rMLM":"","rMRM":""},"width":"","widthTablet":"","widthMobile":"","columnCSS":"/* Add column custom styling here */","columnCustomClass":"","colHideOnDesktop":"","colHideOnTablet":"","colHideOnMobile":"","colBoxShadow":{"colBoxShadowH":"","colBoxShadowV":"","colBoxShadowBlur":"","colBoxShadowColor":""},"colBgImg":"","colBackgroundType":"solid","colGradient":{"colGradientColorFirst":"#dd9933","colGradientLocationFirst":"55","colGradientColorSecond":"#eeee22","colGradientLocationSecond":"50","colGradientType":"linear","colGradientPosition":"top left","colGradientAngle":"135"},"colHoverOptions":{"colBgColorHover":"","colBackgroundTypeHover":"","colHoverTransitionDuration":"","colGradientHover":{"colGradientColorFirstHover":"","colGradientLocationFirstHover":"","colGradientColorSecondHover":"","colGradientLocationSecondHover":"","colGradientTypeHover":"linear","colGradientPositionHover":"top left","colGradientAngleHover":""}}}},"column5":{"colWidgets":[],"columnOptions":{"bg_color":"transparent","margin":{"columnMarginTop":0,"columnMarginBottom":0,"columnMarginLeft":0,"columnMarginRight":0},"padding":{"columnPaddingTop":0,"columnPaddingBottom":0,"columnPaddingLeft":0,"columnPaddingRight":0},"paddingTablet":{"rPTT":"","rPBT":"","rPLT":"","rPRT":""},"paddingMobile":{"rPTM":"","rPBM":"","rPLM":"","rPRM":""},"marginTablet":{"rMTT":"","rMBT":"","rMLT":"","rMRT":""},"marginMobile":{"rMTM":"","rMBM":"","rMLM":"","rMRM":""},"width":"","widthTablet":"","widthMobile":"","columnCSS":"/* Add column custom styling here */","columnCustomClass":"","colHideOnDesktop":"","colHideOnTablet":"","colHideOnMobile":"","colBoxShadow":{"colBoxShadowH":"","colBoxShadowV":"","colBoxShadowBlur":"","colBoxShadowColor":""},"colBgImg":"","colBackgroundType":"solid","colGradient":{"colGradientColorFirst":"#dd9933","colGradientLocationFirst":"55","colGradientColorSecond":"#eeee22","colGradientLocationSecond":"50","colGradientType":"linear","colGradientPosition":"top left","colGradientAngle":"135"},"colHoverOptions":{"colBgColorHover":"","colBackgroundTypeHover":"","colHoverTransitionDuration":"","colGradientHover":{"colGradientColorFirstHover":"","colGradientLocationFirstHover":"","colGradientColorSecondHover":"","colGradientLocationSecondHover":"","colGradientTypeHover":"linear","colGradientPositionHover":"top left","colGradientAngleHover":""}}}},"column6":{"colWidgets":[],"columnOptions":{"bg_color":"transparent","margin":{"columnMarginTop":0,"columnMarginBottom":0,"columnMarginLeft":0,"columnMarginRight":0},"padding":{"columnPaddingTop":0,"columnPaddingBottom":0,"columnPaddingLeft":0,"columnPaddingRight":0},"paddingTablet":{"rPTT":"","rPBT":"","rPLT":"","rPRT":""},"paddingMobile":{"rPTM":"","rPBM":"","rPLM":"","rPRM":""},"marginTablet":{"rMTT":"","rMBT":"","rMLT":"","rMRT":""},"marginMobile":{"rMTM":"","rMBM":"","rMLM":"","rMRM":""},"width":"","widthTablet":"","widthMobile":"","columnCSS":"/* Add column custom styling here */","columnCustomClass":"","colHideOnDesktop":"","colHideOnTablet":"","colHideOnMobile":"","colBoxShadow":{"colBoxShadowH":"","colBoxShadowV":"","colBoxShadowBlur":"","colBoxShadowColor":""},"colBgImg":"","colBackgroundType":"solid","colGradient":{"colGradientColorFirst":"#dd9933","colGradientLocationFirst":"55","colGradientColorSecond":"#eeee22","colGradientLocationSecond":"50","colGradientType":"linear","colGradientPosition":"top left","colGradientAngle":"135"},"colHoverOptions":{"colBgColorHover":"","colBackgroundTypeHover":"","colHoverTransitionDuration":"","colGradientHover":{"colGradientColorFirstHover":"","colGradientLocationFirstHover":"","colGradientColorSecondHover":"","colGradientLocationSecondHover":"","colGradientTypeHover":"linear","colGradientPositionHover":"top left","colGradientAngleHover":""}}}},"column7":{"colWidgets":[],"columnOptions":{"bg_color":"transparent","margin":{"columnMarginTop":0,"columnMarginBottom":0,"columnMarginLeft":0,"columnMarginRight":0},"padding":{"columnPaddingTop":0,"columnPaddingBottom":0,"columnPaddingLeft":0,"columnPaddingRight":0},"paddingTablet":{"rPTT":"","rPBT":"","rPLT":"","rPRT":""},"paddingMobile":{"rPTM":"","rPBM":"","rPLM":"","rPRM":""},"marginTablet":{"rMTT":"","rMBT":"","rMLT":"","rMRT":""},"marginMobile":{"rMTM":"","rMBM":"","rMLM":"","rMRM":""},"width":"","widthTablet":"","widthMobile":"","columnCSS":"/* Add column custom styling here */","columnCustomClass":"","colHideOnDesktop":"","colHideOnTablet":"","colHideOnMobile":"","colBoxShadow":{"colBoxShadowH":"","colBoxShadowV":"","colBoxShadowBlur":"","colBoxShadowColor":""},"colBgImg":"","colBackgroundType":"solid","colGradient":{"colGradientColorFirst":"#dd9933","colGradientLocationFirst":"55","colGradientColorSecond":"#eeee22","colGradientLocationSecond":"50","colGradientType":"linear","colGradientPosition":"top left","colGradientAngle":"135"},"colHoverOptions":{"colBgColorHover":"","colBackgroundTypeHover":"","colHoverTransitionDuration":"","colGradientHover":{"colGradientColorFirstHover":"","colGradientLocationFirstHover":"","colGradientColorSecondHover":"","colGradientLocationSecondHover":"","colGradientTypeHover":"linear","colGradientPositionHover":"top left","colGradientAngleHover":""}}}},"column8":{"colWidgets":[],"columnOptions":{"bg_color":"transparent","margin":{"columnMarginTop":0,"columnMarginBottom":0,"columnMarginLeft":0,"columnMarginRight":0},"padding":{"columnPaddingTop":0,"columnPaddingBottom":0,"columnPaddingLeft":0,"columnPaddingRight":0},"paddingTablet":{"rPTT":"","rPBT":"","rPLT":"","rPRT":""},"paddingMobile":{"rPTM":"","rPBM":"","rPLM":"","rPRM":""},"marginTablet":{"rMTT":"","rMBT":"","rMLT":"","rMRT":""},"marginMobile":{"rMTM":"","rMBM":"","rMLM":"","rMRM":""},"width":"","widthTablet":"","widthMobile":"","columnCSS":"/* Add column custom styling here */","columnCustomClass":"","colHideOnDesktop":"","colHideOnTablet":"","colHideOnMobile":"","colBoxShadow":{"colBoxShadowH":"","colBoxShadowV":"","colBoxShadowBlur":"","colBoxShadowColor":""},"colBgImg":"","colBackgroundType":"solid","colGradient":{"colGradientColorFirst":"#dd9933","colGradientLocationFirst":"55","colGradientColorSecond":"#eeee22","colGradientLocationSecond":"50","colGradientType":"linear","colGradientPosition":"top left","colGradientAngle":"135"},"colHoverOptions":{"colBgColorHover":"","colBackgroundTypeHover":"","colHoverTransitionDuration":"","colGradientHover":{"colGradientColorFirstHover":"","colGradientLocationFirstHover":"","colGradientColorSecondHover":"","colGradientLocationSecondHover":"","colGradientTypeHover":"linear","colGradientPositionHover":"top left","colGradientAngleHover":""}}}}}