{"rowID":"ulpb_Row195596","rowHeight":"200","rowHeightUnit":"px","rowHeightTablet":"","rowHeightUnitTablet":null,"rowHeightMobile":"","rowHeightUnitMobile":null,"columns":"3","columnsDivRule":"none","rowData":{"rowCustomClass":"","bg_color":"#ffffff","bg_img":"","margin":{"rowMarginTop":"0","rowMarginBottom":"0","rowMarginLeft":"0","rowMarginRight":"0"},"marginTablet":{"rMTT":"","rMBT":"","rMLT":"","rMRT":""},"marginMobile":{"rMTM":"","rMBM":"","rMLM":"","rMRM":""},"padding":{"rowPaddingTop":"5","rowPaddingBottom":"5","rowPaddingLeft":"15","rowPaddingRight":"15"},"paddingTablet":{"rPTT":"","rPBT":"","rPLT":"10","rPRT":"10"},"paddingMobile":{"rPTM":"","rPBM":"","rPLM":"5","rPRM":"5"},"video":{"rowBgVideoEnable":"false","rowBgVideoLoop":"loop","rowVideoMpfour":" ","rowVideoWebM":" ","rowVideoThumb":" "},"customStyling":"/* Insert your custom CSS for this row here. */","customJS":" ","rowBackgroundType":"solid","rowBackgroundParallax":"false","rowGradient":{"rowGradientColorFirst":"#dd9933","rowGradientLocationFirst":"40","rowGradientColorSecond":"#eeee22","rowGradientLocationSecond":"60","rowGradientType":"linear","rowGradientPosition":"top left","rowGradientAngle":"135"},"rowHoverOptions":{"rowBgColorHover":"","rowHoverTransitionDuration":"","rowGradientHover":{"rowGradientColorFirstHover":"","rowGradientLocationFirstHover":"","rowGradientColorSecondHover":"","rowGradientLocationSecondHover":"","rowGradientTypeHover":null,"rowGradientPositionHover":null,"rowGradientAngleHover":""}},"rowOverlayGradient":{"rowOverlayGradientColorFirst":"","rowOverlayGradientLocationFirst":"","rowOverlayGradientColorSecond":"","rowOverlayGradientLocationSecond":"","rowOverlayGradientType":null,"rowOverlayGradientPosition":null,"rowOverlayGradientAngle":""},"rowBgOverlayColor":"","rowHideOnDesktop":null,"rowHideOnTablet":null,"rowHideOnMobile":null,"bgSTop":{"rbgstType":"none","rbgstColor":"#fff","rbgstWidth":"100","rbgstWidtht":"","rbgstWidthm":"","rbgstHeight":"200","rbgstHeightt":"","rbgstHeightm":"","rbgstFlipped":"false","rbgstFront":"false"},"bgSBottom":{"rbgsbType":"none","rbgsbColor":"#fff","rbgsbWidth":"100","rbgsbWidtht":"","rbgsbWidthm":"","rbgsbHeight":"200","rbgsbHeightt":"","rbgsbHeightm":"","rbgsbFlipped":"false","rbgsbFront":"false"}},"column1":{"colWidgets":[{"widgetType":"wigt-img","widgetStyling":"/* Custom CSS for widget here. */","widgetMtop":"0","widgetMleft":"0","widgetMbottom":"0","widgetMright":"0","widgetPtop":"0","widgetPleft":"0","widgetPbottom":"0","widgetPright":"0","widgetPaddingTablet":{"rPTT":"","rPBT":"","rPLT":"","rPRT":""},"widgetPaddingMobile":{"rPTM":"","rPBM":"","rPLM":"","rPRM":""},"widgetMarginTablet":{"rMTT":"","rMBT":"","rMLT":"","rMRT":""},"widgetMarginMobile":{"rMTM":"","rMBM":"","rMLM":"","rMRM":""},"widgetBgColor":"transparent","widgetAnimation":"","widgetBorderStyle":null,"widgetBorderColor":"","widgetBoxShadowH":"0","widgetBoxShadowV":"","widgetBoxShadowBlur":"","widgetBoxShadowColor":"","widgetIsInline":null,"widgetIsInlineTablet":null,"widgetIsInlineMobile":null,"widgetCustomClass":"","widgBgImg":"","widgGradient":{"widgGradientColorFirst":"#dd9933","widgGradientLocationFirst":"55","widgGradientColorSecond":"#eeee22","widgGradientLocationSecond":"50","widgGradientType":"linear","widgGradientPosition":"top left","widgGradientAngle":"135"},"widgHoverOptions":{"widgBgColorHover":"","widgHoverTransitionDuration":"","widgetHoverAnimation":"","widgGradientHover":{"widgGradientColorFirstHover":"","widgGradientLocationFirstHover":"","widgGradientColorSecondHover":"","widgGradientLocationSecondHover":"","widgGradientTypeHover":"linear","widgGradientPositionHover":"top left","widgGradientAngleHover":""}},"widgHideOnDesktop":null,"widgHideOnTablet":null,"widgHideOnMobile":null,"widgetImg":{"imgUrl":"https://smuzthemes.com/wp-content/uploads/2018/07/cardiogram.png","imgSize":"small","imgAlignment":"center","imgAlignmentTablet":null,"imgAlignmentMobile":null,"imgSizeCustomWidth":"","imgSizeCustomWidthTablet":"","imgSizeCustomWidthMobile":"","imgSizeCustomHeight":"","imgSizeCustomHeightTablet":"","imgSizeCustomHeightMobile":"","imgLightBox":"false","imgLink":"","iwbs":"solid","iwbc":"#afafaf","iborderRadius":{"iwbrt":"100","iwbrb":"100","iwbrl":"100","iwbrr":"100"},"iborderWidth":{"iwbwt":"0","iwbwb":"0","iwbwl":"0","iwbwr":"0"},"iwbsh":"0","iwbsv":"5","iwbsb":"25","iwbsc":"rgba(135,135,135,0.54)"},"borderRadius":{"wbrt":"","wbrb":"","wbrl":"","wbrr":""},"borderWidth":{"wbwt":"","wbwb":"","wbwl":"","wbwr":""}},{"widgetType":"wigt-pb-text","widgetStyling":"/* Custom CSS for widget here. */","widgetMtop":"0","widgetMleft":"0","widgetMbottom":"0","widgetMright":"0","widgetPtop":"0","widgetPleft":"0","widgetPbottom":"0","widgetPright":"0","widgetPaddingTablet":{"rPTT":"","rPBT":"","rPLT":"","rPRT":""},"widgetPaddingMobile":{"rPTM":"","rPBM":"","rPLM":"","rPRM":""},"widgetMarginTablet":{"rMTT":"","rMBT":"","rMLT":"","rMRT":""},"widgetMarginMobile":{"rMTM":"","rMBM":"","rMLM":"","rMRM":""},"widgetBgColor":"transparent","widgetAnimation":"","widgetBorderWidth":"","widgetBorderStyle":null,"widgetBorderColor":"","widgetBoxShadowH":"","widgetBoxShadowV":"","widgetBoxShadowBlur":"","widgetBoxShadowColor":"","widgetIsInline":null,"widgetIsInlineTablet":null,"widgetIsInlineMobile":null,"widgetCustomClass":"","widgBgImg":"","widgBackgroundType":"solid","widgGradient":{"widgGradientColorFirst":"#dd9933","widgGradientLocationFirst":"55","widgGradientColorSecond":"#eeee22","widgGradientLocationSecond":"50","widgGradientType":"linear","widgGradientPosition":"top left","widgGradientAngle":"135"},"widgHoverOptions":{"widgBgColorHover":"","widgHoverTransitionDuration":"","widgetHoverAnimation":"","widgGradientHover":{"widgGradientColorFirstHover":"","widgGradientLocationFirstHover":"","widgGradientColorSecondHover":"","widgGradientLocationSecondHover":"","widgGradientTypeHover":"linear","widgGradientPositionHover":"top left","widgGradientAngleHover":""}},"widgHideOnDesktop":null,"widgHideOnTablet":null,"widgHideOnMobile":null,"widgetText":{"widgetTextContent":"Benefit 1","widgetTextAlignment":"center","widgetTextAlignmentTablet":null,"widgetTextAlignmentMobile":null,"widgetTextTag":"p","widgetTextColor":"#333","widgetTextSize":"23","widgetTextFamily":"Comfortaa","widgetTextWeight":"200","widgetTextTransform":null,"widgetTextLineHeight":"","widgetTextSpacing":"","widgetTextBold":true,"widgetTextItalic":false,"widgetTextUnderlined":false,"widgetTextSizeTablet":"20","widgetTextSizeMobile":"20","widgetTextLineHeightTablet":"","widgetTextLineHeightMobile":"","widgetTextSpacingTablet":"","widgetTextSpacingMobile":""},"borderRadius":{"wbrt":"","wbrb":"","wbrl":"","wbrr":""},"borderWidth":{"wbwt":"","wbwb":"","wbwl":"","wbwr":""}},{"widgetType":"wigt-pb-text","widgetStyling":"/* Custom CSS for widget here. */","widgetMtop":"0","widgetMleft":"5","widgetMbottom":"0","widgetMright":"5","widgetPtop":"0","widgetPleft":"0","widgetPbottom":"0","widgetPright":"0","widgetPaddingTablet":{"rPTT":"","rPBT":"","rPLT":"","rPRT":""},"widgetPaddingMobile":{"rPTM":"","rPBM":"","rPLM":"","rPRM":""},"widgetMarginTablet":{"rMTT":"","rMBT":"","rMLT":"","rMRT":""},"widgetMarginMobile":{"rMTM":"","rMBM":"","rMLM":"","rMRM":""},"widgetBgColor":"transparent","widgetAnimation":"","widgetBorderWidth":"","widgetBorderStyle":null,"widgetBorderColor":"","widgetBoxShadowH":"","widgetBoxShadowV":"","widgetBoxShadowBlur":"","widgetBoxShadowColor":"","widgetIsInline":null,"widgetIsInlineTablet":null,"widgetIsInlineMobile":null,"widgetCustomClass":"","widgBgImg":"","widgBackgroundType":"solid","widgGradient":{"widgGradientColorFirst":"#dd9933","widgGradientLocationFirst":"55","widgGradientColorSecond":"#eeee22","widgGradientLocationSecond":"50","widgGradientType":"linear","widgGradientPosition":"top left","widgGradientAngle":"135"},"widgHoverOptions":{"widgBgColorHover":"","widgHoverTransitionDuration":"","widgetHoverAnimation":"","widgGradientHover":{"widgGradientColorFirstHover":"","widgGradientLocationFirstHover":"","widgGradientColorSecondHover":"","widgGradientLocationSecondHover":"","widgGradientTypeHover":"linear","widgGradientPositionHover":"top left","widgGradientAngleHover":""}},"widgHideOnDesktop":null,"widgHideOnTablet":null,"widgHideOnMobile":null,"widgetText":{"widgetTextContent":"Some explanation of the benefit and how will it help the customer and what value it brings. ","widgetTextAlignment":"center","widgetTextAlignmentTablet":null,"widgetTextAlignmentMobile":null,"widgetTextTag":"p","widgetTextColor":"#333","widgetTextSize":"20","widgetTextFamily":"Comfortaa","widgetTextWeight":"200","widgetTextTransform":null,"widgetTextLineHeight":"","widgetTextSpacing":"","widgetTextBold":false,"widgetTextItalic":false,"widgetTextUnderlined":false,"widgetTextSizeTablet":"18","widgetTextSizeMobile":"18","widgetTextLineHeightTablet":"","widgetTextLineHeightMobile":"","widgetTextSpacingTablet":"","widgetTextSpacingMobile":""},"borderRadius":{"wbrt":"","wbrb":"","wbrl":"","wbrr":""},"borderWidth":{"wbwt":"","wbwb":"","wbwl":"","wbwr":""}}],"columnOptions":{"bg_color":"transparent","margin":{"columnMarginTop":"0","columnMarginBottom":"0","columnMarginLeft":"0","columnMarginRight":"2"},"padding":{"columnPaddingTop":"0","columnPaddingBottom":"0","columnPaddingLeft":"0","columnPaddingRight":"0"},"paddingTablet":{"rPTT":"","rPBT":"","rPLT":"","rPRT":""},"paddingMobile":{"rPTM":"","rPBM":"","rPLM":"","rPRM":""},"marginTablet":{"rMTT":"","rMBT":"","rMLT":"","rMRT":""},"marginMobile":{"rMTM":"","rMBM":"","rMLM":"","rMRM":""},"width":"31","widthTablet":"","widthMobile":"","columnCSS":"/* Add column custom styling here */","columnCustomClass":"","colHideOnDesktop":null,"colHideOnTablet":null,"colHideOnMobile":null,"colBoxShadow":{"colBoxShadowH":"","colBoxShadowV":"","colBoxShadowBlur":"","colBoxShadowColor":""},"colBorder":{"colBorderWidth":"","colBorderStyle":null,"colBorderColor":"","colBorderRadius":""},"colBgImg":"","colBackgroundType":"solid","colGradient":{"colGradientColorFirst":"#dd9933","colGradientLocationFirst":"55","colGradientColorSecond":"#eeee22","colGradientLocationSecond":"50","colGradientType":"linear","colGradientPosition":"top left","colGradientAngle":"135"},"colHoverOptions":{"colBgColorHover":"","colHoverTransitionDuration":"","colGradientHover":{"colGradientColorFirstHover":"","colGradientLocationFirstHover":"","colGradientColorSecondHover":"","colGradientLocationSecondHover":"","colGradientTypeHover":"linear","colGradientPositionHover":"top left","colGradientAngleHover":""}}}},"column2":{"colWidgets":[{"widgetType":"wigt-img","widgetStyling":"/* Custom CSS for widget here. */","widgetMtop":"0","widgetMleft":"0","widgetMbottom":"0","widgetMright":"0","widgetPtop":"0","widgetPleft":"0","widgetPbottom":"0","widgetPright":"0","widgetPaddingTablet":{"rPTT":"","rPBT":"","rPLT":"","rPRT":""},"widgetPaddingMobile":{"rPTM":"","rPBM":"","rPLM":"","rPRM":""},"widgetMarginTablet":{"rMTT":"","rMBT":"","rMLT":"","rMRT":""},"widgetMarginMobile":{"rMTM":"","rMBM":"","rMLM":"","rMRM":""},"widgetBgColor":"transparent","widgetAnimation":"","widgetBorderStyle":null,"widgetBorderColor":"","widgetBoxShadowH":"0","widgetBoxShadowV":"","widgetBoxShadowBlur":"","widgetBoxShadowColor":"","widgetIsInline":null,"widgetIsInlineTablet":null,"widgetIsInlineMobile":null,"widgetCustomClass":"","widgBgImg":"","widgGradient":{"widgGradientColorFirst":"#dd9933","widgGradientLocationFirst":"55","widgGradientColorSecond":"#eeee22","widgGradientLocationSecond":"50","widgGradientType":"linear","widgGradientPosition":"top left","widgGradientAngle":"135"},"widgHoverOptions":{"widgBgColorHover":"","widgHoverTransitionDuration":"","widgetHoverAnimation":"","widgGradientHover":{"widgGradientColorFirstHover":"","widgGradientLocationFirstHover":"","widgGradientColorSecondHover":"","widgGradientLocationSecondHover":"","widgGradientTypeHover":"linear","widgGradientPositionHover":"top left","widgGradientAngleHover":""}},"widgHideOnDesktop":null,"widgHideOnTablet":null,"widgHideOnMobile":null,"widgetImg":{"imgUrl":"https://smuzthemes.com/wp-content/uploads/2018/07/dumbbell.png","imgSize":"small","imgAlignment":"center","imgAlignmentTablet":null,"imgAlignmentMobile":null,"imgSizeCustomWidth":"","imgSizeCustomWidthTablet":"","imgSizeCustomWidthMobile":"","imgSizeCustomHeight":"","imgSizeCustomHeightTablet":"","imgSizeCustomHeightMobile":"","imgLightBox":"false","imgLink":"","iwbs":"solid","iwbc":"#afafaf","iborderRadius":{"iwbrt":"100","iwbrb":"100","iwbrl":"100","iwbrr":"100"},"iborderWidth":{"iwbwt":"0","iwbwb":"0","iwbwl":"0","iwbwr":"0"},"iwbsh":"0","iwbsv":"5","iwbsb":"25","iwbsc":"rgba(135,135,135,0.54)"},"borderRadius":{"wbrt":"","wbrb":"","wbrl":"","wbrr":""},"borderWidth":{"wbwt":"","wbwb":"","wbwl":"","wbwr":""}},{"widgetType":"wigt-pb-text","widgetStyling":"/* Custom CSS for widget here. */","widgetMtop":"0","widgetMleft":"0","widgetMbottom":"0","widgetMright":"0","widgetPtop":"0","widgetPleft":"0","widgetPbottom":"0","widgetPright":"0","widgetPaddingTablet":{"rPTT":"","rPBT":"","rPLT":"","rPRT":""},"widgetPaddingMobile":{"rPTM":"","rPBM":"","rPLM":"","rPRM":""},"widgetMarginTablet":{"rMTT":"","rMBT":"","rMLT":"","rMRT":""},"widgetMarginMobile":{"rMTM":"","rMBM":"","rMLM":"","rMRM":""},"widgetBgColor":"transparent","widgetAnimation":"","widgetBorderWidth":"","widgetBorderStyle":null,"widgetBorderColor":"","widgetBoxShadowH":"","widgetBoxShadowV":"","widgetBoxShadowBlur":"","widgetBoxShadowColor":"","widgetIsInline":null,"widgetIsInlineTablet":null,"widgetIsInlineMobile":null,"widgetCustomClass":"","widgBgImg":"","widgBackgroundType":"solid","widgGradient":{"widgGradientColorFirst":"#dd9933","widgGradientLocationFirst":"55","widgGradientColorSecond":"#eeee22","widgGradientLocationSecond":"50","widgGradientType":"linear","widgGradientPosition":"top left","widgGradientAngle":"135"},"widgHoverOptions":{"widgBgColorHover":"","widgHoverTransitionDuration":"","widgetHoverAnimation":"","widgGradientHover":{"widgGradientColorFirstHover":"","widgGradientLocationFirstHover":"","widgGradientColorSecondHover":"","widgGradientLocationSecondHover":"","widgGradientTypeHover":"linear","widgGradientPositionHover":"top left","widgGradientAngleHover":""}},"widgHideOnDesktop":null,"widgHideOnTablet":null,"widgHideOnMobile":null,"widgetText":{"widgetTextContent":"Benefit 1","widgetTextAlignment":"center","widgetTextAlignmentTablet":null,"widgetTextAlignmentMobile":null,"widgetTextTag":"p","widgetTextColor":"#333","widgetTextSize":"23","widgetTextFamily":"Comfortaa","widgetTextWeight":"200","widgetTextTransform":null,"widgetTextLineHeight":"","widgetTextSpacing":"","widgetTextBold":true,"widgetTextItalic":false,"widgetTextUnderlined":false,"widgetTextSizeTablet":"20","widgetTextSizeMobile":"20","widgetTextLineHeightTablet":"","widgetTextLineHeightMobile":"","widgetTextSpacingTablet":"","widgetTextSpacingMobile":""},"borderRadius":{"wbrt":"","wbrb":"","wbrl":"","wbrr":""},"borderWidth":{"wbwt":"","wbwb":"","wbwl":"","wbwr":""}},{"widgetType":"wigt-pb-text","widgetStyling":"/* Custom CSS for widget here. */","widgetMtop":"0","widgetMleft":"5","widgetMbottom":"0","widgetMright":"5","widgetPtop":"0","widgetPleft":"0","widgetPbottom":"0","widgetPright":"0","widgetPaddingTablet":{"rPTT":"","rPBT":"","rPLT":"","rPRT":""},"widgetPaddingMobile":{"rPTM":"","rPBM":"","rPLM":"","rPRM":""},"widgetMarginTablet":{"rMTT":"","rMBT":"","rMLT":"","rMRT":""},"widgetMarginMobile":{"rMTM":"","rMBM":"","rMLM":"","rMRM":""},"widgetBgColor":"transparent","widgetAnimation":"","widgetBorderWidth":"","widgetBorderStyle":null,"widgetBorderColor":"","widgetBoxShadowH":"","widgetBoxShadowV":"","widgetBoxShadowBlur":"","widgetBoxShadowColor":"","widgetIsInline":null,"widgetIsInlineTablet":null,"widgetIsInlineMobile":null,"widgetCustomClass":"","widgBgImg":"","widgBackgroundType":"solid","widgGradient":{"widgGradientColorFirst":"#dd9933","widgGradientLocationFirst":"55","widgGradientColorSecond":"#eeee22","widgGradientLocationSecond":"50","widgGradientType":"linear","widgGradientPosition":"top left","widgGradientAngle":"135"},"widgHoverOptions":{"widgBgColorHover":"","widgHoverTransitionDuration":"","widgetHoverAnimation":"","widgGradientHover":{"widgGradientColorFirstHover":"","widgGradientLocationFirstHover":"","widgGradientColorSecondHover":"","widgGradientLocationSecondHover":"","widgGradientTypeHover":"linear","widgGradientPositionHover":"top left","widgGradientAngleHover":""}},"widgHideOnDesktop":null,"widgHideOnTablet":null,"widgHideOnMobile":null,"widgetText":{"widgetTextContent":"Some explanation of the benefit and how will it help the customer and what value it brings. ","widgetTextAlignment":"center","widgetTextAlignmentTablet":null,"widgetTextAlignmentMobile":null,"widgetTextTag":"p","widgetTextColor":"#333","widgetTextSize":"20","widgetTextFamily":"Comfortaa","widgetTextWeight":"200","widgetTextTransform":null,"widgetTextLineHeight":"","widgetTextSpacing":"","widgetTextBold":false,"widgetTextItalic":false,"widgetTextUnderlined":false,"widgetTextSizeTablet":"18","widgetTextSizeMobile":"18","widgetTextLineHeightTablet":"","widgetTextLineHeightMobile":"","widgetTextSpacingTablet":"","widgetTextSpacingMobile":""},"borderRadius":{"wbrt":"","wbrb":"","wbrl":"","wbrr":""},"borderWidth":{"wbwt":"","wbwb":"","wbwl":"","wbwr":""}}],"columnOptions":{"bg_color":"transparent","margin":{"columnMarginTop":"0","columnMarginBottom":"0","columnMarginLeft":"0","columnMarginRight":"2"},"padding":{"columnPaddingTop":"0","columnPaddingBottom":"0","columnPaddingLeft":"0","columnPaddingRight":"0"},"paddingTablet":{"rPTT":"","rPBT":"","rPLT":"","rPRT":""},"paddingMobile":{"rPTM":"","rPBM":"","rPLM":"","rPRM":""},"marginTablet":{"rMTT":"","rMBT":"","rMLT":"","rMRT":""},"marginMobile":{"rMTM":"","rMBM":"","rMLM":"","rMRM":""},"width":"31","widthTablet":"","widthMobile":"","columnCSS":"/* Add column custom styling here */","columnCustomClass":"","colHideOnDesktop":null,"colHideOnTablet":null,"colHideOnMobile":null,"colBoxShadow":{"colBoxShadowH":"","colBoxShadowV":"","colBoxShadowBlur":"","colBoxShadowColor":""},"colBorder":{"colBorderWidth":"","colBorderStyle":null,"colBorderColor":"","colBorderRadius":""},"colBgImg":"","colBackgroundType":"solid","colGradient":{"colGradientColorFirst":"#dd9933","colGradientLocationFirst":"55","colGradientColorSecond":"#eeee22","colGradientLocationSecond":"50","colGradientType":"linear","colGradientPosition":"top left","colGradientAngle":"135"},"colHoverOptions":{"colBgColorHover":"","colHoverTransitionDuration":"","colGradientHover":{"colGradientColorFirstHover":"","colGradientLocationFirstHover":"","colGradientColorSecondHover":"","colGradientLocationSecondHover":"","colGradientTypeHover":"linear","colGradientPositionHover":"top left","colGradientAngleHover":""}}}},"column3":{"colWidgets":[{"widgetType":"wigt-img","widgetStyling":"/* Custom CSS for widget here. */","widgetMtop":"0","widgetMleft":"0","widgetMbottom":"0","widgetMright":"0","widgetPtop":"0","widgetPleft":"0","widgetPbottom":"0","widgetPright":"0","widgetPaddingTablet":{"rPTT":"","rPBT":"","rPLT":"","rPRT":""},"widgetPaddingMobile":{"rPTM":"","rPBM":"","rPLM":"","rPRM":""},"widgetMarginTablet":{"rMTT":"","rMBT":"","rMLT":"","rMRT":""},"widgetMarginMobile":{"rMTM":"","rMBM":"","rMLM":"","rMRM":""},"widgetBgColor":"transparent","widgetAnimation":"","widgetBorderStyle":null,"widgetBorderColor":"","widgetBoxShadowH":"0","widgetBoxShadowV":"","widgetBoxShadowBlur":"","widgetBoxShadowColor":"","widgetIsInline":null,"widgetIsInlineTablet":null,"widgetIsInlineMobile":null,"widgetCustomClass":"","widgBgImg":"","widgGradient":{"widgGradientColorFirst":"#dd9933","widgGradientLocationFirst":"55","widgGradientColorSecond":"#eeee22","widgGradientLocationSecond":"50","widgGradientType":"linear","widgGradientPosition":"top left","widgGradientAngle":"135"},"widgHoverOptions":{"widgBgColorHover":"","widgHoverTransitionDuration":"","widgetHoverAnimation":"","widgGradientHover":{"widgGradientColorFirstHover":"","widgGradientLocationFirstHover":"","widgGradientColorSecondHover":"","widgGradientLocationSecondHover":"","widgGradientTypeHover":"linear","widgGradientPositionHover":"top left","widgGradientAngleHover":""}},"widgHideOnDesktop":null,"widgHideOnTablet":null,"widgHideOnMobile":null,"widgetImg":{"imgUrl":"https://smuzthemes.com/wp-content/uploads/2018/07/blender.png","imgSize":"small","imgAlignment":"center","imgAlignmentTablet":null,"imgAlignmentMobile":null,"imgSizeCustomWidth":"","imgSizeCustomWidthTablet":"","imgSizeCustomWidthMobile":"","imgSizeCustomHeight":"","imgSizeCustomHeightTablet":"","imgSizeCustomHeightMobile":"","imgLightBox":"false","imgLink":"","iwbs":"solid","iwbc":"#afafaf","iborderRadius":{"iwbrt":"100","iwbrb":"100","iwbrl":"100","iwbrr":"100"},"iborderWidth":{"iwbwt":"0","iwbwb":"0","iwbwl":"0","iwbwr":"0"},"iwbsh":"0","iwbsv":"5","iwbsb":"25","iwbsc":"rgba(135,135,135,0.54)"},"borderRadius":{"wbrt":"","wbrb":"","wbrl":"","wbrr":""},"borderWidth":{"wbwt":"","wbwb":"","wbwl":"","wbwr":""}},{"widgetType":"wigt-pb-text","widgetStyling":"/* Custom CSS for widget here. */","widgetMtop":"0","widgetMleft":"0","widgetMbottom":"0","widgetMright":"0","widgetPtop":"0","widgetPleft":"0","widgetPbottom":"0","widgetPright":"0","widgetPaddingTablet":{"rPTT":"","rPBT":"","rPLT":"","rPRT":""},"widgetPaddingMobile":{"rPTM":"","rPBM":"","rPLM":"","rPRM":""},"widgetMarginTablet":{"rMTT":"","rMBT":"","rMLT":"","rMRT":""},"widgetMarginMobile":{"rMTM":"","rMBM":"","rMLM":"","rMRM":""},"widgetBgColor":"transparent","widgetAnimation":"","widgetBorderWidth":"","widgetBorderStyle":null,"widgetBorderColor":"","widgetBoxShadowH":"","widgetBoxShadowV":"","widgetBoxShadowBlur":"","widgetBoxShadowColor":"","widgetIsInline":null,"widgetIsInlineTablet":null,"widgetIsInlineMobile":null,"widgetCustomClass":"","widgBgImg":"","widgBackgroundType":"solid","widgGradient":{"widgGradientColorFirst":"#dd9933","widgGradientLocationFirst":"55","widgGradientColorSecond":"#eeee22","widgGradientLocationSecond":"50","widgGradientType":"linear","widgGradientPosition":"top left","widgGradientAngle":"135"},"widgHoverOptions":{"widgBgColorHover":"","widgHoverTransitionDuration":"","widgetHoverAnimation":"","widgGradientHover":{"widgGradientColorFirstHover":"","widgGradientLocationFirstHover":"","widgGradientColorSecondHover":"","widgGradientLocationSecondHover":"","widgGradientTypeHover":"linear","widgGradientPositionHover":"top left","widgGradientAngleHover":""}},"widgHideOnDesktop":null,"widgHideOnTablet":null,"widgHideOnMobile":null,"widgetText":{"widgetTextContent":"Benefit 1","widgetTextAlignment":"center","widgetTextAlignmentTablet":null,"widgetTextAlignmentMobile":null,"widgetTextTag":"p","widgetTextColor":"#333","widgetTextSize":"23","widgetTextFamily":"Comfortaa","widgetTextWeight":"200","widgetTextTransform":null,"widgetTextLineHeight":"","widgetTextSpacing":"","widgetTextBold":true,"widgetTextItalic":false,"widgetTextUnderlined":false,"widgetTextSizeTablet":"20","widgetTextSizeMobile":"20","widgetTextLineHeightTablet":"","widgetTextLineHeightMobile":"","widgetTextSpacingTablet":"","widgetTextSpacingMobile":""},"borderRadius":{"wbrt":"","wbrb":"","wbrl":"","wbrr":""},"borderWidth":{"wbwt":"","wbwb":"","wbwl":"","wbwr":""}},{"widgetType":"wigt-pb-text","widgetStyling":"/* Custom CSS for widget here. */","widgetMtop":"0","widgetMleft":"5","widgetMbottom":"0","widgetMright":"5","widgetPtop":"0","widgetPleft":"0","widgetPbottom":"0","widgetPright":"0","widgetPaddingTablet":{"rPTT":"","rPBT":"","rPLT":"","rPRT":""},"widgetPaddingMobile":{"rPTM":"","rPBM":"","rPLM":"","rPRM":""},"widgetMarginTablet":{"rMTT":"","rMBT":"","rMLT":"","rMRT":""},"widgetMarginMobile":{"rMTM":"","rMBM":"","rMLM":"","rMRM":""},"widgetBgColor":"transparent","widgetAnimation":"","widgetBorderWidth":"","widgetBorderStyle":null,"widgetBorderColor":"","widgetBoxShadowH":"","widgetBoxShadowV":"","widgetBoxShadowBlur":"","widgetBoxShadowColor":"","widgetIsInline":null,"widgetIsInlineTablet":null,"widgetIsInlineMobile":null,"widgetCustomClass":"","widgBgImg":"","widgBackgroundType":"solid","widgGradient":{"widgGradientColorFirst":"#dd9933","widgGradientLocationFirst":"55","widgGradientColorSecond":"#eeee22","widgGradientLocationSecond":"50","widgGradientType":"linear","widgGradientPosition":"top left","widgGradientAngle":"135"},"widgHoverOptions":{"widgBgColorHover":"","widgHoverTransitionDuration":"","widgetHoverAnimation":"","widgGradientHover":{"widgGradientColorFirstHover":"","widgGradientLocationFirstHover":"","widgGradientColorSecondHover":"","widgGradientLocationSecondHover":"","widgGradientTypeHover":"linear","widgGradientPositionHover":"top left","widgGradientAngleHover":""}},"widgHideOnDesktop":null,"widgHideOnTablet":null,"widgHideOnMobile":null,"widgetText":{"widgetTextContent":"Some explanation of the benefit and how will it help the customer and what value it brings. ","widgetTextAlignment":"center","widgetTextAlignmentTablet":null,"widgetTextAlignmentMobile":null,"widgetTextTag":"p","widgetTextColor":"#333","widgetTextSize":"20","widgetTextFamily":"Comfortaa","widgetTextWeight":"200","widgetTextTransform":null,"widgetTextLineHeight":"","widgetTextSpacing":"","widgetTextBold":false,"widgetTextItalic":false,"widgetTextUnderlined":false,"widgetTextSizeTablet":"18","widgetTextSizeMobile":"18","widgetTextLineHeightTablet":"","widgetTextLineHeightMobile":"","widgetTextSpacingTablet":"","widgetTextSpacingMobile":""},"borderRadius":{"wbrt":"","wbrb":"","wbrl":"","wbrr":""},"borderWidth":{"wbwt":"","wbwb":"","wbwl":"","wbwr":""}}],"columnOptions":{"bg_color":"transparent","margin":{"columnMarginTop":"0","columnMarginBottom":"0","columnMarginLeft":"0","columnMarginRight":"2"},"padding":{"columnPaddingTop":"0","columnPaddingBottom":"0","columnPaddingLeft":"0","columnPaddingRight":"0"},"paddingTablet":{"rPTT":"","rPBT":"","rPLT":"","rPRT":""},"paddingMobile":{"rPTM":"","rPBM":"","rPLM":"","rPRM":""},"marginTablet":{"rMTT":"","rMBT":"","rMLT":"","rMRT":""},"marginMobile":{"rMTM":"","rMBM":"","rMLM":"","rMRM":""},"width":"31","widthTablet":"","widthMobile":"","columnCSS":"/* Add column custom styling here */","columnCustomClass":"","colHideOnDesktop":null,"colHideOnTablet":null,"colHideOnMobile":null,"colBoxShadow":{"colBoxShadowH":"","colBoxShadowV":"","colBoxShadowBlur":"","colBoxShadowColor":""},"colBorder":{"colBorderWidth":"","colBorderStyle":null,"colBorderColor":"","colBorderRadius":""},"colBgImg":"","colBackgroundType":"solid","colGradient":{"colGradientColorFirst":"#dd9933","colGradientLocationFirst":"55","colGradientColorSecond":"#eeee22","colGradientLocationSecond":"50","colGradientType":"linear","colGradientPosition":"top left","colGradientAngle":"135"},"colHoverOptions":{"colBgColorHover":"","colHoverTransitionDuration":"","colGradientHover":{"colGradientColorFirstHover":"","colGradientLocationFirstHover":"","colGradientColorSecondHover":"","colGradientLocationSecondHover":"","colGradientTypeHover":"linear","colGradientPositionHover":"top left","colGradientAngleHover":""}}}},"column4":{"colWidgets":[],"columnOptions":{"bg_color":"transparent","margin":{"columnMarginTop":0,"columnMarginBottom":0,"columnMarginLeft":0,"columnMarginRight":0},"padding":{"columnPaddingTop":0,"columnPaddingBottom":0,"columnPaddingLeft":0,"columnPaddingRight":0},"paddingTablet":{"rPTT":"","rPBT":"","rPLT":"","rPRT":""},"paddingMobile":{"rPTM":"","rPBM":"","rPLM":"","rPRM":""},"marginTablet":{"rMTT":"","rMBT":"","rMLT":"","rMRT":""},"marginMobile":{"rMTM":"","rMBM":"","rMLM":"","rMRM":""},"width":"","widthTablet":"","widthMobile":"","columnCSS":"/* Add column custom styling here */","columnCustomClass":"","colHideOnDesktop":"","colHideOnTablet":"","colHideOnMobile":"","colBoxShadow":{"colBoxShadowH":"","colBoxShadowV":"","colBoxShadowBlur":"","colBoxShadowColor":""},"colBgImg":"","colBackgroundType":"solid","colGradient":{"colGradientColorFirst":"#dd9933","colGradientLocationFirst":"55","colGradientColorSecond":"#eeee22","colGradientLocationSecond":"50","colGradientType":"linear","colGradientPosition":"top left","colGradientAngle":"135"},"colHoverOptions":{"colBgColorHover":"","colBackgroundTypeHover":"","colHoverTransitionDuration":"","colGradientHover":{"colGradientColorFirstHover":"","colGradientLocationFirstHover":"","colGradientColorSecondHover":"","colGradientLocationSecondHover":"","colGradientTypeHover":"linear","colGradientPositionHover":"top left","colGradientAngleHover":""}}}},"column5":{"colWidgets":[],"columnOptions":{"bg_color":"transparent","margin":{"columnMarginTop":0,"columnMarginBottom":0,"columnMarginLeft":0,"columnMarginRight":0},"padding":{"columnPaddingTop":0,"columnPaddingBottom":0,"columnPaddingLeft":0,"columnPaddingRight":0},"paddingTablet":{"rPTT":"","rPBT":"","rPLT":"","rPRT":""},"paddingMobile":{"rPTM":"","rPBM":"","rPLM":"","rPRM":""},"marginTablet":{"rMTT":"","rMBT":"","rMLT":"","rMRT":""},"marginMobile":{"rMTM":"","rMBM":"","rMLM":"","rMRM":""},"width":"","widthTablet":"","widthMobile":"","columnCSS":"/* Add column custom styling here */","columnCustomClass":"","colHideOnDesktop":"","colHideOnTablet":"","colHideOnMobile":"","colBoxShadow":{"colBoxShadowH":"","colBoxShadowV":"","colBoxShadowBlur":"","colBoxShadowColor":""},"colBgImg":"","colBackgroundType":"solid","colGradient":{"colGradientColorFirst":"#dd9933","colGradientLocationFirst":"55","colGradientColorSecond":"#eeee22","colGradientLocationSecond":"50","colGradientType":"linear","colGradientPosition":"top left","colGradientAngle":"135"},"colHoverOptions":{"colBgColorHover":"","colBackgroundTypeHover":"","colHoverTransitionDuration":"","colGradientHover":{"colGradientColorFirstHover":"","colGradientLocationFirstHover":"","colGradientColorSecondHover":"","colGradientLocationSecondHover":"","colGradientTypeHover":"linear","colGradientPositionHover":"top left","colGradientAngleHover":""}}}},"column6":{"colWidgets":[],"columnOptions":{"bg_color":"transparent","margin":{"columnMarginTop":0,"columnMarginBottom":0,"columnMarginLeft":0,"columnMarginRight":0},"padding":{"columnPaddingTop":0,"columnPaddingBottom":0,"columnPaddingLeft":0,"columnPaddingRight":0},"paddingTablet":{"rPTT":"","rPBT":"","rPLT":"","rPRT":""},"paddingMobile":{"rPTM":"","rPBM":"","rPLM":"","rPRM":""},"marginTablet":{"rMTT":"","rMBT":"","rMLT":"","rMRT":""},"marginMobile":{"rMTM":"","rMBM":"","rMLM":"","rMRM":""},"width":"","widthTablet":"","widthMobile":"","columnCSS":"/* Add column custom styling here */","columnCustomClass":"","colHideOnDesktop":"","colHideOnTablet":"","colHideOnMobile":"","colBoxShadow":{"colBoxShadowH":"","colBoxShadowV":"","colBoxShadowBlur":"","colBoxShadowColor":""},"colBgImg":"","colBackgroundType":"solid","colGradient":{"colGradientColorFirst":"#dd9933","colGradientLocationFirst":"55","colGradientColorSecond":"#eeee22","colGradientLocationSecond":"50","colGradientType":"linear","colGradientPosition":"top left","colGradientAngle":"135"},"colHoverOptions":{"colBgColorHover":"","colBackgroundTypeHover":"","colHoverTransitionDuration":"","colGradientHover":{"colGradientColorFirstHover":"","colGradientLocationFirstHover":"","colGradientColorSecondHover":"","colGradientLocationSecondHover":"","colGradientTypeHover":"linear","colGradientPositionHover":"top left","colGradientAngleHover":""}}}},"column7":{"colWidgets":[],"columnOptions":{"bg_color":"transparent","margin":{"columnMarginTop":0,"columnMarginBottom":0,"columnMarginLeft":0,"columnMarginRight":0},"padding":{"columnPaddingTop":0,"columnPaddingBottom":0,"columnPaddingLeft":0,"columnPaddingRight":0},"paddingTablet":{"rPTT":"","rPBT":"","rPLT":"","rPRT":""},"paddingMobile":{"rPTM":"","rPBM":"","rPLM":"","rPRM":""},"marginTablet":{"rMTT":"","rMBT":"","rMLT":"","rMRT":""},"marginMobile":{"rMTM":"","rMBM":"","rMLM":"","rMRM":""},"width":"","widthTablet":"","widthMobile":"","columnCSS":"/* Add column custom styling here */","columnCustomClass":"","colHideOnDesktop":"","colHideOnTablet":"","colHideOnMobile":"","colBoxShadow":{"colBoxShadowH":"","colBoxShadowV":"","colBoxShadowBlur":"","colBoxShadowColor":""},"colBgImg":"","colBackgroundType":"solid","colGradient":{"colGradientColorFirst":"#dd9933","colGradientLocationFirst":"55","colGradientColorSecond":"#eeee22","colGradientLocationSecond":"50","colGradientType":"linear","colGradientPosition":"top left","colGradientAngle":"135"},"colHoverOptions":{"colBgColorHover":"","colBackgroundTypeHover":"","colHoverTransitionDuration":"","colGradientHover":{"colGradientColorFirstHover":"","colGradientLocationFirstHover":"","colGradientColorSecondHover":"","colGradientLocationSecondHover":"","colGradientTypeHover":"linear","colGradientPositionHover":"top left","colGradientAngleHover":""}}}},"column8":{"colWidgets":[],"columnOptions":{"bg_color":"transparent","margin":{"columnMarginTop":0,"columnMarginBottom":0,"columnMarginLeft":0,"columnMarginRight":0},"padding":{"columnPaddingTop":0,"columnPaddingBottom":0,"columnPaddingLeft":0,"columnPaddingRight":0},"paddingTablet":{"rPTT":"","rPBT":"","rPLT":"","rPRT":""},"paddingMobile":{"rPTM":"","rPBM":"","rPLM":"","rPRM":""},"marginTablet":{"rMTT":"","rMBT":"","rMLT":"","rMRT":""},"marginMobile":{"rMTM":"","rMBM":"","rMLM":"","rMRM":""},"width":"","widthTablet":"","widthMobile":"","columnCSS":"/* Add column custom styling here */","columnCustomClass":"","colHideOnDesktop":"","colHideOnTablet":"","colHideOnMobile":"","colBoxShadow":{"colBoxShadowH":"","colBoxShadowV":"","colBoxShadowBlur":"","colBoxShadowColor":""},"colBgImg":"","colBackgroundType":"solid","colGradient":{"colGradientColorFirst":"#dd9933","colGradientLocationFirst":"55","colGradientColorSecond":"#eeee22","colGradientLocationSecond":"50","colGradientType":"linear","colGradientPosition":"top left","colGradientAngle":"135"},"colHoverOptions":{"colBgColorHover":"","colBackgroundTypeHover":"","colHoverTransitionDuration":"","colGradientHover":{"colGradientColorFirstHover":"","colGradientLocationFirstHover":"","colGradientColorSecondHover":"","colGradientLocationSecondHover":"","colGradientTypeHover":"linear","colGradientPositionHover":"top left","colGradientAngleHover":""}}}}}