{"rowID":"ulpb_Row2870","rowHeight":"100","rowHeightUnit":"px","rowHeightTablet":"","rowHeightUnitTablet":null,"rowHeightMobile":"","rowHeightUnitMobile":null,"columns":"2","columnsDivRule":"none","rowData":{"rowCustomClass":"","bg_color":"#333333","bg_img":"","margin":{"rowMarginTop":"0","rowMarginBottom":"0","rowMarginLeft":"0","rowMarginRight":"0"},"marginTablet":{"rMTT":"","rMBT":"","rMLT":"","rMRT":""},"marginMobile":{"rMTM":"","rMBM":"","rMLM":"","rMRM":""},"padding":{"rowPaddingTop":"4","rowPaddingBottom":"1","rowPaddingLeft":"20","rowPaddingRight":"20"},"paddingTablet":{"rPTT":"","rPBT":"","rPLT":"","rPRT":""},"paddingMobile":{"rPTM":"","rPBM":"","rPLM":"","rPRM":""},"video":{"rowBgVideoEnable":"false","rowBgVideoLoop":"loop","rowVideoMpfour":" ","rowVideoWebM":" ","rowVideoThumb":" "},"customStyling":"/* Insert your custom CSS for this row here. */","customJS":" ","rowBackgroundType":"solid","rowBackgroundParallax":"false","rowGradient":{"rowGradientColorFirst":"#dd9933","rowGradientLocationFirst":"40","rowGradientColorSecond":"#eeee22","rowGradientLocationSecond":"60","rowGradientType":"linear","rowGradientPosition":"top left","rowGradientAngle":"135"},"rowHoverOptions":{"rowBgColorHover":"","rowHoverTransitionDuration":"","rowGradientHover":{"rowGradientColorFirstHover":"","rowGradientLocationFirstHover":"","rowGradientColorSecondHover":"","rowGradientLocationSecondHover":"","rowGradientTypeHover":null,"rowGradientPositionHover":null,"rowGradientAngleHover":""}},"rowOverlayGradient":{"rowOverlayGradientColorFirst":"","rowOverlayGradientLocationFirst":"","rowOverlayGradientColorSecond":"","rowOverlayGradientLocationSecond":"","rowOverlayGradientType":null,"rowOverlayGradientPosition":null,"rowOverlayGradientAngle":""},"rowBgOverlayColor":"","rowHideOnDesktop":null,"rowHideOnTablet":null,"rowHideOnMobile":null,"bgSTop":{"rbgstType":"none","rbgstColor":"#fff","rbgstWidth":"100","rbgstWidtht":"","rbgstWidthm":"","rbgstHeight":"200","rbgstHeightt":"","rbgstHeightm":"","rbgstFlipped":"false","rbgstFront":"false"},"bgSBottom":{"rbgsbType":"none","rbgsbColor":"#fff","rbgsbWidth":"100","rbgsbWidtht":"","rbgsbWidthm":"","rbgsbHeight":"200","rbgsbHeightt":"","rbgsbHeightm":"","rbgsbFlipped":"false","rbgsbFront":"false"}},"column1":{"colWidgets":[{"widgetType":"wigt-pb-text","widgetStyling":"/* Custom CSS for widget here. */","widgetMtop":"0","widgetMleft":"0","widgetMbottom":"0","widgetMright":"0","widgetPtop":"0","widgetPleft":"0","widgetPbottom":"0","widgetPright":"0","widgetPaddingTablet":{"rPTT":"","rPBT":"","rPLT":"","rPRT":""},"widgetPaddingMobile":{"rPTM":"","rPBM":"","rPLM":"","rPRM":""},"widgetMarginTablet":{"rMTT":"","rMBT":"","rMLT":"","rMRT":""},"widgetMarginMobile":{"rMTM":"","rMBM":"","rMLM":"","rMRM":""},"widgetBgColor":"transparent","widgetAnimation":"","widgetBorderStyle":null,"widgetBorderColor":"","widgetBoxShadowH":"","widgetBoxShadowV":"","widgetBoxShadowBlur":"","widgetBoxShadowColor":"","widgetIsInline":null,"widgetIsInlineTablet":null,"widgetIsInlineMobile":null,"widgetCustomClass":"","widgBgImg":"","widgGradient":{"widgGradientColorFirst":"#dd9933","widgGradientLocationFirst":"55","widgGradientColorSecond":"#eeee22","widgGradientLocationSecond":"50","widgGradientType":"linear","widgGradientPosition":"top left","widgGradientAngle":"135"},"widgHoverOptions":{"widgBgColorHover":"","widgHoverTransitionDuration":"","widgetHoverAnimation":"","widgGradientHover":{"widgGradientColorFirstHover":"","widgGradientLocationFirstHover":"","widgGradientColorSecondHover":"","widgGradientLocationSecondHover":"","widgGradientTypeHover":"linear","widgGradientPositionHover":"top left","widgGradientAngleHover":""}},"widgHideOnDesktop":null,"widgHideOnTablet":null,"widgHideOnMobile":null,"widgetText":{"widgetTextContent":"<b> Start getting </b>  healthy\nwith us today","widgetTextAlignment":"left","widgetTextAlignmentTablet":"center","widgetTextAlignmentMobile":"center","widgetTextTag":"h1","widgetTextColor":"#ffffff","widgetTextSize":"40","widgetTextFamily":"Comfortaa","widgetTextWeight":"200","widgetTextTransform":"none","widgetTextLineHeight":"1.6","widgetTextSpacing":"","widgetTextBold":false,"widgetTextItalic":false,"widgetTextUnderlined":false,"widgetTextSizeTablet":"30","widgetTextSizeMobile":"22","widgetTextLineHeightTablet":"","widgetTextLineHeightMobile":"","widgetTextSpacingTablet":"","widgetTextSpacingMobile":""},"borderRadius":{"wbrt":"","wbrb":"","wbrl":"","wbrr":""},"borderWidth":{"wbwt":"","wbwb":"","wbwl":"","wbwr":""}}],"columnOptions":{"bg_color":"transparent","margin":{"columnMarginTop":"0","columnMarginBottom":"0","columnMarginLeft":"0","columnMarginRight":"0"},"padding":{"columnPaddingTop":"0","columnPaddingBottom":"0","columnPaddingLeft":"0","columnPaddingRight":"0"},"paddingTablet":{"rPTT":"","rPBT":"","rPLT":"","rPRT":""},"paddingMobile":{"rPTM":"","rPBM":"","rPLM":"","rPRM":""},"marginTablet":{"rMTT":"","rMBT":"","rMLT":"","rMRT":""},"marginMobile":{"rMTM":"","rMBM":"","rMLM":"","rMRM":""},"width":"68.14","widthTablet":"","widthMobile":"","columnCSS":"/* Add column custom styling here */","columnCustomClass":"","colHideOnDesktop":null,"colHideOnTablet":null,"colHideOnMobile":null,"colBoxShadow":{"colBoxShadowH":"","colBoxShadowV":"","colBoxShadowBlur":"","colBoxShadowColor":""},"colBorder":{"colBorderWidth":"","colBorderStyle":null,"colBorderColor":"","colBorderRadius":""},"colBgImg":"","colBackgroundType":"solid","colGradient":{"colGradientColorFirst":"#dd9933","colGradientLocationFirst":"55","colGradientColorSecond":"#eeee22","colGradientLocationSecond":"50","colGradientType":"linear","colGradientPosition":"top left","colGradientAngle":"135"},"colHoverOptions":{"colBgColorHover":"","colHoverTransitionDuration":"","colGradientHover":{"colGradientColorFirstHover":"","colGradientLocationFirstHover":"","colGradientColorSecondHover":"","colGradientLocationSecondHover":"","colGradientTypeHover":"linear","colGradientPositionHover":"top left","colGradientAngleHover":""}}}},"column2":{"colWidgets":[{"widgetType":"wigt-btn-gen","widgetStyling":"/* Custom CSS for widget here. */","widgetMtop":"0","widgetMleft":"0","widgetMbottom":"0","widgetMright":"0","widgetPtop":"0","widgetPleft":"0","widgetPbottom":"0","widgetPright":"0","widgetPaddingTablet":{"rPTT":"","rPBT":"","rPLT":"","rPRT":""},"widgetPaddingMobile":{"rPTM":"","rPBM":"","rPLM":"","rPRM":""},"widgetMarginTablet":{"rMTT":"","rMBT":"","rMLT":"","rMRT":""},"widgetMarginMobile":{"rMTM":"","rMBM":"","rMLM":"","rMRM":""},"widgetBgColor":"transparent","widgetAnimation":"","widgetBorderStyle":null,"widgetBorderColor":"","widgetBoxShadowH":"","widgetBoxShadowV":"","widgetBoxShadowBlur":"","widgetBoxShadowColor":"","widgetIsInline":null,"widgetIsInlineTablet":null,"widgetIsInlineMobile":null,"widgetCustomClass":"","widgBgImg":"","widgGradient":{"widgGradientColorFirst":"#dd9933","widgGradientLocationFirst":"55","widgGradientColorSecond":"#eeee22","widgGradientLocationSecond":"50","widgGradientType":"linear","widgGradientPosition":"top left","widgGradientAngle":"135"},"widgHoverOptions":{"widgBgColorHover":"","widgHoverTransitionDuration":"","widgetHoverAnimation":"","widgGradientHover":{"widgGradientColorFirstHover":"","widgGradientLocationFirstHover":"","widgGradientColorSecondHover":"","widgGradientLocationSecondHover":"","widgGradientTypeHover":"linear","widgGradientPositionHover":"top left","widgGradientAngleHover":""}},"widgHideOnDesktop":null,"widgHideOnTablet":null,"widgHideOnMobile":null,"widgetButton":{"btnText":"Sign Up","btnLink":"https://pluginops.com/page-builder/?ref=LPBTempButton","btnTextColor":"#fff","btnFontSize":"22","btnFontSizeTablet":"","btnFontSizeMobile":"","btnBgColor":"#2dbe60","btnWidthPercent":"350","btnWidthPercentTablet":"80","btnWidthPercentMobile":"90","btnWidthUnit":"px","btnWidthUnitTablet":"%","btnWidthUnitMobile":"%","btnHeight":"25","btnHeightTablet":"","btnHeightMobile":"","btnHoverBgColor":"#00bf42","btnHoverTextColor":"","btnBlankAttr":"_self","btnBorderColor":"#d9534f","btnBorderWidth":"0","btnBorderRadius":"50","btnButtonAlignment":"center","btnButtonAlignmentTablet":null,"btnButtonAlignmentMobile":null,"btnButtonFontFamily":"Comfortaa","btnSelectedIcon":"fa fa-arrow-right","btnIconPosition":"after","btnIconAnimation":"","btnIconGap":"5"},"borderRadius":{"wbrt":"","wbrb":"","wbrl":"","wbrr":""},"borderWidth":{"wbwt":"","wbwb":"","wbwl":"","wbwr":""}}],"columnOptions":{"bg_color":"transparent","margin":{"columnMarginTop":"0","columnMarginBottom":"0","columnMarginLeft":"0","columnMarginRight":"0"},"padding":{"columnPaddingTop":"0","columnPaddingBottom":"0","columnPaddingLeft":"0","columnPaddingRight":"0"},"paddingTablet":{"rPTT":"","rPBT":"","rPLT":"","rPRT":""},"paddingMobile":{"rPTM":"","rPBM":"","rPLM":"","rPRM":""},"marginTablet":{"rMTT":"","rMBT":"","rMLT":"","rMRT":""},"marginMobile":{"rMTM":"","rMBM":"","rMLM":"","rMRM":""},"width":"30.13","widthTablet":"","widthMobile":"","columnCSS":"/* Add column custom styling here */","columnCustomClass":"","colHideOnDesktop":null,"colHideOnTablet":null,"colHideOnMobile":null,"colBoxShadow":{"colBoxShadowH":"","colBoxShadowV":"","colBoxShadowBlur":"","colBoxShadowColor":""},"colBorder":{"colBorderWidth":"","colBorderStyle":null,"colBorderColor":"","colBorderRadius":""},"colBgImg":"","colBackgroundType":"solid","colGradient":{"colGradientColorFirst":"#dd9933","colGradientLocationFirst":"55","colGradientColorSecond":"#eeee22","colGradientLocationSecond":"50","colGradientType":"linear","colGradientPosition":"top left","colGradientAngle":"135"},"colHoverOptions":{"colBgColorHover":"","colHoverTransitionDuration":"","colGradientHover":{"colGradientColorFirstHover":"","colGradientLocationFirstHover":"","colGradientColorSecondHover":"","colGradientLocationSecondHover":"","colGradientTypeHover":"linear","colGradientPositionHover":"top left","colGradientAngleHover":""}}}},"column3":{"colWidgets":[],"columnOptions":{"bg_color":"transparent","margin":{"columnMarginTop":0,"columnMarginBottom":0,"columnMarginLeft":0,"columnMarginRight":0},"padding":{"columnPaddingTop":0,"columnPaddingBottom":0,"columnPaddingLeft":0,"columnPaddingRight":0},"paddingTablet":{"rPTT":"","rPBT":"","rPLT":"","rPRT":""},"paddingMobile":{"rPTM":"","rPBM":"","rPLM":"","rPRM":""},"marginTablet":{"rMTT":"","rMBT":"","rMLT":"","rMRT":""},"marginMobile":{"rMTM":"","rMBM":"","rMLM":"","rMRM":""},"width":"","widthTablet":"","widthMobile":"","columnCSS":"/* Add column custom styling here */","columnCustomClass":"","colHideOnDesktop":"","colHideOnTablet":"","colHideOnMobile":"","colBoxShadow":{"colBoxShadowH":"","colBoxShadowV":"","colBoxShadowBlur":"","colBoxShadowColor":""},"colBgImg":"","colBackgroundType":"solid","colGradient":{"colGradientColorFirst":"#dd9933","colGradientLocationFirst":"55","colGradientColorSecond":"#eeee22","colGradientLocationSecond":"50","colGradientType":"linear","colGradientPosition":"top left","colGradientAngle":"135"},"colHoverOptions":{"colBgColorHover":"","colBackgroundTypeHover":"","colHoverTransitionDuration":"","colGradientHover":{"colGradientColorFirstHover":"","colGradientLocationFirstHover":"","colGradientColorSecondHover":"","colGradientLocationSecondHover":"","colGradientTypeHover":"linear","colGradientPositionHover":"top left","colGradientAngleHover":""}}}},"column4":{"colWidgets":[],"columnOptions":{"bg_color":"transparent","margin":{"columnMarginTop":0,"columnMarginBottom":0,"columnMarginLeft":0,"columnMarginRight":0},"padding":{"columnPaddingTop":0,"columnPaddingBottom":0,"columnPaddingLeft":0,"columnPaddingRight":0},"paddingTablet":{"rPTT":"","rPBT":"","rPLT":"","rPRT":""},"paddingMobile":{"rPTM":"","rPBM":"","rPLM":"","rPRM":""},"marginTablet":{"rMTT":"","rMBT":"","rMLT":"","rMRT":""},"marginMobile":{"rMTM":"","rMBM":"","rMLM":"","rMRM":""},"width":"","widthTablet":"","widthMobile":"","columnCSS":"/* Add column custom styling here */","columnCustomClass":"","colHideOnDesktop":"","colHideOnTablet":"","colHideOnMobile":"","colBoxShadow":{"colBoxShadowH":"","colBoxShadowV":"","colBoxShadowBlur":"","colBoxShadowColor":""},"colBgImg":"","colBackgroundType":"solid","colGradient":{"colGradientColorFirst":"#dd9933","colGradientLocationFirst":"55","colGradientColorSecond":"#eeee22","colGradientLocationSecond":"50","colGradientType":"linear","colGradientPosition":"top left","colGradientAngle":"135"},"colHoverOptions":{"colBgColorHover":"","colBackgroundTypeHover":"","colHoverTransitionDuration":"","colGradientHover":{"colGradientColorFirstHover":"","colGradientLocationFirstHover":"","colGradientColorSecondHover":"","colGradientLocationSecondHover":"","colGradientTypeHover":"linear","colGradientPositionHover":"top left","colGradientAngleHover":""}}}},"column5":{"colWidgets":[],"columnOptions":{"bg_color":"transparent","margin":{"columnMarginTop":0,"columnMarginBottom":0,"columnMarginLeft":0,"columnMarginRight":0},"padding":{"columnPaddingTop":0,"columnPaddingBottom":0,"columnPaddingLeft":0,"columnPaddingRight":0},"paddingTablet":{"rPTT":"","rPBT":"","rPLT":"","rPRT":""},"paddingMobile":{"rPTM":"","rPBM":"","rPLM":"","rPRM":""},"marginTablet":{"rMTT":"","rMBT":"","rMLT":"","rMRT":""},"marginMobile":{"rMTM":"","rMBM":"","rMLM":"","rMRM":""},"width":"","widthTablet":"","widthMobile":"","columnCSS":"/* Add column custom styling here */","columnCustomClass":"","colHideOnDesktop":"","colHideOnTablet":"","colHideOnMobile":"","colBoxShadow":{"colBoxShadowH":"","colBoxShadowV":"","colBoxShadowBlur":"","colBoxShadowColor":""},"colBgImg":"","colBackgroundType":"solid","colGradient":{"colGradientColorFirst":"#dd9933","colGradientLocationFirst":"55","colGradientColorSecond":"#eeee22","colGradientLocationSecond":"50","colGradientType":"linear","colGradientPosition":"top left","colGradientAngle":"135"},"colHoverOptions":{"colBgColorHover":"","colBackgroundTypeHover":"","colHoverTransitionDuration":"","colGradientHover":{"colGradientColorFirstHover":"","colGradientLocationFirstHover":"","colGradientColorSecondHover":"","colGradientLocationSecondHover":"","colGradientTypeHover":"linear","colGradientPositionHover":"top left","colGradientAngleHover":""}}}},"column6":{"colWidgets":[],"columnOptions":{"bg_color":"transparent","margin":{"columnMarginTop":0,"columnMarginBottom":0,"columnMarginLeft":0,"columnMarginRight":0},"padding":{"columnPaddingTop":0,"columnPaddingBottom":0,"columnPaddingLeft":0,"columnPaddingRight":0},"paddingTablet":{"rPTT":"","rPBT":"","rPLT":"","rPRT":""},"paddingMobile":{"rPTM":"","rPBM":"","rPLM":"","rPRM":""},"marginTablet":{"rMTT":"","rMBT":"","rMLT":"","rMRT":""},"marginMobile":{"rMTM":"","rMBM":"","rMLM":"","rMRM":""},"width":"","widthTablet":"","widthMobile":"","columnCSS":"/* Add column custom styling here */","columnCustomClass":"","colHideOnDesktop":"","colHideOnTablet":"","colHideOnMobile":"","colBoxShadow":{"colBoxShadowH":"","colBoxShadowV":"","colBoxShadowBlur":"","colBoxShadowColor":""},"colBgImg":"","colBackgroundType":"solid","colGradient":{"colGradientColorFirst":"#dd9933","colGradientLocationFirst":"55","colGradientColorSecond":"#eeee22","colGradientLocationSecond":"50","colGradientType":"linear","colGradientPosition":"top left","colGradientAngle":"135"},"colHoverOptions":{"colBgColorHover":"","colBackgroundTypeHover":"","colHoverTransitionDuration":"","colGradientHover":{"colGradientColorFirstHover":"","colGradientLocationFirstHover":"","colGradientColorSecondHover":"","colGradientLocationSecondHover":"","colGradientTypeHover":"linear","colGradientPositionHover":"top left","colGradientAngleHover":""}}}},"column7":{"colWidgets":[],"columnOptions":{"bg_color":"transparent","margin":{"columnMarginTop":0,"columnMarginBottom":0,"columnMarginLeft":0,"columnMarginRight":0},"padding":{"columnPaddingTop":0,"columnPaddingBottom":0,"columnPaddingLeft":0,"columnPaddingRight":0},"paddingTablet":{"rPTT":"","rPBT":"","rPLT":"","rPRT":""},"paddingMobile":{"rPTM":"","rPBM":"","rPLM":"","rPRM":""},"marginTablet":{"rMTT":"","rMBT":"","rMLT":"","rMRT":""},"marginMobile":{"rMTM":"","rMBM":"","rMLM":"","rMRM":""},"width":"","widthTablet":"","widthMobile":"","columnCSS":"/* Add column custom styling here */","columnCustomClass":"","colHideOnDesktop":"","colHideOnTablet":"","colHideOnMobile":"","colBoxShadow":{"colBoxShadowH":"","colBoxShadowV":"","colBoxShadowBlur":"","colBoxShadowColor":""},"colBgImg":"","colBackgroundType":"solid","colGradient":{"colGradientColorFirst":"#dd9933","colGradientLocationFirst":"55","colGradientColorSecond":"#eeee22","colGradientLocationSecond":"50","colGradientType":"linear","colGradientPosition":"top left","colGradientAngle":"135"},"colHoverOptions":{"colBgColorHover":"","colBackgroundTypeHover":"","colHoverTransitionDuration":"","colGradientHover":{"colGradientColorFirstHover":"","colGradientLocationFirstHover":"","colGradientColorSecondHover":"","colGradientLocationSecondHover":"","colGradientTypeHover":"linear","colGradientPositionHover":"top left","colGradientAngleHover":""}}}},"column8":{"colWidgets":[],"columnOptions":{"bg_color":"transparent","margin":{"columnMarginTop":0,"columnMarginBottom":0,"columnMarginLeft":0,"columnMarginRight":0},"padding":{"columnPaddingTop":0,"columnPaddingBottom":0,"columnPaddingLeft":0,"columnPaddingRight":0},"paddingTablet":{"rPTT":"","rPBT":"","rPLT":"","rPRT":""},"paddingMobile":{"rPTM":"","rPBM":"","rPLM":"","rPRM":""},"marginTablet":{"rMTT":"","rMBT":"","rMLT":"","rMRT":""},"marginMobile":{"rMTM":"","rMBM":"","rMLM":"","rMRM":""},"width":"","widthTablet":"","widthMobile":"","columnCSS":"/* Add column custom styling here */","columnCustomClass":"","colHideOnDesktop":"","colHideOnTablet":"","colHideOnMobile":"","colBoxShadow":{"colBoxShadowH":"","colBoxShadowV":"","colBoxShadowBlur":"","colBoxShadowColor":""},"colBgImg":"","colBackgroundType":"solid","colGradient":{"colGradientColorFirst":"#dd9933","colGradientLocationFirst":"55","colGradientColorSecond":"#eeee22","colGradientLocationSecond":"50","colGradientType":"linear","colGradientPosition":"top left","colGradientAngle":"135"},"colHoverOptions":{"colBgColorHover":"","colBackgroundTypeHover":"","colHoverTransitionDuration":"","colGradientHover":{"colGradientColorFirstHover":"","colGradientLocationFirstHover":"","colGradientColorSecondHover":"","colGradientLocationSecondHover":"","colGradientTypeHover":"linear","colGradientPositionHover":"top left","colGradientAngleHover":""}}}}}