{"rowID":"ulpb_Row193333","rowHeight":"200","rowHeightUnit":"px","rowHeightTablet":"","rowHeightUnitTablet":null,"rowHeightMobile":"","rowHeightUnitMobile":null,"columns":"2","columnsDivRule":"none","rowData":{"rowCustomClass":"","bg_color":"#e9e8e9","bg_img":"","margin":{"rowMarginTop":"0","rowMarginBottom":"0","rowMarginLeft":"0","rowMarginRight":"0"},"marginTablet":{"rMTT":"","rMBT":"","rMLT":"","rMRT":""},"marginMobile":{"rMTM":"","rMBM":"","rMLM":"","rMRM":""},"padding":{"rowPaddingTop":"4","rowPaddingBottom":"0","rowPaddingLeft":"15","rowPaddingRight":"15"},"paddingTablet":{"rPTT":"5","rPBT":"5","rPLT":"10","rPRT":"10"},"paddingMobile":{"rPTM":"","rPBM":"","rPLM":"10","rPRM":"10"},"video":{"rowBgVideoEnable":"false","rowBgVideoLoop":"loop","rowVideoMpfour":" ","rowVideoWebM":" ","rowVideoThumb":" "},"customStyling":"/* Insert your custom CSS for this row here. */","customJS":" ","rowBackgroundType":"solid","rowBackgroundParallax":"false","rowGradient":{"rowGradientColorFirst":"#dd9933","rowGradientLocationFirst":"40","rowGradientColorSecond":"#eeee22","rowGradientLocationSecond":"60","rowGradientType":"linear","rowGradientPosition":"top left","rowGradientAngle":"135"},"rowHoverOptions":{"rowBgColorHover":"","rowHoverTransitionDuration":"","rowGradientHover":{"rowGradientColorFirstHover":"","rowGradientLocationFirstHover":"","rowGradientColorSecondHover":"","rowGradientLocationSecondHover":"","rowGradientTypeHover":null,"rowGradientPositionHover":null,"rowGradientAngleHover":""}},"rowOverlayGradient":{"rowOverlayGradientColorFirst":"","rowOverlayGradientLocationFirst":"","rowOverlayGradientColorSecond":"","rowOverlayGradientLocationSecond":"","rowOverlayGradientType":null,"rowOverlayGradientPosition":null,"rowOverlayGradientAngle":""},"rowBgOverlayColor":"","rowHideOnDesktop":null,"rowHideOnTablet":null,"rowHideOnMobile":null,"bgSTop":{"rbgstType":"none","rbgstColor":"#fff","rbgstWidth":"100","rbgstWidtht":"","rbgstWidthm":"","rbgstHeight":"200","rbgstHeightt":"","rbgstHeightm":"","rbgstFlipped":"false","rbgstFront":"false"},"bgSBottom":{"rbgsbType":"none","rbgsbColor":"#fff","rbgsbWidth":"100","rbgsbWidtht":"","rbgsbWidthm":"","rbgsbHeight":"200","rbgsbHeightt":"","rbgsbHeightm":"","rbgsbFlipped":"false","rbgsbFront":"false"}},"column1":{"colWidgets":[{"widgetType":"wigt-img","widgetStyling":"/* Custom CSS for widget here. */","widgetMtop":"0","widgetMleft":"5","widgetMbottom":"0","widgetMright":"5","widgetPtop":"0","widgetPleft":"0","widgetPbottom":"0","widgetPright":"0","widgetPaddingTablet":{"rPTT":"","rPBT":"","rPLT":"","rPRT":""},"widgetPaddingMobile":{"rPTM":"","rPBM":"","rPLM":"","rPRM":""},"widgetMarginTablet":{"rMTT":"","rMBT":"","rMLT":"","rMRT":""},"widgetMarginMobile":{"rMTM":"10","rMBM":"","rMLM":"0","rMRM":"0"},"widgetBgColor":"transparent","widgetAnimation":"","widgetBorderStyle":null,"widgetBorderColor":"","widgetBoxShadowH":"","widgetBoxShadowV":"","widgetBoxShadowBlur":"","widgetBoxShadowColor":"","widgetIsInline":null,"widgetIsInlineTablet":null,"widgetIsInlineMobile":null,"widgetCustomClass":"","widgBgImg":"","widgGradient":{"widgGradientColorFirst":"#dd9933","widgGradientLocationFirst":"55","widgGradientColorSecond":"#eeee22","widgGradientLocationSecond":"50","widgGradientType":"linear","widgGradientPosition":"top left","widgGradientAngle":"135"},"widgHoverOptions":{"widgBgColorHover":"","widgHoverTransitionDuration":"","widgetHoverAnimation":"","widgGradientHover":{"widgGradientColorFirstHover":"","widgGradientLocationFirstHover":"","widgGradientColorSecondHover":"","widgGradientLocationSecondHover":"","widgGradientTypeHover":"linear","widgGradientPositionHover":"top left","widgGradientAngleHover":""}},"widgHideOnDesktop":"hide","widgHideOnTablet":"hide","widgHideOnMobile":"show","widgetImg":{"imgUrl":"https://smuzthemes.com/wp-content/uploads/2018/08/happu-man-transparent-bg-2.png","imgSize":"medium","imgAlignment":"center","imgAlignmentTablet":null,"imgAlignmentMobile":null,"imgSizeCustomWidth":"","imgSizeCustomWidthTablet":"","imgSizeCustomWidthMobile":"","imgSizeCustomHeight":"","imgSizeCustomHeightTablet":"","imgSizeCustomHeightMobile":"","imgLightBox":"false","imgLink":"","iwbs":null,"iwbc":"","iborderRadius":{"iwbrt":"","iwbrb":"","iwbrl":"","iwbrr":""},"iborderWidth":{"iwbwt":"","iwbwb":"","iwbwl":"","iwbwr":""},"iwbsh":"","iwbsv":"","iwbsb":"","iwbsc":""},"borderRadius":{"wbrt":"","wbrb":"","wbrl":"","wbrr":""},"borderWidth":{"wbwt":"","wbwb":"","wbwl":"","wbwr":""}},{"widgetType":"wigt-pb-text","widgetStyling":"/* Custom CSS for widget here. */","widgetMtop":"0","widgetMleft":"0","widgetMbottom":"0","widgetMright":"0","widgetPtop":"0","widgetPleft":"0","widgetPbottom":"0","widgetPright":"0","widgetPaddingTablet":{"rPTT":"","rPBT":"","rPLT":"","rPRT":""},"widgetPaddingMobile":{"rPTM":"","rPBM":"","rPLM":"","rPRM":""},"widgetMarginTablet":{"rMTT":"","rMBT":"","rMLT":"","rMRT":""},"widgetMarginMobile":{"rMTM":"","rMBM":"","rMLM":"","rMRM":""},"widgetBgColor":"transparent","widgetAnimation":"","widgetBorderWidth":"","widgetBorderStyle":null,"widgetBorderColor":"","widgetBoxShadowH":"","widgetBoxShadowV":"","widgetBoxShadowBlur":"","widgetBoxShadowColor":"","widgetIsInline":null,"widgetIsInlineTablet":null,"widgetIsInlineMobile":null,"widgetCustomClass":"","widgBgImg":"","widgBackgroundType":"solid","widgGradient":{"widgGradientColorFirst":"#dd9933","widgGradientLocationFirst":"55","widgGradientColorSecond":"#eeee22","widgGradientLocationSecond":"50","widgGradientType":"linear","widgGradientPosition":"top left","widgGradientAngle":"135"},"widgHoverOptions":{"widgBgColorHover":"","widgHoverTransitionDuration":"","widgetHoverAnimation":"","widgGradientHover":{"widgGradientColorFirstHover":"","widgGradientLocationFirstHover":"","widgGradientColorSecondHover":"","widgGradientLocationSecondHover":"","widgGradientTypeHover":"linear","widgGradientPositionHover":"top left","widgGradientAngleHover":""}},"widgHideOnDesktop":null,"widgHideOnTablet":null,"widgHideOnMobile":null,"widgetText":{"widgetTextContent":"  About The Author:  ","widgetTextAlignment":"left","widgetTextAlignmentTablet":null,"widgetTextAlignmentMobile":null,"widgetTextTag":"h3","widgetTextColor":"#4c4c4c","widgetTextSize":"45","widgetTextFamily":"Raleway","widgetTextWeight":"200","widgetTextTransform":null,"widgetTextLineHeight":"1.6","widgetTextSpacing":"","widgetTextBold":true,"widgetTextItalic":false,"widgetTextUnderlined":false,"widgetTextSizeTablet":"30","widgetTextSizeMobile":"28","widgetTextLineHeightTablet":"1.4","widgetTextLineHeightMobile":"1.4","widgetTextSpacingTablet":"","widgetTextSpacingMobile":""},"borderRadius":{"wbrt":"","wbrb":"","wbrl":"","wbrr":""},"borderWidth":{"wbwt":"","wbwb":"","wbwl":"","wbwr":""}},{"widgetType":"wigt-pb-text","widgetStyling":"/* Custom CSS for widget here. */","widgetMtop":"3","widgetMleft":"0","widgetMbottom":"0","widgetMright":"10","widgetPtop":"0","widgetPleft":"0","widgetPbottom":"0","widgetPright":"0","widgetPaddingTablet":{"rPTT":"","rPBT":"","rPLT":"","rPRT":""},"widgetPaddingMobile":{"rPTM":"","rPBM":"","rPLM":"","rPRM":""},"widgetMarginTablet":{"rMTT":"","rMBT":"","rMLT":"","rMRT":""},"widgetMarginMobile":{"rMTM":"","rMBM":"","rMLM":"","rMRM":""},"widgetBgColor":"transparent","widgetAnimation":"","widgetBorderWidth":"","widgetBorderStyle":null,"widgetBorderColor":"","widgetBoxShadowH":"","widgetBoxShadowV":"","widgetBoxShadowBlur":"","widgetBoxShadowColor":"","widgetIsInline":null,"widgetIsInlineTablet":null,"widgetIsInlineMobile":null,"widgetCustomClass":"","widgBgImg":"","widgBackgroundType":"solid","widgGradient":{"widgGradientColorFirst":"#dd9933","widgGradientLocationFirst":"55","widgGradientColorSecond":"#eeee22","widgGradientLocationSecond":"50","widgGradientType":"linear","widgGradientPosition":"top left","widgGradientAngle":"135"},"widgHoverOptions":{"widgBgColorHover":"","widgHoverTransitionDuration":"","widgetHoverAnimation":"","widgGradientHover":{"widgGradientColorFirstHover":"","widgGradientLocationFirstHover":"","widgGradientColorSecondHover":"","widgGradientLocationSecondHover":"","widgGradientTypeHover":"linear","widgGradientPositionHover":"top left","widgGradientAngleHover":""}},"widgHideOnDesktop":null,"widgHideOnTablet":null,"widgHideOnMobile":null,"widgetText":{"widgetTextContent":"A brief description about your product. Don’t focus only on features, but explain how the product will solve customer's problem and bring them value.\n\nWrite about how your product or service will help users and what great experience your product will offer.","widgetTextAlignment":"left","widgetTextAlignmentTablet":null,"widgetTextAlignmentMobile":null,"widgetTextTag":"p","widgetTextColor":"rgb(145, 144, 144)","widgetTextSize":"18","widgetTextFamily":"Roboto","widgetTextWeight":"200","widgetTextTransform":null,"widgetTextLineHeight":"","widgetTextSpacing":"","widgetTextBold":false,"widgetTextItalic":false,"widgetTextUnderlined":false,"widgetTextSizeTablet":"15","widgetTextSizeMobile":"15","widgetTextLineHeightTablet":"1.2","widgetTextLineHeightMobile":"1.3","widgetTextSpacingTablet":"","widgetTextSpacingMobile":""},"borderRadius":{"wbrt":"","wbrb":"","wbrl":"","wbrr":""},"borderWidth":{"wbwt":"","wbwb":"","wbwl":"","wbwr":""}},{"widgetType":"wigt-btn-gen","widgetStyling":"/* Custom CSS for widget here. */","widgetMtop":"5","widgetMleft":"0","widgetMbottom":"0","widgetMright":"10","widgetPtop":"0","widgetPleft":"0","widgetPbottom":"0","widgetPright":"0","widgetPaddingTablet":{"rPTT":"","rPBT":"","rPLT":"","rPRT":""},"widgetPaddingMobile":{"rPTM":"","rPBM":"","rPLM":"","rPRM":""},"widgetMarginTablet":{"rMTT":"","rMBT":"","rMLT":"","rMRT":""},"widgetMarginMobile":{"rMTM":"","rMBM":"","rMLM":"","rMRM":""},"widgetBgColor":"transparent","widgetAnimation":"","widgetBorderWidth":"","widgetBorderStyle":null,"widgetBorderColor":"","widgetBoxShadowH":"","widgetBoxShadowV":"","widgetBoxShadowBlur":"","widgetBoxShadowColor":"","widgetIsInline":null,"widgetIsInlineTablet":null,"widgetIsInlineMobile":null,"widgetCustomClass":"","widgBgImg":"","widgBackgroundType":"solid","widgGradient":{"widgGradientColorFirst":"#dd9933","widgGradientLocationFirst":"55","widgGradientColorSecond":"#eeee22","widgGradientLocationSecond":"50","widgGradientType":"linear","widgGradientPosition":"top left","widgGradientAngle":"135"},"widgHoverOptions":{"widgBgColorHover":"","widgHoverTransitionDuration":"","widgetHoverAnimation":"","widgGradientHover":{"widgGradientColorFirstHover":"","widgGradientLocationFirstHover":"","widgGradientColorSecondHover":"","widgGradientLocationSecondHover":"","widgGradientTypeHover":"linear","widgGradientPositionHover":"top left","widgGradientAngleHover":""}},"widgHideOnDesktop":null,"widgHideOnTablet":null,"widgHideOnMobile":null,"widgetButton":{"btnText":"Call To Action","btnLink":"https://pluginops.com/page-builder/?ref=LPBTempButton","btnTextColor":"rgb(255, 255, 255)","btnFontSize":"21","btnFontSizeTablet":"17","btnFontSizeMobile":"","btnBgColor":"#ffa800","btnWidthPercent":"70","btnWidthPercentTablet":"90","btnWidthPercentMobile":"","btnWidthUnit":"%","btnWidthUnitTablet":"%","btnWidthUnitMobile":"%","btnHeight":"18","btnHeightTablet":"15","btnHeightMobile":"","btnHoverBgColor":"rgb(253, 186, 58)","btnHoverTextColor":"rgb(255, 255, 255)","btnBlankAttr":"_self","btnBorderColor":"#d9534f","btnBorderWidth":"0","btnBorderRadius":"50","btnButtonAlignment":"left","btnButtonAlignmentTablet":null,"btnButtonAlignmentMobile":null,"btnButtonFontFamily":"Lato","btnSelectedIcon":"fa fa-arrow-right","btnIconPosition":"after","btnIconAnimation":"","btnIconGap":"5"},"borderRadius":{"wbrt":"","wbrb":"","wbrl":"","wbrr":""},"borderWidth":{"wbwt":"","wbwb":"","wbwl":"","wbwr":""}}],"columnOptions":{"bg_color":"transparent","margin":{"columnMarginTop":"0","columnMarginBottom":"0","columnMarginLeft":"0","columnMarginRight":"0"},"padding":{"columnPaddingTop":"0","columnPaddingBottom":"0","columnPaddingLeft":"0","columnPaddingRight":"0"},"paddingTablet":{"rPTT":"","rPBT":"","rPLT":"","rPRT":""},"paddingMobile":{"rPTM":"","rPBM":"","rPLM":"","rPRM":""},"marginTablet":{"rMTT":"","rMBT":"","rMLT":"","rMRT":""},"marginMobile":{"rMTM":"","rMBM":"","rMLM":"","rMRM":""},"width":"","widthTablet":"49","widthMobile":"","columnCSS":"/* Add column custom styling here */","columnCustomClass":"","colHideOnDesktop":null,"colHideOnTablet":null,"colHideOnMobile":null,"colBoxShadow":{"colBoxShadowH":"","colBoxShadowV":"","colBoxShadowBlur":"","colBoxShadowColor":""},"colBorder":{"colBorderWidth":"","colBorderStyle":null,"colBorderColor":"","colBorderRadius":""},"colBgImg":"","colBackgroundType":"solid","colGradient":{"colGradientColorFirst":"#dd9933","colGradientLocationFirst":"55","colGradientColorSecond":"#eeee22","colGradientLocationSecond":"50","colGradientType":"linear","colGradientPosition":"top left","colGradientAngle":"135"},"colHoverOptions":{"colBgColorHover":"","colHoverTransitionDuration":"","colGradientHover":{"colGradientColorFirstHover":"","colGradientLocationFirstHover":"","colGradientColorSecondHover":"","colGradientLocationSecondHover":"","colGradientTypeHover":"linear","colGradientPositionHover":"top left","colGradientAngleHover":""}}}},"column2":{"colWidgets":[{"widgetType":"wigt-img","widgetStyling":"/* Custom CSS for widget here. */","widgetMtop":"0","widgetMleft":"5","widgetMbottom":"0","widgetMright":"5","widgetPtop":"0","widgetPleft":"0","widgetPbottom":"0","widgetPright":"0","widgetPaddingTablet":{"rPTT":"","rPBT":"","rPLT":"","rPRT":""},"widgetPaddingMobile":{"rPTM":"","rPBM":"","rPLM":"","rPRM":""},"widgetMarginTablet":{"rMTT":"","rMBT":"","rMLT":"","rMRT":""},"widgetMarginMobile":{"rMTM":"10","rMBM":"","rMLM":"0","rMRM":"0"},"widgetBgColor":"transparent","widgetAnimation":"","widgetBorderStyle":null,"widgetBorderColor":"","widgetBoxShadowH":"","widgetBoxShadowV":"","widgetBoxShadowBlur":"","widgetBoxShadowColor":"","widgetIsInline":null,"widgetIsInlineTablet":null,"widgetIsInlineMobile":null,"widgetCustomClass":"","widgBgImg":"","widgGradient":{"widgGradientColorFirst":"#dd9933","widgGradientLocationFirst":"55","widgGradientColorSecond":"#eeee22","widgGradientLocationSecond":"50","widgGradientType":"linear","widgGradientPosition":"top left","widgGradientAngle":"135"},"widgHoverOptions":{"widgBgColorHover":"","widgHoverTransitionDuration":"","widgetHoverAnimation":"","widgGradientHover":{"widgGradientColorFirstHover":"","widgGradientLocationFirstHover":"","widgGradientColorSecondHover":"","widgGradientLocationSecondHover":"","widgGradientTypeHover":"linear","widgGradientPositionHover":"top left","widgGradientAngleHover":""}},"widgHideOnDesktop":"show","widgHideOnTablet":"show","widgHideOnMobile":"show","widgetImg":{"imgUrl":"https://smuzthemes.com/wp-content/uploads/2018/08/happu-man-transparent-bg-2.png","imgSize":"medium","imgAlignment":"center","imgAlignmentTablet":null,"imgAlignmentMobile":null,"imgSizeCustomWidth":"","imgSizeCustomWidthTablet":"","imgSizeCustomWidthMobile":"","imgSizeCustomHeight":"","imgSizeCustomHeightTablet":"","imgSizeCustomHeightMobile":"","imgLightBox":"false","imgLink":"","iwbs":null,"iwbc":"","iborderRadius":{"iwbrt":"","iwbrb":"","iwbrl":"","iwbrr":""},"iborderWidth":{"iwbwt":"","iwbwb":"","iwbwl":"","iwbwr":""},"iwbsh":"","iwbsv":"","iwbsb":"","iwbsc":""},"borderRadius":{"wbrt":"","wbrb":"","wbrl":"","wbrr":""},"borderWidth":{"wbwt":"","wbwb":"","wbwl":"","wbwr":""}}],"columnOptions":{"bg_color":"transparent","margin":{"columnMarginTop":"0","columnMarginBottom":"0","columnMarginLeft":"0","columnMarginRight":"0"},"padding":{"columnPaddingTop":"0","columnPaddingBottom":"0","columnPaddingLeft":"0","columnPaddingRight":"0"},"paddingTablet":{"rPTT":"","rPBT":"","rPLT":"","rPRT":""},"paddingMobile":{"rPTM":"","rPBM":"","rPLM":"","rPRM":""},"marginTablet":{"rMTT":"","rMBT":"","rMLT":"","rMRT":""},"marginMobile":{"rMTM":"","rMBM":"","rMLM":"","rMRM":""},"width":"","widthTablet":"49","widthMobile":"","columnCSS":"/* Add column custom styling here */","columnCustomClass":"","colHideOnDesktop":"show","colHideOnTablet":"show","colHideOnMobile":"hide","colBoxShadow":{"colBoxShadowH":"","colBoxShadowV":"","colBoxShadowBlur":"","colBoxShadowColor":""},"colBorder":{"colBorderWidth":"","colBorderStyle":null,"colBorderColor":"","colBorderRadius":""},"colBgImg":"","colBackgroundType":"solid","colGradient":{"colGradientColorFirst":"#dd9933","colGradientLocationFirst":"55","colGradientColorSecond":"#eeee22","colGradientLocationSecond":"50","colGradientType":"linear","colGradientPosition":"top left","colGradientAngle":"135"},"colHoverOptions":{"colBgColorHover":"","colHoverTransitionDuration":"","colGradientHover":{"colGradientColorFirstHover":"","colGradientLocationFirstHover":"","colGradientColorSecondHover":"","colGradientLocationSecondHover":"","colGradientTypeHover":"linear","colGradientPositionHover":"top left","colGradientAngleHover":""}}}},"column3":{"colWidgets":[],"columnOptions":{"bg_color":"transparent","margin":{"columnMarginTop":0,"columnMarginBottom":0,"columnMarginLeft":0,"columnMarginRight":0},"padding":{"columnPaddingTop":0,"columnPaddingBottom":0,"columnPaddingLeft":0,"columnPaddingRight":0},"paddingTablet":{"rPTT":"","rPBT":"","rPLT":"","rPRT":""},"paddingMobile":{"rPTM":"","rPBM":"","rPLM":"","rPRM":""},"marginTablet":{"rMTT":"","rMBT":"","rMLT":"","rMRT":""},"marginMobile":{"rMTM":"","rMBM":"","rMLM":"","rMRM":""},"width":"","widthTablet":"","widthMobile":"","columnCSS":"/* Add column custom styling here */","columnCustomClass":"","colHideOnDesktop":"","colHideOnTablet":"","colHideOnMobile":"","colBoxShadow":{"colBoxShadowH":"","colBoxShadowV":"","colBoxShadowBlur":"","colBoxShadowColor":""},"colBgImg":"","colBackgroundType":"solid","colGradient":{"colGradientColorFirst":"#dd9933","colGradientLocationFirst":"55","colGradientColorSecond":"#eeee22","colGradientLocationSecond":"50","colGradientType":"linear","colGradientPosition":"top left","colGradientAngle":"135"},"colHoverOptions":{"colBgColorHover":"","colBackgroundTypeHover":"","colHoverTransitionDuration":"","colGradientHover":{"colGradientColorFirstHover":"","colGradientLocationFirstHover":"","colGradientColorSecondHover":"","colGradientLocationSecondHover":"","colGradientTypeHover":"linear","colGradientPositionHover":"top left","colGradientAngleHover":""}}}},"column4":{"colWidgets":[],"columnOptions":{"bg_color":"transparent","margin":{"columnMarginTop":0,"columnMarginBottom":0,"columnMarginLeft":0,"columnMarginRight":0},"padding":{"columnPaddingTop":0,"columnPaddingBottom":0,"columnPaddingLeft":0,"columnPaddingRight":0},"paddingTablet":{"rPTT":"","rPBT":"","rPLT":"","rPRT":""},"paddingMobile":{"rPTM":"","rPBM":"","rPLM":"","rPRM":""},"marginTablet":{"rMTT":"","rMBT":"","rMLT":"","rMRT":""},"marginMobile":{"rMTM":"","rMBM":"","rMLM":"","rMRM":""},"width":"","widthTablet":"","widthMobile":"","columnCSS":"/* Add column custom styling here */","columnCustomClass":"","colHideOnDesktop":"","colHideOnTablet":"","colHideOnMobile":"","colBoxShadow":{"colBoxShadowH":"","colBoxShadowV":"","colBoxShadowBlur":"","colBoxShadowColor":""},"colBgImg":"","colBackgroundType":"solid","colGradient":{"colGradientColorFirst":"#dd9933","colGradientLocationFirst":"55","colGradientColorSecond":"#eeee22","colGradientLocationSecond":"50","colGradientType":"linear","colGradientPosition":"top left","colGradientAngle":"135"},"colHoverOptions":{"colBgColorHover":"","colBackgroundTypeHover":"","colHoverTransitionDuration":"","colGradientHover":{"colGradientColorFirstHover":"","colGradientLocationFirstHover":"","colGradientColorSecondHover":"","colGradientLocationSecondHover":"","colGradientTypeHover":"linear","colGradientPositionHover":"top left","colGradientAngleHover":""}}}},"column5":{"colWidgets":[],"columnOptions":{"bg_color":"transparent","margin":{"columnMarginTop":0,"columnMarginBottom":0,"columnMarginLeft":0,"columnMarginRight":0},"padding":{"columnPaddingTop":0,"columnPaddingBottom":0,"columnPaddingLeft":0,"columnPaddingRight":0},"paddingTablet":{"rPTT":"","rPBT":"","rPLT":"","rPRT":""},"paddingMobile":{"rPTM":"","rPBM":"","rPLM":"","rPRM":""},"marginTablet":{"rMTT":"","rMBT":"","rMLT":"","rMRT":""},"marginMobile":{"rMTM":"","rMBM":"","rMLM":"","rMRM":""},"width":"","widthTablet":"","widthMobile":"","columnCSS":"/* Add column custom styling here */","columnCustomClass":"","colHideOnDesktop":"","colHideOnTablet":"","colHideOnMobile":"","colBoxShadow":{"colBoxShadowH":"","colBoxShadowV":"","colBoxShadowBlur":"","colBoxShadowColor":""},"colBgImg":"","colBackgroundType":"solid","colGradient":{"colGradientColorFirst":"#dd9933","colGradientLocationFirst":"55","colGradientColorSecond":"#eeee22","colGradientLocationSecond":"50","colGradientType":"linear","colGradientPosition":"top left","colGradientAngle":"135"},"colHoverOptions":{"colBgColorHover":"","colBackgroundTypeHover":"","colHoverTransitionDuration":"","colGradientHover":{"colGradientColorFirstHover":"","colGradientLocationFirstHover":"","colGradientColorSecondHover":"","colGradientLocationSecondHover":"","colGradientTypeHover":"linear","colGradientPositionHover":"top left","colGradientAngleHover":""}}}},"column6":{"colWidgets":[],"columnOptions":{"bg_color":"transparent","margin":{"columnMarginTop":0,"columnMarginBottom":0,"columnMarginLeft":0,"columnMarginRight":0},"padding":{"columnPaddingTop":0,"columnPaddingBottom":0,"columnPaddingLeft":0,"columnPaddingRight":0},"paddingTablet":{"rPTT":"","rPBT":"","rPLT":"","rPRT":""},"paddingMobile":{"rPTM":"","rPBM":"","rPLM":"","rPRM":""},"marginTablet":{"rMTT":"","rMBT":"","rMLT":"","rMRT":""},"marginMobile":{"rMTM":"","rMBM":"","rMLM":"","rMRM":""},"width":"","widthTablet":"","widthMobile":"","columnCSS":"/* Add column custom styling here */","columnCustomClass":"","colHideOnDesktop":"","colHideOnTablet":"","colHideOnMobile":"","colBoxShadow":{"colBoxShadowH":"","colBoxShadowV":"","colBoxShadowBlur":"","colBoxShadowColor":""},"colBgImg":"","colBackgroundType":"solid","colGradient":{"colGradientColorFirst":"#dd9933","colGradientLocationFirst":"55","colGradientColorSecond":"#eeee22","colGradientLocationSecond":"50","colGradientType":"linear","colGradientPosition":"top left","colGradientAngle":"135"},"colHoverOptions":{"colBgColorHover":"","colBackgroundTypeHover":"","colHoverTransitionDuration":"","colGradientHover":{"colGradientColorFirstHover":"","colGradientLocationFirstHover":"","colGradientColorSecondHover":"","colGradientLocationSecondHover":"","colGradientTypeHover":"linear","colGradientPositionHover":"top left","colGradientAngleHover":""}}}},"column7":{"colWidgets":[],"columnOptions":{"bg_color":"transparent","margin":{"columnMarginTop":0,"columnMarginBottom":0,"columnMarginLeft":0,"columnMarginRight":0},"padding":{"columnPaddingTop":0,"columnPaddingBottom":0,"columnPaddingLeft":0,"columnPaddingRight":0},"paddingTablet":{"rPTT":"","rPBT":"","rPLT":"","rPRT":""},"paddingMobile":{"rPTM":"","rPBM":"","rPLM":"","rPRM":""},"marginTablet":{"rMTT":"","rMBT":"","rMLT":"","rMRT":""},"marginMobile":{"rMTM":"","rMBM":"","rMLM":"","rMRM":""},"width":"","widthTablet":"","widthMobile":"","columnCSS":"/* Add column custom styling here */","columnCustomClass":"","colHideOnDesktop":"","colHideOnTablet":"","colHideOnMobile":"","colBoxShadow":{"colBoxShadowH":"","colBoxShadowV":"","colBoxShadowBlur":"","colBoxShadowColor":""},"colBgImg":"","colBackgroundType":"solid","colGradient":{"colGradientColorFirst":"#dd9933","colGradientLocationFirst":"55","colGradientColorSecond":"#eeee22","colGradientLocationSecond":"50","colGradientType":"linear","colGradientPosition":"top left","colGradientAngle":"135"},"colHoverOptions":{"colBgColorHover":"","colBackgroundTypeHover":"","colHoverTransitionDuration":"","colGradientHover":{"colGradientColorFirstHover":"","colGradientLocationFirstHover":"","colGradientColorSecondHover":"","colGradientLocationSecondHover":"","colGradientTypeHover":"linear","colGradientPositionHover":"top left","colGradientAngleHover":""}}}},"column8":{"colWidgets":[],"columnOptions":{"bg_color":"transparent","margin":{"columnMarginTop":0,"columnMarginBottom":0,"columnMarginLeft":0,"columnMarginRight":0},"padding":{"columnPaddingTop":0,"columnPaddingBottom":0,"columnPaddingLeft":0,"columnPaddingRight":0},"paddingTablet":{"rPTT":"","rPBT":"","rPLT":"","rPRT":""},"paddingMobile":{"rPTM":"","rPBM":"","rPLM":"","rPRM":""},"marginTablet":{"rMTT":"","rMBT":"","rMLT":"","rMRT":""},"marginMobile":{"rMTM":"","rMBM":"","rMLM":"","rMRM":""},"width":"","widthTablet":"","widthMobile":"","columnCSS":"/* Add column custom styling here */","columnCustomClass":"","colHideOnDesktop":"","colHideOnTablet":"","colHideOnMobile":"","colBoxShadow":{"colBoxShadowH":"","colBoxShadowV":"","colBoxShadowBlur":"","colBoxShadowColor":""},"colBgImg":"","colBackgroundType":"solid","colGradient":{"colGradientColorFirst":"#dd9933","colGradientLocationFirst":"55","colGradientColorSecond":"#eeee22","colGradientLocationSecond":"50","colGradientType":"linear","colGradientPosition":"top left","colGradientAngle":"135"},"colHoverOptions":{"colBgColorHover":"","colBackgroundTypeHover":"","colHoverTransitionDuration":"","colGradientHover":{"colGradientColorFirstHover":"","colGradientLocationFirstHover":"","colGradientColorSecondHover":"","colGradientLocationSecondHover":"","colGradientTypeHover":"linear","colGradientPositionHover":"top left","colGradientAngleHover":""}}}}}