{"pageID":"5837","postType":"ulpb_post","pageLink":"","pageTitle":"","pageStatus":"unpublished","pageBuilderVersion":"1.4.6.7","pageOptions":{"setFrontPage":0,"loadWpHead":0,"loadWpFooter":0,"pageBgImage":" ","pageBgColor":"transparent","pagePadding":{"pagePaddingTop":"","pagePaddingBottom":"","pagePaddingLeft":"","pagePaddingRight":""},"pagePaddingTablet":{"pagePaddingTopTablet":"","pagePaddingBottomTablet":"","pagePaddingLeftTablet":"","pagePaddingRightTablet":""},"pagePaddingMobile":{"pagePaddingTopMobile":"","pagePaddingBottomMobile":"","pagePaddingLeftMobile":"","pagePaddingRightMobile":""},"pageSeoName":"","pageSeoDescription":"","pageSeoKeywords":"","pageFavIconUrl":"","pageLogoUrl":"","VariantB_ID":"","MultiVariantTesting":{"VariantB":"","VariantC":"","VariantD":""},"POcustomCSS":"","POcustomJS":"","POPBDefaults":{"POPBDefaultsEnable":"false","POPB_typefaces":{"typefaceHOne":"Arial","typefaceHTwo":"Arial","typefaceParagraph":"Arial","typefaceButton":"Arial","typefaceAnchorLink":"Arial"},"POPB_typeSizes":{"typeSizeHOne":"45","typeSizeHOneTablet":"","typeSizeHOneMobile":"","typeSizeHTwo":"29","typeSizeHTwoTablet":"","typeSizeHTwoMobile":"","typeSizeParagraph":"15","typeSizeParagraphTablet":"","typeSizeParagraphMobile":"","typeSizeButton":"16","typeSizeButtonTablet":"","typeSizeButtonMobile":"","typeSizeAnchorLink":"15","typeSizeAnchorLinkTablet":"","typeSizeAnchorLinkMobile":""}}},"formMailchimp":{"listId":"","apiKey":""},"Rows":{},"":{"parse":true,"emulateHTTP":false,"emulateJSON":false,"xhr":{"readyState":4,"responseText":"\"\"","responseJSON":"","status":200,"statusText":"OK"}}}