{"pageID":"1547","postType":"landingpagetemplates","pageLink":"","pageTitle":"","pageStatus":"publish","pageBuilderVersion":"1.4.6.3","pageOptions":{"loadWpHead":"false","loadWpFooter":"true","pageBgImage":"","pageBgColor":"#e64b50 ","pageLink":"template-9","pagePadding":{"pagePaddingTop":"3","pagePaddingBottom":"6","pagePaddingLeft":"5","pagePaddingRight":"5"},"pageSeoName":"Template 9","pageSeoDescription":"","pageSeoKeywords":""},"formMailchimp":{"listId":"","apiKey":""},"Rows":[{"rowID":"ulpb_Row109943","rowHeight":"150","columns":"1","columnsDivRule":"none","rowData":{"bg_color":"transparent","bg_img":"","margin":{"rowMarginTop":"0","rowMarginBottom":"0","rowMarginLeft":"0","rowMarginRight":"0"},"padding":{"rowPaddingTop":"0","rowPaddingBottom":"0","rowPaddingLeft":"0","rowPaddingRight":"0"},"customStyling":"/* Insert your custom CSS here. */","customJS":"/* Insert your JS codes here. */"},"column1":{"colWidgets":[{"widgetType":"wigt-WYSIWYG","widgetStyling":"/* Custom CSS for widget here. */","widgetMtop":"0","widgetMleft":"0","widgetMbottom":"0","widgetMright":"0","widgetBgColor":"transparent","widgetAnimation":"none","widgetWYSIWYG":{"widgetContent":"<h1 style=\"text-align: center;\"><span style=\"color: #ffffff;\">ULTIMATE SUBSCRIBE FORM</span></h1>\n<div class=\"main-agile\"></div>"},"widgetMenu":{"menuName":"Select","menuColor":""},"widgetImg":{"imgUrl":"/","imgSize":"original","imgAlignment":"default"},"widgetForm":[],"widgetSlider":[],"widgetSform":[],"widgetPostSlider":[],"widgetTestimonialSlider":[],"widgetSocialFeed":[],"widgetButton":{"btnText":"Click Me","btnLink":"https://pluginops.com/page-builder/?ref=LPBTempButton","btnTextColor":"#fff","btnFontSize":"","btnBgColor":"#333","btnWidth":"40","btnHeight":"20","btnHoverBgColor":"#222","btnBorderColor":"","btnBorderWidth":"","btnBorderRadius":"10","btnButtonAlignment":null},"widgetSubscribeForm":{"pbFormID":"ulpb_form5712","formLayout":"stacked","showNameField":"block","successAction":"showMessage","successURL":"","successMessage":"Thanks for subscribing! Please check your email for further instructions.","formBtnText":"Subscribe","formBtnHeight":"20","formBtnWidth":"40","formBtnBgColor":"#333","formBtnColor":"#fff","formBtnHoverBgColor":"#e3e3e3","formBtnFontSize":"16","formBtnBorderWidth":"1","formBtnBorderColor":"#111","formBtnBorderRadius":"5"},"widgetVideo":{"videoWebM":"","videoMpfour":"","videoThumb":"","vidAutoPlay":"no","vidLoop":"no","vidControls":"controls"},"widgetPBPostsSlider":{"psAutoplay":"false","psSlideDelay":"1","psSlideLoop":"true","psSlideTransition":"fade","psPostsNumber":"10","psDots":"true","psArrows":"true","psFtrImage":"true","psFtrImageSize":"medium","psExcerpt":"true","psReadMore":"false","psMoreLinkText":"Read More","psHeadingSize":"24","psTextAlignment":"left","psBgColor":"#333","psTxtColor":"#fff","psHeadingTxtColor":"#fff","psPostType":"post","psPostsOrderBy":"date","psPostsOrder":"Descending","psPostsFilterBy":"none","psFilterValue":" "},"widgetIcons":{"pbSelectedIcon":"fa-archive","pbIconSize":"55","pbIconRotation":"0","pbIconColor":"#333"},"widgetCounter":{"pbCounterID":"ulpb_counter1513","counterStartingNumber":"0","counterEndingNumber":"100","counterNumberPrefix":"","counterNumberSuffix":"","counterAnimationTime":"1000","counterTitle":"Cool Counter","counterTextColor":"#333","counterTitleColor":"#333","counterNumberFontSize":"36","counterTitleFontSize":"34"}}],"columnOptions":{"bg_color":"transparent","margin":{"columnMarginTop":"0","columnMarginBottom":"0","columnMarginLeft":"0","columnMarginRight":"0"},"padding":{"columnPaddingTop":"0","columnPaddingBottom":"0","columnPaddingLeft":"0","columnPaddingRight":"0"},"width":"100.00"}},"column2":{"colWidgets":0,"columnOptions":{"bg_color":"transparent","margin":{"columnMarginTop":0,"columnMarginBottom":0,"columnMarginLeft":0,"columnMarginRight":0},"padding":{"columnPaddingTop":0,"columnPaddingBottom":0,"columnPaddingLeft":0,"columnPaddingRight":0},"width":""}},"column3":{"colWidgets":0,"columnOptions":{"bg_color":"transparent","margin":{"columnMarginTop":0,"columnMarginBottom":0,"columnMarginLeft":0,"columnMarginRight":0},"padding":{"columnPaddingTop":0,"columnPaddingBottom":0,"columnPaddingLeft":0,"columnPaddingRight":0},"width":""}},"column4":{"colWidgets":0,"columnOptions":{"bg_color":"transparent","margin":{"columnMarginTop":0,"columnMarginBottom":0,"columnMarginLeft":0,"columnMarginRight":0},"padding":{"columnPaddingTop":0,"columnPaddingBottom":0,"columnPaddingLeft":0,"columnPaddingRight":0},"width":""}},"column5":{"colWidgets":0,"columnOptions":{"bg_color":"transparent","margin":{"columnMarginTop":0,"columnMarginBottom":0,"columnMarginLeft":0,"columnMarginRight":0},"padding":{"columnPaddingTop":0,"columnPaddingBottom":0,"columnPaddingLeft":0,"columnPaddingRight":0},"width":""}},"column6":{"colWidgets":0,"columnOptions":{"bg_color":"transparent","margin":{"columnMarginTop":0,"columnMarginBottom":0,"columnMarginLeft":0,"columnMarginRight":0},"padding":{"columnPaddingTop":0,"columnPaddingBottom":0,"columnPaddingLeft":0,"columnPaddingRight":0},"width":""}},"column7":{"colWidgets":0,"columnOptions":{"bg_color":"transparent","margin":{"columnMarginTop":0,"columnMarginBottom":0,"columnMarginLeft":0,"columnMarginRight":0},"padding":{"columnPaddingTop":0,"columnPaddingBottom":0,"columnPaddingLeft":0,"columnPaddingRight":0},"width":""}},"column8":{"colWidgets":0,"columnOptions":{"bg_color":"transparent","margin":{"columnMarginTop":0,"columnMarginBottom":0,"columnMarginLeft":0,"columnMarginRight":0},"padding":{"columnPaddingTop":0,"columnPaddingBottom":0,"columnPaddingLeft":0,"columnPaddingRight":0},"width":""}}},{"rowID":"ulpb_Row96860","rowHeight":"500","columns":"1","columnsDivRule":"none","rowData":{"bg_color":"transparent","bg_img":"","margin":{"rowMarginTop":"0","rowMarginBottom":"0","rowMarginLeft":"0","rowMarginRight":"0"},"padding":{"rowPaddingTop":"0","rowPaddingBottom":"0","rowPaddingLeft":"25","rowPaddingRight":"25"},"video":{"rowBgVideoEnable":null,"rowBgVideoLoop":null,"rowVideoMpfour":"","rowVideoWebM":"","rowVideoThumb":""},"customStyling":"Insert your custom CSS here.","customJS":"Insert your JS codes here."},"column1":{"colWidgets":[{"widgetType":"wigt-WYSIWYG","widgetStyling":" ","widgetMtop":"3","widgetMleft":"5","widgetMbottom":"0","widgetMright":"5","widgetBgColor":"transparent","widgetAnimation":"none","widgetWYSIWYG":{"widgetContent":"<h1 style=\"text-align: center;\"><img class=\"\" src=\"https://smuzthemes.com/wp-content/uploads/2017/02/paper-airplane-vector-clipart-panda-free-clipart-images-hqe0pp-clipart.png\" width=\"81\" height=\"64\" /></h1>\n<h1 style=\"text-align: center;\">SUBSCRIBE</h1>\n&nbsp;\n\n&nbsp;"},"widgetMenu":{"menuName":"Select","menuColor":""},"widgetImg":{"imgUrl":"/","imgSize":"original","imgAlignment":"default"},"widgetForm":[],"widgetSlider":[],"widgetSform":[],"widgetPostSlider":[],"widgetTestimonialSlider":[],"widgetSocialFeed":[],"widgetButton":{"btnText":"Click Me","btnLink":"https://pluginops.com/page-builder/?ref=LPBTempButton","btnTextColor":"#fff","btnFontSize":"","btnBgColor":"#333","btnWidth":"40","btnHeight":"20","btnHoverBgColor":"#222","btnBorderColor":"","btnBorderWidth":"","btnBorderRadius":"10","btnButtonAlignment":null},"widgetSubscribeForm":{"pbFormID":"ulpb_form12938","formLayout":"stacked","showNameField":"block","successAction":"showMessage","successURL":"","successMessage":"Thanks for subscribing! Please check your email for further instructions.","formBtnText":"Subscribe","formBtnHeight":"20","formBtnWidth":"40","formBtnBgColor":"#333","formBtnColor":"#fff","formBtnHoverBgColor":"#e3e3e3","formBtnFontSize":"16","formBtnBorderWidth":"1","formBtnBorderColor":"#111","formBtnBorderRadius":"5"},"widgetVideo":{"videoWebM":"","videoMpfour":"","videoThumb":"","vidAutoPlay":"no","vidLoop":"no","vidControls":"controls"},"widgetPBPostsSlider":{"psAutoplay":"false","psSlideDelay":"1","psSlideLoop":"true","psSlideTransition":"fade","psPostsNumber":"10","psDots":"true","psArrows":"true","psFtrImage":"true","psFtrImageSize":"medium","psExcerpt":"true","psReadMore":"false","psMoreLinkText":"Read More","psHeadingSize":"24","psTextAlignment":"left","psBgColor":"#333","psTxtColor":"#fff","psHeadingTxtColor":"#fff","psPostType":"post","psPostsOrderBy":"date","psPostsOrder":"Descending","psPostsFilterBy":"none","psFilterValue":" "},"widgetIcons":{"pbSelectedIcon":"fa-archive","pbIconSize":"55","pbIconRotation":"0","pbIconColor":"#333"},"widgetCounter":{"pbCounterID":"ulpb_counter1513","counterStartingNumber":"0","counterEndingNumber":"100","counterNumberPrefix":"","counterNumberSuffix":"","counterAnimationTime":"1000","counterTitle":"Cool Counter","counterTextColor":"#333","counterTitleColor":"#333","counterNumberFontSize":"36","counterTitleFontSize":"34"}},{"widgetType":"wigt-pb-form","widgetStyling":"asdasd","widgetMtop":"3","widgetMleft":"15","widgetMbottom":"3","widgetMright":"15","widgetBgColor":"transparent","widgetAnimation":"none","widgetWYSIWYG":{"widgetContent":"<p></p>"},"widgetMenu":{"menuName":"Select","menuColor":""},"widgetImg":{"imgUrl":"/","imgSize":"original","imgAlignment":"default"},"widgetForm":[],"widgetSlider":[],"widgetSform":[],"widgetPostSlider":[],"widgetTestimonialSlider":[],"widgetSocialFeed":[],"widgetButton":{"btnText":"Click Me","btnLink":"https://pluginops.com/page-builder/?ref=LPBTempButton","btnTextColor":"#fff","btnFontSize":"","btnBgColor":"#333","btnWidth":"40","btnHeight":"20","btnHoverBgColor":"#222","btnBorderColor":"","btnBorderWidth":"","btnBorderRadius":"10","btnButtonAlignment":null},"widgetSubscribeForm":{"pbFormID":"ulpb_form12938","formLayout":"stacked","showNameField":"none","successAction":"showMessage","successURL":"","successMessage":"Thanks for subscribing! Please check your email for further instructions.","formBtnText":"SUBSCRIBE","formBtnHeight":"15","formBtnWidth":"60","formBtnBgColor":"#232323","formBtnColor":"#fff","formBtnHoverBgColor":"#7a7a7a","formBtnFontSize":"18","formBtnBorderWidth":"0","formBtnBorderColor":"#111","formBtnBorderRadius":"3"},"widgetVideo":{"videoWebM":"","videoMpfour":"","videoThumb":"","vidAutoPlay":"no","vidLoop":"no","vidControls":"controls"},"widgetPBPostsSlider":{"psAutoplay":"false","psSlideDelay":"1","psSlideLoop":"true","psSlideTransition":"fade","psPostsNumber":"10","psDots":"true","psArrows":"true","psFtrImage":"true","psFtrImageSize":"medium","psExcerpt":"true","psReadMore":"false","psMoreLinkText":"Read More","psHeadingSize":"24","psTextAlignment":"left","psBgColor":"#333","psTxtColor":"#fff","psHeadingTxtColor":"#fff","psPostType":"post","psPostsOrderBy":"date","psPostsOrder":"Descending","psPostsFilterBy":"none","psFilterValue":" "},"widgetIcons":{"pbSelectedIcon":"fa-archive","pbIconSize":"55","pbIconRotation":"0","pbIconColor":"#333"},"widgetCounter":{"pbCounterID":"ulpb_counter1513","counterStartingNumber":"0","counterEndingNumber":"100","counterNumberPrefix":"","counterNumberSuffix":"","counterAnimationTime":"1000","counterTitle":"Cool Counter","counterTextColor":"#333","counterTitleColor":"#333","counterNumberFontSize":"36","counterTitleFontSize":"34"}}],"columnOptions":{"bg_color":"#ffffff","margin":{"columnMarginTop":"0","columnMarginBottom":"0","columnMarginLeft":"0","columnMarginRight":"0"},"padding":{"columnPaddingTop":"0","columnPaddingBottom":"0","columnPaddingLeft":"0","columnPaddingRight":"0"},"width":"100"}},"column2":{"colWidgets":[{"widgetType":"wigt-WYSIWYG","widgetStyling":"/* Custom CSS for widget here. */","widgetMtop":"0","widgetMleft":"0","widgetMbottom":"0","widgetMright":"0","widgetBgColor":"transparent","widgetWYSIWYG":{"widgetContent":"<style>\nform input[type=email]{\nborder-top:none !important;\nborder-left:none !important;\nborder-right:none !important;\nborder-bottom:1px solid #232323 !important;\n}\nform input[type=email]:focus{\noutline:none !important;\n}\n</style>"},"widgetMenu":{"menuName":"Select","menuColor":""},"widgetImg":{"imgUrl":"/","imgSize":"original","imgAlignment":"default"},"widgetForm":[],"widgetSlider":[],"widgetSform":[],"widgetPostSlider":[],"widgetTestimonialSlider":[],"widgetSocialFeed":[],"widgetButton":{"btnText":"Click Me","btnLink":"https://pluginops.com/page-builder/?ref=LPBTempButton","btnTextColor":"#fff","btnFontSize":"","btnBgColor":"#333","btnWidth":"40","btnHeight":"20","btnHoverBgColor":"#222","btnBorderColor":"","btnBorderWidth":"","btnBorderRadius":"10","btnButtonAlignment":null},"widgetSubscribeForm":{"pbFormID":"ulpb_form5712","formLayout":"stacked","showNameField":"block","successAction":"showMessage","successURL":"","successMessage":"Thanks for subscribing! Please check your email for further instructions.","formBtnText":"Subscribe","formBtnHeight":"20","formBtnWidth":"40","formBtnBgColor":"#333","formBtnColor":"#fff","formBtnHoverBgColor":"#e3e3e3","formBtnFontSize":"16","formBtnBorderWidth":"1","formBtnBorderColor":"#111","formBtnBorderRadius":"5"}}],"columnOptions":{"bg_color":"#ffffff","margin":{"columnMarginTop":"0","columnMarginBottom":"0","columnMarginLeft":"0","columnMarginRight":"0"},"padding":{"columnPaddingTop":"1","columnPaddingBottom":"2","columnPaddingLeft":"0","columnPaddingRight":"0"},"width":572}},"column3":{"colWidgets":[],"columnOptions":{"bg_color":"transparent","margin":{"columnMarginTop":"0","columnMarginBottom":"0","columnMarginLeft":"0","columnMarginRight":"0"},"padding":{"columnPaddingTop":"0","columnPaddingBottom":"0","columnPaddingLeft":"0","columnPaddingRight":"0"},"width":"250"}},"column4":{"colWidgets":0,"columnOptions":{"bg_color":"transparent","margin":{"columnMarginTop":0,"columnMarginBottom":0,"columnMarginLeft":0,"columnMarginRight":0},"padding":{"columnPaddingTop":0,"columnPaddingBottom":0,"columnPaddingLeft":0,"columnPaddingRight":0},"width":""}},"column5":{"colWidgets":0,"columnOptions":{"bg_color":"transparent","margin":{"columnMarginTop":0,"columnMarginBottom":0,"columnMarginLeft":0,"columnMarginRight":0},"padding":{"columnPaddingTop":0,"columnPaddingBottom":0,"columnPaddingLeft":0,"columnPaddingRight":0},"width":""}},"column6":{"colWidgets":0,"columnOptions":{"bg_color":"transparent","margin":{"columnMarginTop":0,"columnMarginBottom":0,"columnMarginLeft":0,"columnMarginRight":0},"padding":{"columnPaddingTop":0,"columnPaddingBottom":0,"columnPaddingLeft":0,"columnPaddingRight":0},"width":""}},"column7":{"colWidgets":0,"columnOptions":{"bg_color":"transparent","margin":{"columnMarginTop":0,"columnMarginBottom":0,"columnMarginLeft":0,"columnMarginRight":0},"padding":{"columnPaddingTop":0,"columnPaddingBottom":0,"columnPaddingLeft":0,"columnPaddingRight":0},"width":""}},"column8":{"colWidgets":0,"columnOptions":{"bg_color":"transparent","margin":{"columnMarginTop":0,"columnMarginBottom":0,"columnMarginLeft":0,"columnMarginRight":0},"padding":{"columnPaddingTop":0,"columnPaddingBottom":0,"columnPaddingLeft":0,"columnPaddingRight":0},"width":""}}}],"":{"parse":true,"emulateHTTP":false,"emulateJSON":false,"xhr":{"readyState":4,"responseText":"\"\"","responseJSON":"","status":200,"statusText":"OK"}},"wait":true,"RowsDivided":0}