[{"rowID":"ulpb_Row183133","rowHeight":"650","rowHeightUnit":"px","rowHeightTablet":"","rowHeightUnitTablet":"","rowHeightMobile":"","rowHeightUnitMobile":"","columns":"1","columnsDivRule":"none","rowData":{"bg_color":"#f74e3b","bg_img":"","margin":{"rowMarginTop":"0","rowMarginBottom":"0","rowMarginLeft":"0","rowMarginRight":"0"},"padding":{"rowPaddingTop":"0","rowPaddingBottom":"0","rowPaddingLeft":"0","rowPaddingRight":"0"},"video":{"rowBgVideoEnable":"false","rowBgVideoLoop":"loop","rowVideoMpfour":"","rowVideoWebM":"","rowVideoThumb":""},"customStyling":"/* Insert your custom CSS here. */","customJS":"/* Insert your JS codes here. */"},"column1":{"colWidgets":[{"widgetType":"wigt-WYSIWYG","widgetStyling":"/* Custom CSS for widget here. */","widgetMtop":"3","widgetMleft":"0","widgetMbottom":"3","widgetMright":"0","widgetBgColor":"transparent","widgetAnimation":null,"widgetWYSIWYG":{"widgetContent":"<h2 data-mce-style=\"text-align: center;\" style=\"text-align: center;\"><span style=\"color: rgb(255, 255, 255);\" data-mce-style=\"color: #ffffff;\">NEW WEBINAR COURSE</span></h2>"},"widgetMenu":{"menuName":"Select","menuColor":""},"widgetImg":{"imgUrl":"/","imgSize":"original","imgAlignment":"default"},"widgetForm":[],"widgetSlider":{"sliderName":"Select"},"widgetSform":{"sFormName":"Select"},"widgetPostSlider":[],"widgetTestimonialSlider":[],"widgetSocialFeed":[],"widgetButton":{"btnText":"Click Me","btnLink":"https://pluginops.com/page-builder/?ref=LPBTempButton","btnTextColor":"#fff","btnFontSize":"","btnBgColor":"#333","btnWidth":"40","btnHeight":"20","btnHoverBgColor":"#222","btnBorderColor":"","btnBorderWidth":"","btnBorderRadius":"10","btnButtonAlignment":null},"widgetSubscribeForm":{"pbFormID":"ulpb_form9738","formLayout":"stacked","showNameField":"block","successAction":"showMessage","successURL":"","successMessage":"Thanks for subscribing! Please check your email for further instructions.","formBtnText":"Subscribe","formBtnHeight":"20","formBtnWidth":"40","formBtnBgColor":"#333","formBtnColor":"#fff","formBtnHoverBgColor":"#e3e3e3","formBtnFontSize":"16","formBtnBorderWidth":"1","formBtnBorderColor":"#111","formBtnBorderRadius":"5","formDataSaveType":"database"},"widgetVideo":{"videoWebM":"","videoMpfour":"","videoThumb":"","vidAutoPlay":"no","vidLoop":"no","vidControls":"controls"},"widgetPBPostsSlider":{"psAutoplay":"false","psSlideDelay":"1","psSlideLoop":"true","psSlideTransition":"fade","psPostsNumber":"10","psDots":"true","psArrows":"true","psFtrImage":null,"psFtrImageSize":"medium","psExcerpt":null,"psReadMore":null,"psMoreLinkText":"Read More","psHeadingSize":"24","psTextAlignment":"left","psBgColor":"transparent","psTxtColor":"#fff","psHeadingTxtColor":"#fff","psPostType":"post","psPostsOrderBy":null,"psPostsOrder":"Descending","psPostsFilterBy":"none","psFilterValue":" "},"widgetIcons":{"pbSelectedIcon":"fa-archive","pbIconSize":"55","pbIconRotation":"0","pbIconColor":"#333"},"widgetCounter":{"pbCounterID":"ulpb_counter14529","counterStartingNumber":"0","counterEndingNumber":"100","counterNumberPrefix":"","counterNumberSuffix":"","counterAnimationTime":"1000","counterTitle":"Cool Counter","counterTextColor":"#333","counterTitleColor":"[object HTMLInputElement]","counterNumberFontSize":"36","counterTitleFontSize":"34"},"widgetAudio":{"audioOgg":"","audioMpThree":"","audioAutoPlay":"no","audioLoop":"no","audioControls":"controls"},"widgetCard":{"pbSelectedCardIcon":"fa fa fa fa fa fa-archive","pbCardIconSize":"55","pbCardIconRotation":"0","pbCardIconColor":"#333","pbCardTitleColor":"#333","pbCardTitleSize":"","pbCardDescColor":"#333","pbCardDescSize":"","pbCardTitle":"This is the heading","pbCardDesc":"This is the description"}},{"widgetType":"wigt-img","widgetStyling":"text-align:center;","widgetMtop":"0","widgetMleft":"5","widgetMbottom":"0","widgetMright":"5","widgetBgColor":"","widgetAnimation":null,"widgetWYSIWYG":{"widgetContent":"<p>Some Text</p>"},"widgetMenu":{"menuName":"Select","menuColor":""},"widgetImg":{"imgUrl":"https://smuzthemes.com/wp-content/uploads/2017/06/webinar-img-ftr.jpg","imgSize":"medium","imgAlignment":"center"},"widgetForm":[],"widgetSlider":{"sliderName":"Select"},"widgetSform":{"sFormName":"Select"},"widgetPostSlider":[],"widgetTestimonialSlider":[],"widgetSocialFeed":[],"widgetButton":{"btnText":"Click Me","btnLink":"https://pluginops.com/page-builder/?ref=LPBTempButton","btnTextColor":"#fff","btnFontSize":"","btnBgColor":"#333","btnWidth":"40","btnHeight":"20","btnHoverBgColor":"#222","btnBorderColor":"","btnBorderWidth":"","btnBorderRadius":"10","btnButtonAlignment":null},"widgetSubscribeForm":{"pbFormID":"ulpb_form9738","formLayout":"stacked","showNameField":"block","successAction":"showMessage","successURL":"","successMessage":"Thanks for subscribing! Please check your email for further instructions.","formBtnText":"Subscribe","formBtnHeight":"20","formBtnWidth":"40","formBtnBgColor":"#333","formBtnColor":"#fff","formBtnHoverBgColor":"#e3e3e3","formBtnFontSize":"16","formBtnBorderWidth":"1","formBtnBorderColor":"#111","formBtnBorderRadius":"5","formDataSaveType":"database"},"widgetVideo":{"videoWebM":"","videoMpfour":"","videoThumb":"","vidAutoPlay":"no","vidLoop":"no","vidControls":"controls"},"widgetPBPostsSlider":{"psAutoplay":"false","psSlideDelay":"1","psSlideLoop":"true","psSlideTransition":"fade","psPostsNumber":"10","psDots":"true","psArrows":"true","psFtrImage":null,"psFtrImageSize":"medium","psExcerpt":null,"psReadMore":null,"psMoreLinkText":"Read More","psHeadingSize":"24","psTextAlignment":"left","psBgColor":"","psTxtColor":"#fff","psHeadingTxtColor":"#fff","psPostType":"post","psPostsOrderBy":null,"psPostsOrder":"Descending","psPostsFilterBy":"none","psFilterValue":" "},"widgetIcons":{"pbSelectedIcon":"fa-archive","pbIconSize":"55","pbIconRotation":"0","pbIconColor":"#333"},"widgetCounter":{"pbCounterID":"ulpb_counter14529","counterStartingNumber":"0","counterEndingNumber":"100","counterNumberPrefix":"","counterNumberSuffix":"","counterAnimationTime":"1000","counterTitle":"Cool Counter","counterTextColor":"#333","counterTitleColor":"[object HTMLInputElement]","counterNumberFontSize":"36","counterTitleFontSize":"34"},"widgetAudio":{"audioOgg":"","audioMpThree":"","audioAutoPlay":"no","audioLoop":"no","audioControls":"controls"},"widgetCard":{"pbSelectedCardIcon":"fa fa fa fa fa fa fa fa fa fa fa fa-archive","pbCardIconSize":"55","pbCardIconRotation":"0","pbCardIconColor":"#333","pbCardTitleColor":"#333","pbCardTitleSize":"","pbCardDescColor":"#333","pbCardDescSize":"","pbCardTitle":"This is the heading","pbCardDesc":"This is the description"}},{"widgetType":"wigt-WYSIWYG","widgetStyling":"/* Custom CSS for widget here. */","widgetMtop":"4","widgetMleft":"0","widgetMbottom":"0","widgetMright":"0","widgetBgColor":"transparent","widgetAnimation":null,"widgetWYSIWYG":{"widgetContent":"<p data-mce-style=\"text-align: center;\" style=\"text-align: center;\"><span style=\"font-family: &quot;trebuchet ms&quot;, geneva, sans-serif; font-size: 36pt; color: rgb(255, 255, 255);\" data-mce-style=\"font-family: 'trebuchet ms', geneva, sans-serif; font-size: 36pt; color: #ffffff;\">Coming to you soon in the summer of 2016</span></p><p data-mce-style=\"text-align: center;\" style=\"text-align: center;\"><br data-mce-bogus=\"1\"></p><p data-mce-style=\"text-align: center;\" style=\"text-align: center;\"><span style=\"font-size: 24pt; font-family: &quot;trebuchet ms&quot;, geneva, sans-serif; color: rgb(255, 255, 255);\" data-mce-style=\"font-size: 24pt; font-family: 'trebuchet ms', geneva, sans-serif; color: #ffffff;\">Sign up and be the first to know when it's available.</span><br></p>"},"widgetMenu":{"menuName":"Select","menuColor":""},"widgetImg":{"imgUrl":"/","imgSize":"original","imgAlignment":"default"},"widgetForm":[],"widgetSlider":{"sliderName":"Select"},"widgetSform":{"sFormName":"Select"},"widgetPostSlider":[],"widgetTestimonialSlider":[],"widgetSocialFeed":[],"widgetButton":{"btnText":"Click Me","btnLink":"https://pluginops.com/page-builder/?ref=LPBTempButton","btnTextColor":"#fff","btnFontSize":"","btnBgColor":"#333","btnWidth":"40","btnHeight":"20","btnHoverBgColor":"#222","btnBorderColor":"","btnBorderWidth":"","btnBorderRadius":"10","btnButtonAlignment":null},"widgetSubscribeForm":{"pbFormID":"ulpb_form9738","formLayout":"stacked","showNameField":"block","successAction":"showMessage","successURL":"","successMessage":"Thanks for subscribing! Please check your email for further instructions.","formBtnText":"Subscribe","formBtnHeight":"20","formBtnWidth":"40","formBtnBgColor":"#333","formBtnColor":"#fff","formBtnHoverBgColor":"#e3e3e3","formBtnFontSize":"16","formBtnBorderWidth":"1","formBtnBorderColor":"#111","formBtnBorderRadius":"5","formDataSaveType":"database"},"widgetVideo":{"videoWebM":"","videoMpfour":"","videoThumb":"","vidAutoPlay":"no","vidLoop":"no","vidControls":"controls"},"widgetPBPostsSlider":{"psAutoplay":"false","psSlideDelay":"1","psSlideLoop":"true","psSlideTransition":"fade","psPostsNumber":"10","psDots":"true","psArrows":"true","psFtrImage":null,"psFtrImageSize":"medium","psExcerpt":null,"psReadMore":null,"psMoreLinkText":"Read More","psHeadingSize":"24","psTextAlignment":"left","psBgColor":"transparent","psTxtColor":"#fff","psHeadingTxtColor":"#fff","psPostType":"post","psPostsOrderBy":null,"psPostsOrder":"Descending","psPostsFilterBy":"none","psFilterValue":" "},"widgetIcons":{"pbSelectedIcon":"fa-archive","pbIconSize":"55","pbIconRotation":"0","pbIconColor":"#333"},"widgetCounter":{"pbCounterID":"ulpb_counter14529","counterStartingNumber":"0","counterEndingNumber":"100","counterNumberPrefix":"","counterNumberSuffix":"","counterAnimationTime":"1000","counterTitle":"Cool Counter","counterTextColor":"#333","counterTitleColor":"[object HTMLInputElement]","counterNumberFontSize":"36","counterTitleFontSize":"34"},"widgetAudio":{"audioOgg":"","audioMpThree":"","audioAutoPlay":"no","audioLoop":"no","audioControls":"controls"},"widgetCard":{"pbSelectedCardIcon":"fa fa fa-archive","pbCardIconSize":"55","pbCardIconRotation":"0","pbCardIconColor":"#333","pbCardTitleColor":"#333","pbCardTitleSize":"","pbCardDescColor":"#333","pbCardDescSize":"","pbCardTitle":"This is the heading","pbCardDesc":"This is the description"}},{"widgetType":"wigt-btn-gen","widgetStyling":"/* Custom CSS for widget here. */","widgetMtop":"3","widgetMleft":"0","widgetMbottom":"3","widgetMright":"0","widgetBgColor":"transparent","widgetAnimation":null,"widgetWYSIWYG":{"widgetContent":"<p>Some Text</p>"},"widgetMenu":{"menuName":"Select","menuColor":""},"widgetImg":{"imgUrl":"/","imgSize":"original","imgAlignment":"default"},"widgetForm":[],"widgetSlider":{"sliderName":"Select"},"widgetSform":{"sFormName":"Select"},"widgetPostSlider":[],"widgetTestimonialSlider":[],"widgetSocialFeed":[],"widgetButton":{"btnText":"SIGN UP","btnLink":"https://pluginops.com/page-builder/?ref=LPBTempButton","btnTextColor":"#ffffff","btnFontSize":"22","btnBgColor":"transparent","btnWidth":"25","btnHeight":"15","btnHoverBgColor":"#ef6621","btnBorderColor":"#ffffff","btnBorderWidth":"2","btnBorderRadius":"0","btnButtonAlignment":"center"},"widgetSubscribeForm":{"pbFormID":"ulpb_form9738","formLayout":"stacked","showNameField":"block","successAction":"showMessage","successURL":"","successMessage":"Thanks for subscribing! Please check your email for further instructions.","formBtnText":"Subscribe","formBtnHeight":"20","formBtnWidth":"40","formBtnBgColor":"#333","formBtnColor":"#fff","formBtnHoverBgColor":"#e3e3e3","formBtnFontSize":"16","formBtnBorderWidth":"1","formBtnBorderColor":"#111","formBtnBorderRadius":"5","formDataSaveType":"database"},"widgetVideo":{"videoWebM":"","videoMpfour":"","videoThumb":"","vidAutoPlay":"no","vidLoop":"no","vidControls":"controls"},"widgetPBPostsSlider":{"psAutoplay":"false","psSlideDelay":"1","psSlideLoop":"true","psSlideTransition":"fade","psPostsNumber":"10","psDots":"true","psArrows":"true","psFtrImage":null,"psFtrImageSize":"medium","psExcerpt":null,"psReadMore":null,"psMoreLinkText":"Read More","psHeadingSize":"24","psTextAlignment":"left","psBgColor":"transparent","psTxtColor":"#fff","psHeadingTxtColor":"#fff","psPostType":"post","psPostsOrderBy":null,"psPostsOrder":"Descending","psPostsFilterBy":"none","psFilterValue":" "},"widgetIcons":{"pbSelectedIcon":"fa-archive","pbIconSize":"55","pbIconRotation":"0","pbIconColor":"#333"},"widgetCounter":{"pbCounterID":"ulpb_counter14529","counterStartingNumber":"0","counterEndingNumber":"100","counterNumberPrefix":"","counterNumberSuffix":"","counterAnimationTime":"1000","counterTitle":"Cool Counter","counterTextColor":"#333","counterTitleColor":"[object HTMLInputElement]","counterNumberFontSize":"36","counterTitleFontSize":"34"},"widgetAudio":{"audioOgg":"","audioMpThree":"","audioAutoPlay":"no","audioLoop":"no","audioControls":"controls"},"widgetCard":{"pbSelectedCardIcon":"fa fa fa fa-archive","pbCardIconSize":"55","pbCardIconRotation":"0","pbCardIconColor":"#333","pbCardTitleColor":"#333","pbCardTitleSize":"","pbCardDescColor":"#333","pbCardDescSize":"","pbCardTitle":"This is the heading","pbCardDesc":"This is the description"}}],"columnOptions":{"bg_color":"transparent","margin":{"columnMarginTop":"0","columnMarginBottom":"0","columnMarginLeft":"0","columnMarginRight":"0"},"padding":{"columnPaddingTop":"0","columnPaddingBottom":"0","columnPaddingLeft":"0","columnPaddingRight":"0"},"width":"100.00"}},"column2":{"colWidgets":0,"columnOptions":{"bg_color":"transparent","margin":{"columnMarginTop":0,"columnMarginBottom":0,"columnMarginLeft":0,"columnMarginRight":0},"padding":{"columnPaddingTop":0,"columnPaddingBottom":0,"columnPaddingLeft":0,"columnPaddingRight":0},"width":"","columnAnimation":"none"}},"column3":{"colWidgets":0,"columnOptions":{"bg_color":"transparent","margin":{"columnMarginTop":0,"columnMarginBottom":0,"columnMarginLeft":0,"columnMarginRight":0},"padding":{"columnPaddingTop":0,"columnPaddingBottom":0,"columnPaddingLeft":0,"columnPaddingRight":0},"width":"","columnAnimation":"none"}},"column4":{"colWidgets":0,"columnOptions":{"bg_color":"transparent","margin":{"columnMarginTop":0,"columnMarginBottom":0,"columnMarginLeft":0,"columnMarginRight":0},"padding":{"columnPaddingTop":0,"columnPaddingBottom":0,"columnPaddingLeft":0,"columnPaddingRight":0},"width":"","columnAnimation":"none"}},"column5":{"colWidgets":0,"columnOptions":{"bg_color":"transparent","margin":{"columnMarginTop":0,"columnMarginBottom":0,"columnMarginLeft":0,"columnMarginRight":0},"padding":{"columnPaddingTop":0,"columnPaddingBottom":0,"columnPaddingLeft":0,"columnPaddingRight":0},"width":"","columnAnimation":"none"}},"column6":{"colWidgets":0,"columnOptions":{"bg_color":"transparent","margin":{"columnMarginTop":0,"columnMarginBottom":0,"columnMarginLeft":0,"columnMarginRight":0},"padding":{"columnPaddingTop":0,"columnPaddingBottom":0,"columnPaddingLeft":0,"columnPaddingRight":0},"width":"","columnAnimation":"none"}},"column7":{"colWidgets":0,"columnOptions":{"bg_color":"transparent","margin":{"columnMarginTop":0,"columnMarginBottom":0,"columnMarginLeft":0,"columnMarginRight":0},"padding":{"columnPaddingTop":0,"columnPaddingBottom":0,"columnPaddingLeft":0,"columnPaddingRight":0},"width":"","columnAnimation":"none"}},"column8":{"colWidgets":0,"columnOptions":{"bg_color":"transparent","margin":{"columnMarginTop":0,"columnMarginBottom":0,"columnMarginLeft":0,"columnMarginRight":0},"padding":{"columnPaddingTop":0,"columnPaddingBottom":0,"columnPaddingLeft":0,"columnPaddingRight":0},"width":"","columnAnimation":"none"}}},{"rowID":"ulpb_Row87338","rowHeight":"300","rowHeightUnit":"px","rowHeightTablet":"","rowHeightUnitTablet":"","rowHeightMobile":"","rowHeightUnitMobile":"","columns":"1","columnsDivRule":"none","rowData":{"bg_color":"#ffffff","bg_img":"","margin":{"rowMarginTop":0,"rowMarginBottom":0,"rowMarginLeft":0,"rowMarginRight":0},"padding":{"rowPaddingTop":0,"rowPaddingBottom":0,"rowPaddingLeft":0,"rowPaddingRight":0},"video":{"rowBgVideoEnable":"false","rowBgVideoLoop":"loop","rowVideoMpfour":"","rowVideoWebM":"","rowVideoThumb":""},"customStyling":"/* Insert your custom CSS here. */","customJS":"/* Insert your JS codes here. */"},"column1":{"colWidgets":[{"widgetType":"wigt-WYSIWYG","widgetStyling":"/* Custom CSS for widget here. */","widgetMtop":"0","widgetMleft":"35","widgetMbottom":"3","widgetMright":"35","widgetBgColor":"transparent","widgetAnimation":null,"widgetWYSIWYG":{"widgetContent":"<h3 style=\"text-align: center;\" data-mce-style=\"text-align: center;\">&nbsp;<br></h3><h3 style=\"text-align: center;\" data-mce-style=\"text-align: center;\"><span style=\"font-family: tahoma, arial, helvetica, sans-serif; font-size: 24pt; color: #2c2c2a;\" data-mce-style=\"font-family: tahoma, arial, helvetica, sans-serif; font-size: 24pt; color: #2c2c2a;\">Who's this for ?</span></h3><p><br></p><p style=\"text-align: left; line-height: 2.5em;\" data-mce-style=\"text-align: left; line-height: 2.5em;\"><span style=\"color: #808080; font-size: 14pt;\" data-mce-style=\"color: #808080; font-size: 14pt;\"><span style=\"color: rgb(184, 184, 184);\" data-mce-style=\"color: #b8b8b8;\">Lorem ipsum dolor sit amet, congue iracundia eum ex, nec et putent scripserit. Nam ad alia conceptam, dicit insolens mei te, euismod patrioque sed ut. Ut mea vidisse discere minimum. Ex meis saepe primis vim, pro falli euismod dissentiunt at. Ipsum dignissim</span><strong> constituto at has.</strong></span></p><p style=\"text-align: left;\" data-mce-style=\"text-align: left;\">&nbsp;<br></p>"},"widgetMenu":{"menuName":"Select","menuColor":""},"widgetImg":{"imgUrl":"/","imgSize":"original","imgAlignment":"default"},"widgetForm":[],"widgetSlider":{"sliderName":"Select"},"widgetSform":{"sFormName":"Select"},"widgetPostSlider":[],"widgetTestimonialSlider":[],"widgetSocialFeed":[],"widgetButton":{"btnText":"Click Me","btnLink":"https://pluginops.com/page-builder/?ref=LPBTempButton","btnTextColor":"#fff","btnFontSize":"","btnBgColor":"#333","btnWidth":"40","btnHeight":"20","btnHoverBgColor":"#222","btnBorderColor":"","btnBorderWidth":"","btnBorderRadius":"10","btnButtonAlignment":null},"widgetSubscribeForm":{"pbFormID":"ulpb_form9738","formLayout":"stacked","showNameField":"block","successAction":"showMessage","successURL":"","successMessage":"Thanks for subscribing! Please check your email for further instructions.","formBtnText":"Subscribe","formBtnHeight":"20","formBtnWidth":"40","formBtnBgColor":"#333","formBtnColor":"#fff","formBtnHoverBgColor":"#e3e3e3","formBtnFontSize":"16","formBtnBorderWidth":"1","formBtnBorderColor":"#111","formBtnBorderRadius":"5","formDataSaveType":"database"},"widgetVideo":{"videoWebM":"","videoMpfour":"","videoThumb":"","vidAutoPlay":"no","vidLoop":"no","vidControls":"controls"},"widgetPBPostsSlider":{"psAutoplay":"false","psSlideDelay":"1","psSlideLoop":"true","psSlideTransition":"fade","psPostsNumber":"10","psDots":"true","psArrows":"true","psFtrImage":null,"psFtrImageSize":"medium","psExcerpt":null,"psReadMore":null,"psMoreLinkText":"Read More","psHeadingSize":"24","psTextAlignment":"left","psBgColor":"transparent","psTxtColor":"#fff","psHeadingTxtColor":"#fff","psPostType":"post","psPostsOrderBy":null,"psPostsOrder":"Descending","psPostsFilterBy":"none","psFilterValue":" "},"widgetIcons":{"pbSelectedIcon":"fa-archive","pbIconSize":"55","pbIconRotation":"0","pbIconColor":"#333"},"widgetCounter":{"pbCounterID":"ulpb_counter14529","counterStartingNumber":"0","counterEndingNumber":"100","counterNumberPrefix":"","counterNumberSuffix":"","counterAnimationTime":"1000","counterTitle":"Cool Counter","counterTextColor":"#333","counterTitleColor":"[object HTMLInputElement]","counterNumberFontSize":"36","counterTitleFontSize":"34"},"widgetAudio":{"audioOgg":"","audioMpThree":"","audioAutoPlay":"no","audioLoop":"no","audioControls":"controls"},"widgetCard":{"pbSelectedCardIcon":"fa fa fa fa fa fa fa fa-archive","pbCardIconSize":"55","pbCardIconRotation":"0","pbCardIconColor":"#333","pbCardTitleColor":"#333","pbCardTitleSize":"","pbCardDescColor":"#333","pbCardDescSize":"","pbCardTitle":"This is the heading","pbCardDesc":"This is the description"}}],"columnOptions":{"bg_color":"transparent","margin":{"columnMarginTop":"0","columnMarginBottom":"0","columnMarginLeft":"0","columnMarginRight":"0"},"padding":{"columnPaddingTop":"0","columnPaddingBottom":"0","columnPaddingLeft":"0","columnPaddingRight":"0"},"width":"100.00"}},"column2":{"colWidgets":0,"columnOptions":{"bg_color":"transparent","margin":{"columnMarginTop":0,"columnMarginBottom":0,"columnMarginLeft":0,"columnMarginRight":0},"padding":{"columnPaddingTop":0,"columnPaddingBottom":0,"columnPaddingLeft":0,"columnPaddingRight":0},"width":"","columnAnimation":"none"}},"column3":{"colWidgets":0,"columnOptions":{"bg_color":"transparent","margin":{"columnMarginTop":0,"columnMarginBottom":0,"columnMarginLeft":0,"columnMarginRight":0},"padding":{"columnPaddingTop":0,"columnPaddingBottom":0,"columnPaddingLeft":0,"columnPaddingRight":0},"width":"","columnAnimation":"none"}},"column4":{"colWidgets":0,"columnOptions":{"bg_color":"transparent","margin":{"columnMarginTop":0,"columnMarginBottom":0,"columnMarginLeft":0,"columnMarginRight":0},"padding":{"columnPaddingTop":0,"columnPaddingBottom":0,"columnPaddingLeft":0,"columnPaddingRight":0},"width":"","columnAnimation":"none"}},"column5":{"colWidgets":0,"columnOptions":{"bg_color":"transparent","margin":{"columnMarginTop":0,"columnMarginBottom":0,"columnMarginLeft":0,"columnMarginRight":0},"padding":{"columnPaddingTop":0,"columnPaddingBottom":0,"columnPaddingLeft":0,"columnPaddingRight":0},"width":"","columnAnimation":"none"}},"column6":{"colWidgets":0,"columnOptions":{"bg_color":"transparent","margin":{"columnMarginTop":0,"columnMarginBottom":0,"columnMarginLeft":0,"columnMarginRight":0},"padding":{"columnPaddingTop":0,"columnPaddingBottom":0,"columnPaddingLeft":0,"columnPaddingRight":0},"width":"","columnAnimation":"none"}},"column7":{"colWidgets":0,"columnOptions":{"bg_color":"transparent","margin":{"columnMarginTop":0,"columnMarginBottom":0,"columnMarginLeft":0,"columnMarginRight":0},"padding":{"columnPaddingTop":0,"columnPaddingBottom":0,"columnPaddingLeft":0,"columnPaddingRight":0},"width":"","columnAnimation":"none"}},"column8":{"colWidgets":0,"columnOptions":{"bg_color":"transparent","margin":{"columnMarginTop":0,"columnMarginBottom":0,"columnMarginLeft":0,"columnMarginRight":0},"padding":{"columnPaddingTop":0,"columnPaddingBottom":0,"columnPaddingLeft":0,"columnPaddingRight":0},"width":"","columnAnimation":"none"}}},{"rowID":"ulpb_Row80082","rowHeight":"550","rowHeightUnit":"px","rowHeightTablet":"","rowHeightUnitTablet":"","rowHeightMobile":"","rowHeightUnitMobile":"","columns":"1","columnsDivRule":"none","rowData":{"bg_color":"#f5f5f5","bg_img":"","margin":{"rowMarginTop":"0","rowMarginBottom":"0","rowMarginLeft":"0","rowMarginRight":"0"},"padding":{"rowPaddingTop":"0","rowPaddingBottom":"0","rowPaddingLeft":"0","rowPaddingRight":"0"},"video":{"rowBgVideoEnable":"false","rowBgVideoLoop":"loop","rowVideoMpfour":"","rowVideoWebM":"","rowVideoThumb":""},"customStyling":"/* Insert your custom CSS here. */","customJS":"/* Insert your JS codes here. */"},"column1":{"colWidgets":[{"widgetType":"wigt-WYSIWYG","widgetStyling":"/* Custom CSS for widget here. */","widgetMtop":"4","widgetMleft":"0","widgetMbottom":"1","widgetMright":"0","widgetBgColor":"transparent","widgetAnimation":null,"widgetWYSIWYG":{"widgetContent":"<h2 data-mce-style=\"text-align: center;\" style=\"text-align: center;\"><span style=\"font-family: helvetica, arial, sans-serif; font-size: 24pt;\" data-mce-style=\"font-family: helvetica, arial, sans-serif; font-size: 24pt;\">Who's teaching it?</span></h2>"},"widgetMenu":{"menuName":"Select","menuColor":""},"widgetImg":{"imgUrl":"/","imgSize":"original","imgAlignment":"default"},"widgetForm":[],"widgetSlider":{"sliderName":"Select"},"widgetSform":{"sFormName":"Select"},"widgetPostSlider":[],"widgetTestimonialSlider":[],"widgetSocialFeed":[],"widgetButton":{"btnText":"Click Me","btnLink":"https://pluginops.com/page-builder/?ref=LPBTempButton","btnTextColor":"#fff","btnFontSize":"","btnBgColor":"#333","btnWidth":"40","btnHeight":"20","btnHoverBgColor":"#222","btnBorderColor":"","btnBorderWidth":"","btnBorderRadius":"10","btnButtonAlignment":null},"widgetSubscribeForm":{"pbFormID":"ulpb_form9738","formLayout":"stacked","showNameField":"block","successAction":"showMessage","successURL":"","successMessage":"Thanks for subscribing! Please check your email for further instructions.","formBtnText":"Subscribe","formBtnHeight":"20","formBtnWidth":"40","formBtnBgColor":"#333","formBtnColor":"#fff","formBtnHoverBgColor":"#e3e3e3","formBtnFontSize":"16","formBtnBorderWidth":"1","formBtnBorderColor":"#111","formBtnBorderRadius":"5","formDataSaveType":"database"},"widgetVideo":{"videoWebM":"","videoMpfour":"","videoThumb":"","vidAutoPlay":"no","vidLoop":"no","vidControls":"controls"},"widgetPBPostsSlider":{"psAutoplay":"false","psSlideDelay":"1","psSlideLoop":"true","psSlideTransition":"fade","psPostsNumber":"10","psDots":"true","psArrows":"true","psFtrImage":null,"psFtrImageSize":"medium","psExcerpt":null,"psReadMore":null,"psMoreLinkText":"Read More","psHeadingSize":"24","psTextAlignment":"left","psBgColor":"transparent","psTxtColor":"#fff","psHeadingTxtColor":"#fff","psPostType":"post","psPostsOrderBy":null,"psPostsOrder":"Descending","psPostsFilterBy":"none","psFilterValue":" "},"widgetIcons":{"pbSelectedIcon":"fa-archive","pbIconSize":"55","pbIconRotation":"0","pbIconColor":"#333"},"widgetCounter":{"pbCounterID":"ulpb_counter14529","counterStartingNumber":"0","counterEndingNumber":"100","counterNumberPrefix":"","counterNumberSuffix":"","counterAnimationTime":"1000","counterTitle":"Cool Counter","counterTextColor":"#333","counterTitleColor":"[object HTMLInputElement]","counterNumberFontSize":"36","counterTitleFontSize":"34"},"widgetAudio":{"audioOgg":"","audioMpThree":"","audioAutoPlay":"no","audioLoop":"no","audioControls":"controls"},"widgetCard":{"pbSelectedCardIcon":"fa fa-archive","pbCardIconSize":"55","pbCardIconRotation":"0","pbCardIconColor":"#333","pbCardTitleColor":"#333","pbCardTitleSize":"","pbCardDescColor":"#333","pbCardDescSize":"","pbCardTitle":"This is the heading","pbCardDesc":"This is the description"}},{"widgetType":"wigt-WYSIWYG","widgetStyling":"/* Custom CSS for widget here. */","widgetMtop":"0","widgetMleft":"0","widgetMbottom":"0","widgetMright":"0","widgetBgColor":"transparent","widgetAnimation":null,"widgetWYSIWYG":{"widgetContent":"<p style=\"text-align: center;\" data-mce-style=\"text-align: center;\"><a href=\"http://localhost:81/wordpress/wp-content/uploads/2017/04/pexels-photo-324658.jpeg\" data-mce-href=\"http://localhost:81/wordpress/wp-content/uploads/2017/04/pexels-photo-324658.jpeg\"><img class=\"aligncenter size-medium wp-image-1483\" style=\"border-radius: 200px; width: 150px; height: 150px;\" src=\"http://localhost:81/wordpress/wp-content/uploads/2017/04/pexels-photo-324658-300x200.jpeg\" alt=\"\" data-mce-src=\"http://localhost:81/wordpress/wp-content/uploads/2017/04/pexels-photo-324658-300x200.jpeg\" data-mce-style=\"border-radius: 200px; width: 150px; height: 150px;\"></a></p>"},"widgetMenu":{"menuName":"Select","menuColor":""},"widgetImg":{"imgUrl":"/","imgSize":"original","imgAlignment":"default"},"widgetForm":[],"widgetSlider":{"sliderName":"Select"},"widgetSform":{"sFormName":"Select"},"widgetPostSlider":[],"widgetTestimonialSlider":[],"widgetSocialFeed":[],"widgetButton":{"btnText":"Click Me","btnLink":"https://pluginops.com/page-builder/?ref=LPBTempButton","btnTextColor":"#fff","btnFontSize":"","btnBgColor":"#333","btnWidth":"40","btnHeight":"20","btnHoverBgColor":"#222","btnBorderColor":"","btnBorderWidth":"","btnBorderRadius":"10","btnButtonAlignment":null},"widgetSubscribeForm":{"pbFormID":"ulpb_form9738","formLayout":"stacked","showNameField":"block","successAction":"showMessage","successURL":"","successMessage":"Thanks for subscribing! Please check your email for further instructions.","formBtnText":"Subscribe","formBtnHeight":"20","formBtnWidth":"40","formBtnBgColor":"#333","formBtnColor":"#fff","formBtnHoverBgColor":"#e3e3e3","formBtnFontSize":"16","formBtnBorderWidth":"1","formBtnBorderColor":"#111","formBtnBorderRadius":"5","formDataSaveType":"database"},"widgetVideo":{"videoWebM":"","videoMpfour":"","videoThumb":"","vidAutoPlay":"no","vidLoop":"no","vidControls":"controls"},"widgetPBPostsSlider":{"psAutoplay":"false","psSlideDelay":"1","psSlideLoop":"true","psSlideTransition":"fade","psPostsNumber":"10","psDots":"true","psArrows":"true","psFtrImage":null,"psFtrImageSize":"medium","psExcerpt":null,"psReadMore":null,"psMoreLinkText":"Read More","psHeadingSize":"24","psTextAlignment":"left","psBgColor":"transparent","psTxtColor":"#fff","psHeadingTxtColor":"#fff","psPostType":"post","psPostsOrderBy":null,"psPostsOrder":"Descending","psPostsFilterBy":"none","psFilterValue":" "},"widgetIcons":{"pbSelectedIcon":"fa-archive","pbIconSize":"55","pbIconRotation":"0","pbIconColor":"#333"},"widgetCounter":{"pbCounterID":"ulpb_counter14529","counterStartingNumber":"0","counterEndingNumber":"100","counterNumberPrefix":"","counterNumberSuffix":"","counterAnimationTime":"1000","counterTitle":"Cool Counter","counterTextColor":"#333","counterTitleColor":"[object HTMLInputElement]","counterNumberFontSize":"36","counterTitleFontSize":"34"},"widgetAudio":{"audioOgg":"","audioMpThree":"","audioAutoPlay":"no","audioLoop":"no","audioControls":"controls"},"widgetCard":{"pbSelectedCardIcon":"fa fa fa fa-archive","pbCardIconSize":"55","pbCardIconRotation":"0","pbCardIconColor":"#333","pbCardTitleColor":"#333","pbCardTitleSize":"","pbCardDescColor":"#333","pbCardDescSize":"","pbCardTitle":"This is the heading","pbCardDesc":"This is the description"}},{"widgetType":"wigt-WYSIWYG","widgetStyling":"/* Custom CSS for widget here. */","widgetMtop":"3","widgetMleft":"30","widgetMbottom":"3","widgetMright":"30","widgetBgColor":"transparent","widgetAnimation":null,"widgetWYSIWYG":{"widgetContent":"<p><span style=\"font-family: helvetica, arial, sans-serif; font-size: 14pt; line-height: 2.5em; color: rgb(184, 184, 184);\" data-mce-style=\"font-family: helvetica, arial, sans-serif; font-size: 14pt; line-height: 2.5em; color: #b8b8b8;\"><strong><span style=\"color: rgb(128, 128, 128);\" data-mce-style=\"color: #808080;\">Lorem ipsum dolor</span> </strong>sit amet, congue iracundia eum ex, nec et putent scripserit. Nam ad alia conceptam, dicit insolens mei te, euismod patrioque sed ut. Ut mea vidisse discere minimum. Ex meis saepe primis vim, pro falli euismod dissentiunt at. Ipsum dignissim constituto at has.</span></p><p style=\"text-align: left; line-height: 2.5em;\" data-mce-style=\"text-align: left; line-height: 2.5em;\"><span style=\"line-height: 2.5em; font-family: helvetica, arial, sans-serif; font-size: 14pt;\" data-mce-style=\"line-height: 2.5em; font-family: helvetica, arial, sans-serif; font-size: 14pt;\"><span style=\"color: rgb(184, 184, 184);\" data-mce-style=\"color: #b8b8b8;\">At usu decore democritum. Per ex munere expetenda, ei nec sale constituam. Causae expetenda ei ius. Veniam offendit neglegentur nam ex, no augue ponderum pri. Pri ut wisi partiendo eloquentiam, facer oporteat no sit. An hinc tincidunt consectetuer duo. In sea summo malorum reformidans, sea audiam scaevola cu.</span></span></p>"},"widgetMenu":{"menuName":"Select","menuColor":""},"widgetImg":{"imgUrl":"/","imgSize":"original","imgAlignment":"default"},"widgetForm":[],"widgetSlider":{"sliderName":"Select"},"widgetSform":{"sFormName":"Select"},"widgetPostSlider":[],"widgetTestimonialSlider":[],"widgetSocialFeed":[],"widgetButton":{"btnText":"Click Me","btnLink":"https://pluginops.com/page-builder/?ref=LPBTempButton","btnTextColor":"#fff","btnFontSize":"","btnBgColor":"#333","btnWidth":"40","btnHeight":"20","btnHoverBgColor":"#222","btnBorderColor":"","btnBorderWidth":"","btnBorderRadius":"10","btnButtonAlignment":null},"widgetSubscribeForm":{"pbFormID":"ulpb_form9738","formLayout":"stacked","showNameField":"block","successAction":"showMessage","successURL":"","successMessage":"Thanks for subscribing! Please check your email for further instructions.","formBtnText":"Subscribe","formBtnHeight":"20","formBtnWidth":"40","formBtnBgColor":"#333","formBtnColor":"#fff","formBtnHoverBgColor":"#e3e3e3","formBtnFontSize":"16","formBtnBorderWidth":"1","formBtnBorderColor":"#111","formBtnBorderRadius":"5","formDataSaveType":"database"},"widgetVideo":{"videoWebM":"","videoMpfour":"","videoThumb":"","vidAutoPlay":"no","vidLoop":"no","vidControls":"controls"},"widgetPBPostsSlider":{"psAutoplay":"false","psSlideDelay":"1","psSlideLoop":"true","psSlideTransition":"fade","psPostsNumber":"10","psDots":"true","psArrows":"true","psFtrImage":null,"psFtrImageSize":"medium","psExcerpt":null,"psReadMore":null,"psMoreLinkText":"Read More","psHeadingSize":"24","psTextAlignment":"left","psBgColor":"transparent","psTxtColor":"#fff","psHeadingTxtColor":"#fff","psPostType":"post","psPostsOrderBy":null,"psPostsOrder":"Descending","psPostsFilterBy":"none","psFilterValue":" "},"widgetIcons":{"pbSelectedIcon":"fa-archive","pbIconSize":"55","pbIconRotation":"0","pbIconColor":"#333"},"widgetCounter":{"pbCounterID":"ulpb_counter14529","counterStartingNumber":"0","counterEndingNumber":"100","counterNumberPrefix":"","counterNumberSuffix":"","counterAnimationTime":"1000","counterTitle":"Cool Counter","counterTextColor":"#333","counterTitleColor":"[object HTMLInputElement]","counterNumberFontSize":"36","counterTitleFontSize":"34"},"widgetAudio":{"audioOgg":"","audioMpThree":"","audioAutoPlay":"no","audioLoop":"no","audioControls":"controls"},"widgetCard":{"pbSelectedCardIcon":"fa fa fa fa fa-archive","pbCardIconSize":"55","pbCardIconRotation":"0","pbCardIconColor":"#333","pbCardTitleColor":"#333","pbCardTitleSize":"","pbCardDescColor":"#333","pbCardDescSize":"","pbCardTitle":"This is the heading","pbCardDesc":"This is the description"}}],"columnOptions":{"bg_color":"transparent","margin":{"columnMarginTop":"0","columnMarginBottom":"0","columnMarginLeft":"0","columnMarginRight":"0"},"padding":{"columnPaddingTop":"0","columnPaddingBottom":"0","columnPaddingLeft":"0","columnPaddingRight":"0"},"width":"100.00"}},"column2":{"colWidgets":0,"columnOptions":{"bg_color":"transparent","margin":{"columnMarginTop":0,"columnMarginBottom":0,"columnMarginLeft":0,"columnMarginRight":0},"padding":{"columnPaddingTop":0,"columnPaddingBottom":0,"columnPaddingLeft":0,"columnPaddingRight":0},"width":"","columnAnimation":"none"}},"column3":{"colWidgets":0,"columnOptions":{"bg_color":"transparent","margin":{"columnMarginTop":0,"columnMarginBottom":0,"columnMarginLeft":0,"columnMarginRight":0},"padding":{"columnPaddingTop":0,"columnPaddingBottom":0,"columnPaddingLeft":0,"columnPaddingRight":0},"width":"","columnAnimation":"none"}},"column4":{"colWidgets":0,"columnOptions":{"bg_color":"transparent","margin":{"columnMarginTop":0,"columnMarginBottom":0,"columnMarginLeft":0,"columnMarginRight":0},"padding":{"columnPaddingTop":0,"columnPaddingBottom":0,"columnPaddingLeft":0,"columnPaddingRight":0},"width":"","columnAnimation":"none"}},"column5":{"colWidgets":0,"columnOptions":{"bg_color":"transparent","margin":{"columnMarginTop":0,"columnMarginBottom":0,"columnMarginLeft":0,"columnMarginRight":0},"padding":{"columnPaddingTop":0,"columnPaddingBottom":0,"columnPaddingLeft":0,"columnPaddingRight":0},"width":"","columnAnimation":"none"}},"column6":{"colWidgets":0,"columnOptions":{"bg_color":"transparent","margin":{"columnMarginTop":0,"columnMarginBottom":0,"columnMarginLeft":0,"columnMarginRight":0},"padding":{"columnPaddingTop":0,"columnPaddingBottom":0,"columnPaddingLeft":0,"columnPaddingRight":0},"width":"","columnAnimation":"none"}},"column7":{"colWidgets":0,"columnOptions":{"bg_color":"transparent","margin":{"columnMarginTop":0,"columnMarginBottom":0,"columnMarginLeft":0,"columnMarginRight":0},"padding":{"columnPaddingTop":0,"columnPaddingBottom":0,"columnPaddingLeft":0,"columnPaddingRight":0},"width":"","columnAnimation":"none"}},"column8":{"colWidgets":0,"columnOptions":{"bg_color":"transparent","margin":{"columnMarginTop":0,"columnMarginBottom":0,"columnMarginLeft":0,"columnMarginRight":0},"padding":{"columnPaddingTop":0,"columnPaddingBottom":0,"columnPaddingLeft":0,"columnPaddingRight":0},"width":"","columnAnimation":"none"}}},{"rowID":"ulpb_Row36824","rowHeight":"200","rowHeightUnit":"px","rowHeightTablet":"","rowHeightUnitTablet":"","rowHeightMobile":"","rowHeightUnitMobile":"","columns":"1","columnsDivRule":"none","rowData":{"bg_color":"#f5f5f5","bg_img":"","margin":{"rowMarginTop":"0","rowMarginBottom":"0","rowMarginLeft":"0","rowMarginRight":"0"},"padding":{"rowPaddingTop":"0","rowPaddingBottom":"0","rowPaddingLeft":"15","rowPaddingRight":"15"},"video":{"rowBgVideoEnable":"false","rowBgVideoLoop":"loop","rowVideoMpfour":"","rowVideoWebM":"","rowVideoThumb":""},"customStyling":"/* Insert your custom CSS here. */","customJS":"/* Insert your JS codes here. */"},"column1":{"colWidgets":[{"widgetType":"wigt-WYSIWYG","widgetStyling":"/* Custom CSS for widget here. */","widgetMtop":"2","widgetMleft":"0","widgetMbottom":"2","widgetMright":"0","widgetBgColor":"transparent","widgetAnimation":null,"widgetWYSIWYG":{"widgetContent":"<h3 data-mce-style=\"text-align: center;\" style=\"text-align: center;\"><span style=\"font-size: 24pt; font-family: tahoma, arial, helvetica, sans-serif;\" data-mce-style=\"font-size: 24pt; font-family: tahoma, arial, helvetica, sans-serif;\">A few more examples of live webinars I teach</span></h3>"},"widgetMenu":{"menuName":"Select","menuColor":""},"widgetImg":{"imgUrl":"/","imgSize":"original","imgAlignment":"default"},"widgetForm":[],"widgetSlider":{"sliderName":"Select"},"widgetSform":{"sFormName":"Select"},"widgetPostSlider":[],"widgetTestimonialSlider":[],"widgetSocialFeed":[],"widgetButton":{"btnText":"Click Me","btnLink":"https://pluginops.com/page-builder/?ref=LPBTempButton","btnTextColor":"#fff","btnFontSize":"","btnBgColor":"#333","btnWidth":"40","btnHeight":"20","btnHoverBgColor":"#222","btnBorderColor":"","btnBorderWidth":"","btnBorderRadius":"10","btnButtonAlignment":null},"widgetSubscribeForm":{"pbFormID":"ulpb_form7949","formLayout":"stacked","showNameField":"block","successAction":"showMessage","successURL":"","successMessage":"Thanks for subscribing! Please check your email for further instructions.","formBtnText":"Subscribe","formBtnHeight":"20","formBtnWidth":"40","formBtnBgColor":"#333","formBtnColor":"#fff","formBtnHoverBgColor":"#e3e3e3","formBtnFontSize":"16","formBtnBorderWidth":"1","formBtnBorderColor":"#111","formBtnBorderRadius":"5","formDataSaveType":"database"},"widgetVideo":{"videoWebM":"","videoMpfour":"","videoThumb":"","vidAutoPlay":"no","vidLoop":"no","vidControls":"controls"},"widgetPBPostsSlider":{"psAutoplay":"false","psSlideDelay":"1","psSlideLoop":"true","psSlideTransition":"fade","psPostsNumber":"10","psDots":"true","psArrows":"true","psFtrImage":null,"psFtrImageSize":"medium","psExcerpt":null,"psReadMore":null,"psMoreLinkText":"Read More","psHeadingSize":"24","psTextAlignment":"left","psBgColor":"transparent","psTxtColor":"#fff","psHeadingTxtColor":"#fff","psPostType":"post","psPostsOrderBy":null,"psPostsOrder":"Descending","psPostsFilterBy":"none","psFilterValue":" "},"widgetIcons":{"pbSelectedIcon":"fa-archive","pbIconSize":"55","pbIconRotation":"0","pbIconColor":"#333"},"widgetCounter":{"pbCounterID":"ulpb_counter10339","counterStartingNumber":"0","counterEndingNumber":"100","counterNumberPrefix":"","counterNumberSuffix":"","counterAnimationTime":"1000","counterTitle":"Cool Counter","counterTextColor":"#333","counterTitleColor":"[object HTMLInputElement]","counterNumberFontSize":"36","counterTitleFontSize":"34"},"widgetAudio":{"audioOgg":"","audioMpThree":"","audioAutoPlay":"no","audioLoop":"no","audioControls":"controls"},"widgetCard":{"pbSelectedCardIcon":"fa fa-archive","pbCardIconSize":"55","pbCardIconRotation":"0","pbCardIconColor":"#333","pbCardTitleColor":"#333","pbCardTitleSize":"","pbCardDescColor":"#333","pbCardDescSize":"","pbCardTitle":"This is the heading","pbCardDesc":"This is the description"}},{"widgetType":"wigt-WYSIWYG","widgetStyling":"/* Custom CSS for widget here. */\ntext-align:center","widgetMtop":"0","widgetMleft":"0","widgetMbottom":"3","widgetMright":"0","widgetBgColor":"transparent","widgetAnimation":null,"widgetWYSIWYG":{"widgetContent":"<p><img class=\"alignnone \" src=\"https://smuzthemes.com/wp-content/uploads/2017/06/How-to-Write-a-Book-The-Secret-to-a-Super-Fast-First-Draft-SPI-TV-Ep.-1-YouTube.png\" width=\"343\" height=\"189\" data-mce-src=\"https://smuzthemes.com/wp-content/uploads/2017/06/How-to-Write-a-Book-The-Secret-to-a-Super-Fast-First-Draft-SPI-TV-Ep.-1-YouTube.png\">\n<img class=\"alignnone \" src=\"https://smuzthemes.com/wp-content/uploads/2017/06/5-Steps-to-Running-a-Successful-Webinar-YouTube.png\" width=\"343\" height=\"189\" d>\n<img class=\"alignnone \" src=\"https://smuzthemes.com/wp-content/uploads/2017/06/How-to-Write-a-Book-The-Secret-to-a-Super-Fast-First-Draft-SPI-TV-Ep.-1-YouTube.png\" width=\"343\" height=\"189\" ></p>"},"widgetMenu":{"menuName":"Select","menuColor":""},"widgetImg":{"imgUrl":"/","imgSize":"original","imgAlignment":"default"},"widgetForm":[],"widgetSlider":{"sliderName":"Select"},"widgetSform":{"sFormName":"Select"},"widgetPostSlider":[],"widgetTestimonialSlider":[],"widgetSocialFeed":[],"widgetButton":{"btnText":"Click Me","btnLink":"https://pluginops.com/page-builder/?ref=LPBTempButton","btnTextColor":"#fff","btnFontSize":"","btnBgColor":"#333","btnWidth":"40","btnHeight":"20","btnHoverBgColor":"#222","btnBorderColor":"","btnBorderWidth":"","btnBorderRadius":"10","btnButtonAlignment":null},"widgetSubscribeForm":{"pbFormID":"ulpb_form7949","formLayout":"stacked","showNameField":"block","successAction":"showMessage","successURL":"","successMessage":"Thanks for subscribing! Please check your email for further instructions.","formBtnText":"Subscribe","formBtnHeight":"20","formBtnWidth":"40","formBtnBgColor":"#333","formBtnColor":"#fff","formBtnHoverBgColor":"#e3e3e3","formBtnFontSize":"16","formBtnBorderWidth":"1","formBtnBorderColor":"#111","formBtnBorderRadius":"5","formDataSaveType":"database"},"widgetVideo":{"videoWebM":"","videoMpfour":"","videoThumb":"","vidAutoPlay":"no","vidLoop":"no","vidControls":"controls"},"widgetPBPostsSlider":{"psAutoplay":"false","psSlideDelay":"1","psSlideLoop":"true","psSlideTransition":"fade","psPostsNumber":"10","psDots":"true","psArrows":"true","psFtrImage":null,"psFtrImageSize":"medium","psExcerpt":null,"psReadMore":null,"psMoreLinkText":"Read More","psHeadingSize":"24","psTextAlignment":"left","psBgColor":"transparent","psTxtColor":"#fff","psHeadingTxtColor":"#fff","psPostType":"post","psPostsOrderBy":null,"psPostsOrder":"Descending","psPostsFilterBy":"none","psFilterValue":" "},"widgetIcons":{"pbSelectedIcon":"fa-archive","pbIconSize":"55","pbIconRotation":"0","pbIconColor":"#333"},"widgetCounter":{"pbCounterID":"ulpb_counter10339","counterStartingNumber":"0","counterEndingNumber":"100","counterNumberPrefix":"","counterNumberSuffix":"","counterAnimationTime":"1000","counterTitle":"Cool Counter","counterTextColor":"#333","counterTitleColor":"[object HTMLInputElement]","counterNumberFontSize":"36","counterTitleFontSize":"34"},"widgetAudio":{"audioOgg":"","audioMpThree":"","audioAutoPlay":"no","audioLoop":"no","audioControls":"controls"},"widgetCard":{"pbSelectedCardIcon":"fa fa fa fa fa-archive","pbCardIconSize":"55","pbCardIconRotation":"0","pbCardIconColor":"#333","pbCardTitleColor":"#333","pbCardTitleSize":"","pbCardDescColor":"#333","pbCardDescSize":"","pbCardTitle":"This is the heading","pbCardDesc":"This is the description"}}],"columnOptions":{"bg_color":"transparent","margin":{"columnMarginTop":"0","columnMarginBottom":"0","columnMarginLeft":"0","columnMarginRight":"0"},"padding":{"columnPaddingTop":"0","columnPaddingBottom":"0","columnPaddingLeft":"0","columnPaddingRight":"0"},"width":"99.94"}},"column2":{"colWidgets":0,"columnOptions":{"bg_color":"transparent","margin":{"columnMarginTop":0,"columnMarginBottom":0,"columnMarginLeft":0,"columnMarginRight":0},"padding":{"columnPaddingTop":0,"columnPaddingBottom":0,"columnPaddingLeft":0,"columnPaddingRight":0},"width":"","columnAnimation":"none"}},"column3":{"colWidgets":0,"columnOptions":{"bg_color":"transparent","margin":{"columnMarginTop":0,"columnMarginBottom":0,"columnMarginLeft":0,"columnMarginRight":0},"padding":{"columnPaddingTop":0,"columnPaddingBottom":0,"columnPaddingLeft":0,"columnPaddingRight":0},"width":"","columnAnimation":"none"}},"column4":{"colWidgets":0,"columnOptions":{"bg_color":"transparent","margin":{"columnMarginTop":0,"columnMarginBottom":0,"columnMarginLeft":0,"columnMarginRight":0},"padding":{"columnPaddingTop":0,"columnPaddingBottom":0,"columnPaddingLeft":0,"columnPaddingRight":0},"width":"","columnAnimation":"none"}},"column5":{"colWidgets":0,"columnOptions":{"bg_color":"transparent","margin":{"columnMarginTop":0,"columnMarginBottom":0,"columnMarginLeft":0,"columnMarginRight":0},"padding":{"columnPaddingTop":0,"columnPaddingBottom":0,"columnPaddingLeft":0,"columnPaddingRight":0},"width":"","columnAnimation":"none"}},"column6":{"colWidgets":0,"columnOptions":{"bg_color":"transparent","margin":{"columnMarginTop":0,"columnMarginBottom":0,"columnMarginLeft":0,"columnMarginRight":0},"padding":{"columnPaddingTop":0,"columnPaddingBottom":0,"columnPaddingLeft":0,"columnPaddingRight":0},"width":"","columnAnimation":"none"}},"column7":{"colWidgets":0,"columnOptions":{"bg_color":"transparent","margin":{"columnMarginTop":0,"columnMarginBottom":0,"columnMarginLeft":0,"columnMarginRight":0},"padding":{"columnPaddingTop":0,"columnPaddingBottom":0,"columnPaddingLeft":0,"columnPaddingRight":0},"width":"","columnAnimation":"none"}},"column8":{"colWidgets":0,"columnOptions":{"bg_color":"transparent","margin":{"columnMarginTop":0,"columnMarginBottom":0,"columnMarginLeft":0,"columnMarginRight":0},"padding":{"columnPaddingTop":0,"columnPaddingBottom":0,"columnPaddingLeft":0,"columnPaddingRight":0},"width":"","columnAnimation":"none"}}},{"rowID":"ulpb_Row85786","rowHeight":"60","rowHeightUnit":"px","rowHeightTablet":"","rowHeightUnitTablet":"","rowHeightMobile":"","rowHeightUnitMobile":"","columns":"4","columnsDivRule":"none","rowData":{"bg_color":"#f74e3b","bg_img":"","margin":{"rowMarginTop":"0","rowMarginBottom":"0","rowMarginLeft":"0","rowMarginRight":"0"},"padding":{"rowPaddingTop":"1","rowPaddingBottom":"1","rowPaddingLeft":"40","rowPaddingRight":"40"},"video":{"rowBgVideoEnable":"false","rowBgVideoLoop":"loop","rowVideoMpfour":"","rowVideoWebM":"","rowVideoThumb":""},"customStyling":"/* Insert your custom CSS here. */","customJS":"/* Insert your JS codes here. */"},"column1":{"colWidgets":[{"widgetType":"wigt-pb-icons","widgetStyling":"","widgetMtop":"0","widgetMleft":"0","widgetMbottom":"0","widgetMright":"0","widgetBgColor":"transparent","widgetAnimation":null,"widgetWYSIWYG":{"widgetContent":"<p>Some Text</p>"},"widgetMenu":{"menuName":"Select","menuColor":""},"widgetImg":{"imgUrl":"/","imgSize":"original","imgAlignment":"default"},"widgetForm":[],"widgetSlider":{"sliderName":"Select"},"widgetSform":{"sFormName":"Select"},"widgetPostSlider":[],"widgetTestimonialSlider":[],"widgetSocialFeed":[],"widgetButton":{"btnText":"Click Me","btnLink":"https://pluginops.com/page-builder/?ref=LPBTempButton","btnTextColor":"#fff","btnFontSize":"","btnBgColor":"#333","btnWidth":"40","btnHeight":"20","btnHoverBgColor":"#222","btnBorderColor":"","btnBorderWidth":"","btnBorderRadius":"10","btnButtonAlignment":null},"widgetSubscribeForm":{"pbFormID":"ulpb_form7949","formLayout":"stacked","showNameField":"block","successAction":"showMessage","successURL":"","successMessage":"Thanks for subscribing! Please check your email for further instructions.","formBtnText":"Subscribe","formBtnHeight":"20","formBtnWidth":"40","formBtnBgColor":"#333","formBtnColor":"#fff","formBtnHoverBgColor":"#e3e3e3","formBtnFontSize":"16","formBtnBorderWidth":"1","formBtnBorderColor":"#111","formBtnBorderRadius":"5","formDataSaveType":"database"},"widgetVideo":{"videoWebM":"","videoMpfour":"","videoThumb":"","vidAutoPlay":"no","vidLoop":"no","vidControls":"controls"},"widgetPBPostsSlider":{"psAutoplay":"false","psSlideDelay":"1","psSlideLoop":"true","psSlideTransition":"fade","psPostsNumber":"10","psDots":"true","psArrows":"true","psFtrImage":null,"psFtrImageSize":"medium","psExcerpt":null,"psReadMore":null,"psMoreLinkText":"Read More","psHeadingSize":"24","psTextAlignment":"left","psBgColor":"transparent","psTxtColor":"#fff","psHeadingTxtColor":"#fff","psPostType":"post","psPostsOrderBy":null,"psPostsOrder":"Descending","psPostsFilterBy":"none","psFilterValue":" "},"widgetIcons":{"pbSelectedIcon":"fa fa-facebook-square","pbIconSize":"45","pbIconRotation":"0","pbIconColor":"#ffffff"},"widgetCounter":{"pbCounterID":"ulpb_counter10339","counterStartingNumber":"0","counterEndingNumber":"100","counterNumberPrefix":"","counterNumberSuffix":"","counterAnimationTime":"1000","counterTitle":"Cool Counter","counterTextColor":"#333","counterTitleColor":"[object HTMLInputElement]","counterNumberFontSize":"36","counterTitleFontSize":"34"},"widgetAudio":{"audioOgg":"","audioMpThree":"","audioAutoPlay":"no","audioLoop":"no","audioControls":"controls"},"widgetCard":{"pbSelectedCardIcon":"fa fa fa fa fa fa fa fa fa fa fa fa fa fa fa-archive","pbCardIconSize":"55","pbCardIconRotation":"0","pbCardIconColor":"#333","pbCardTitleColor":"#333","pbCardTitleSize":"","pbCardDescColor":"#333","pbCardDescSize":"","pbCardTitle":"This is the heading","pbCardDesc":"This is the description"}}],"columnOptions":{"bg_color":"transparent","margin":{"columnMarginTop":"0","columnMarginBottom":"0","columnMarginLeft":"0","columnMarginRight":"0"},"padding":{"columnPaddingTop":"0","columnPaddingBottom":"0","columnPaddingLeft":"0","columnPaddingRight":"0"},"width":"25.15"}},"column2":{"colWidgets":[{"widgetType":"wigt-pb-icons","widgetStyling":"","widgetMtop":"0","widgetMleft":"0","widgetMbottom":"0","widgetMright":"0","widgetBgColor":"transparent","widgetAnimation":null,"widgetWYSIWYG":{"widgetContent":"<p>Some Text</p>"},"widgetMenu":{"menuName":"Select","menuColor":""},"widgetImg":{"imgUrl":"/","imgSize":"original","imgAlignment":"default"},"widgetForm":[],"widgetSlider":{"sliderName":"Select"},"widgetSform":{"sFormName":"Select"},"widgetPostSlider":[],"widgetTestimonialSlider":[],"widgetSocialFeed":[],"widgetButton":{"btnText":"Click Me","btnLink":"https://pluginops.com/page-builder/?ref=LPBTempButton","btnTextColor":"#fff","btnFontSize":"","btnBgColor":"#333","btnWidth":"40","btnHeight":"20","btnHoverBgColor":"#222","btnBorderColor":"","btnBorderWidth":"","btnBorderRadius":"10","btnButtonAlignment":null},"widgetSubscribeForm":{"pbFormID":"ulpb_form7949","formLayout":"stacked","showNameField":"block","successAction":"showMessage","successURL":"","successMessage":"Thanks for subscribing! Please check your email for further instructions.","formBtnText":"Subscribe","formBtnHeight":"20","formBtnWidth":"40","formBtnBgColor":"#333","formBtnColor":"#fff","formBtnHoverBgColor":"#e3e3e3","formBtnFontSize":"16","formBtnBorderWidth":"1","formBtnBorderColor":"#111","formBtnBorderRadius":"5","formDataSaveType":"database"},"widgetVideo":{"videoWebM":"","videoMpfour":"","videoThumb":"","vidAutoPlay":"no","vidLoop":"no","vidControls":"controls"},"widgetPBPostsSlider":{"psAutoplay":"false","psSlideDelay":"1","psSlideLoop":"true","psSlideTransition":"fade","psPostsNumber":"10","psDots":"true","psArrows":"true","psFtrImage":null,"psFtrImageSize":"medium","psExcerpt":null,"psReadMore":null,"psMoreLinkText":"Read More","psHeadingSize":"24","psTextAlignment":"left","psBgColor":"transparent","psTxtColor":"#fff","psHeadingTxtColor":"#fff","psPostType":"post","psPostsOrderBy":null,"psPostsOrder":"Descending","psPostsFilterBy":"none","psFilterValue":" "},"widgetIcons":{"pbSelectedIcon":"fa fa-twitter-square","pbIconSize":"45","pbIconRotation":"0","pbIconColor":"#ffffff"},"widgetCounter":{"pbCounterID":"ulpb_counter10339","counterStartingNumber":"0","counterEndingNumber":"100","counterNumberPrefix":"","counterNumberSuffix":"","counterAnimationTime":"1000","counterTitle":"Cool Counter","counterTextColor":"#333","counterTitleColor":"[object HTMLInputElement]","counterNumberFontSize":"36","counterTitleFontSize":"34"},"widgetAudio":{"audioOgg":"","audioMpThree":"","audioAutoPlay":"no","audioLoop":"no","audioControls":"controls"},"widgetCard":{"pbSelectedCardIcon":"fa fa fa fa fa fa fa fa fa fa fa fa fa fa fa fa-archive","pbCardIconSize":"55","pbCardIconRotation":"0","pbCardIconColor":"#333","pbCardTitleColor":"#333","pbCardTitleSize":"","pbCardDescColor":"#333","pbCardDescSize":"","pbCardTitle":"This is the heading","pbCardDesc":"This is the description"}}],"columnOptions":{"bg_color":"transparent","margin":{"columnMarginTop":"0","columnMarginBottom":"0","columnMarginLeft":"0","columnMarginRight":"0"},"padding":{"columnPaddingTop":"0","columnPaddingBottom":"0","columnPaddingLeft":"0","columnPaddingRight":"0"},"width":"24.22"}},"column3":{"colWidgets":[{"widgetType":"wigt-pb-icons","widgetStyling":"","widgetMtop":"0","widgetMleft":"0","widgetMbottom":"0","widgetMright":"0","widgetBgColor":"transparent","widgetAnimation":null,"widgetWYSIWYG":{"widgetContent":"<p>Some Text</p>"},"widgetMenu":{"menuName":"Select","menuColor":""},"widgetImg":{"imgUrl":"/","imgSize":"original","imgAlignment":"default"},"widgetForm":[],"widgetSlider":{"sliderName":"Select"},"widgetSform":{"sFormName":"Select"},"widgetPostSlider":[],"widgetTestimonialSlider":[],"widgetSocialFeed":[],"widgetButton":{"btnText":"Click Me","btnLink":"https://pluginops.com/page-builder/?ref=LPBTempButton","btnTextColor":"#fff","btnFontSize":"","btnBgColor":"#333","btnWidth":"40","btnHeight":"20","btnHoverBgColor":"#222","btnBorderColor":"","btnBorderWidth":"","btnBorderRadius":"10","btnButtonAlignment":null},"widgetSubscribeForm":{"pbFormID":"ulpb_form7949","formLayout":"stacked","showNameField":"block","successAction":"showMessage","successURL":"","successMessage":"Thanks for subscribing! Please check your email for further instructions.","formBtnText":"Subscribe","formBtnHeight":"20","formBtnWidth":"40","formBtnBgColor":"#333","formBtnColor":"#fff","formBtnHoverBgColor":"#e3e3e3","formBtnFontSize":"16","formBtnBorderWidth":"1","formBtnBorderColor":"#111","formBtnBorderRadius":"5","formDataSaveType":"database"},"widgetVideo":{"videoWebM":"","videoMpfour":"","videoThumb":"","vidAutoPlay":"no","vidLoop":"no","vidControls":"controls"},"widgetPBPostsSlider":{"psAutoplay":"false","psSlideDelay":"1","psSlideLoop":"true","psSlideTransition":"fade","psPostsNumber":"10","psDots":"true","psArrows":"true","psFtrImage":null,"psFtrImageSize":"medium","psExcerpt":null,"psReadMore":null,"psMoreLinkText":"Read More","psHeadingSize":"24","psTextAlignment":"left","psBgColor":"transparent","psTxtColor":"#fff","psHeadingTxtColor":"#fff","psPostType":"post","psPostsOrderBy":null,"psPostsOrder":"Descending","psPostsFilterBy":"none","psFilterValue":" "},"widgetIcons":{"pbSelectedIcon":"fa fa-pinterest-square","pbIconSize":"45","pbIconRotation":"0","pbIconColor":"#ffffff"},"widgetCounter":{"pbCounterID":"ulpb_counter10339","counterStartingNumber":"0","counterEndingNumber":"100","counterNumberPrefix":"","counterNumberSuffix":"","counterAnimationTime":"1000","counterTitle":"Cool Counter","counterTextColor":"#333","counterTitleColor":"[object HTMLInputElement]","counterNumberFontSize":"36","counterTitleFontSize":"34"},"widgetAudio":{"audioOgg":"","audioMpThree":"","audioAutoPlay":"no","audioLoop":"no","audioControls":"controls"},"widgetCard":{"pbSelectedCardIcon":"fa fa fa fa fa fa fa fa fa fa fa fa fa fa fa fa-archive","pbCardIconSize":"55","pbCardIconRotation":"0","pbCardIconColor":"#333","pbCardTitleColor":"#333","pbCardTitleSize":"","pbCardDescColor":"#333","pbCardDescSize":"","pbCardTitle":"This is the heading","pbCardDesc":"This is the description"}}],"columnOptions":{"bg_color":"transparent","margin":{"columnMarginTop":"0","columnMarginBottom":"0","columnMarginLeft":"0","columnMarginRight":"0"},"padding":{"columnPaddingTop":"0","columnPaddingBottom":"0","columnPaddingLeft":"0","columnPaddingRight":"0"},"width":"23.91"}},"column4":{"colWidgets":[{"widgetType":"wigt-pb-icons","widgetStyling":"","widgetMtop":"0","widgetMleft":"0","widgetMbottom":"0","widgetMright":"0","widgetBgColor":"transparent","widgetAnimation":null,"widgetWYSIWYG":{"widgetContent":"<p>Some Text</p>"},"widgetMenu":{"menuName":"Select","menuColor":""},"widgetImg":{"imgUrl":"/","imgSize":"original","imgAlignment":"default"},"widgetForm":[],"widgetSlider":{"sliderName":"Select"},"widgetSform":{"sFormName":"Select"},"widgetPostSlider":[],"widgetTestimonialSlider":[],"widgetSocialFeed":[],"widgetButton":{"btnText":"Click Me","btnLink":"https://pluginops.com/page-builder/?ref=LPBTempButton","btnTextColor":"#fff","btnFontSize":"","btnBgColor":"#333","btnWidth":"40","btnHeight":"20","btnHoverBgColor":"#222","btnBorderColor":"","btnBorderWidth":"","btnBorderRadius":"10","btnButtonAlignment":null},"widgetSubscribeForm":{"pbFormID":"ulpb_form7949","formLayout":"stacked","showNameField":"block","successAction":"showMessage","successURL":"","successMessage":"Thanks for subscribing! Please check your email for further instructions.","formBtnText":"Subscribe","formBtnHeight":"20","formBtnWidth":"40","formBtnBgColor":"#333","formBtnColor":"#fff","formBtnHoverBgColor":"#e3e3e3","formBtnFontSize":"16","formBtnBorderWidth":"1","formBtnBorderColor":"#111","formBtnBorderRadius":"5","formDataSaveType":"database"},"widgetVideo":{"videoWebM":"","videoMpfour":"","videoThumb":"","vidAutoPlay":"no","vidLoop":"no","vidControls":"controls"},"widgetPBPostsSlider":{"psAutoplay":"false","psSlideDelay":"1","psSlideLoop":"true","psSlideTransition":"fade","psPostsNumber":"10","psDots":"true","psArrows":"true","psFtrImage":null,"psFtrImageSize":"medium","psExcerpt":null,"psReadMore":null,"psMoreLinkText":"Read More","psHeadingSize":"24","psTextAlignment":"left","psBgColor":"transparent","psTxtColor":"#fff","psHeadingTxtColor":"#fff","psPostType":"post","psPostsOrderBy":null,"psPostsOrder":"Descending","psPostsFilterBy":"none","psFilterValue":" "},"widgetIcons":{"pbSelectedIcon":"fa fa-linkedin-square","pbIconSize":"45","pbIconRotation":"0","pbIconColor":"#ffffff"},"widgetCounter":{"pbCounterID":"ulpb_counter10339","counterStartingNumber":"0","counterEndingNumber":"100","counterNumberPrefix":"","counterNumberSuffix":"","counterAnimationTime":"1000","counterTitle":"Cool Counter","counterTextColor":"#333","counterTitleColor":"[object HTMLInputElement]","counterNumberFontSize":"36","counterTitleFontSize":"34"},"widgetAudio":{"audioOgg":"","audioMpThree":"","audioAutoPlay":"no","audioLoop":"no","audioControls":"controls"},"widgetCard":{"pbSelectedCardIcon":"fa fa fa fa fa fa fa fa fa fa fa fa fa fa fa fa-archive","pbCardIconSize":"55","pbCardIconRotation":"0","pbCardIconColor":"#333","pbCardTitleColor":"#333","pbCardTitleSize":"","pbCardDescColor":"#333","pbCardDescSize":"","pbCardTitle":"This is the heading","pbCardDesc":"This is the description"}}],"columnOptions":{"bg_color":"transparent","margin":{"columnMarginTop":"0","columnMarginBottom":"0","columnMarginLeft":"0","columnMarginRight":"0"},"padding":{"columnPaddingTop":"0","columnPaddingBottom":"0","columnPaddingLeft":"0","columnPaddingRight":"0"},"width":"23.91"}},"column5":{"colWidgets":0,"columnOptions":{"bg_color":"transparent","margin":{"columnMarginTop":0,"columnMarginBottom":0,"columnMarginLeft":0,"columnMarginRight":0},"padding":{"columnPaddingTop":0,"columnPaddingBottom":0,"columnPaddingLeft":0,"columnPaddingRight":0},"width":"","columnAnimation":"none"}},"column6":{"colWidgets":0,"columnOptions":{"bg_color":"transparent","margin":{"columnMarginTop":0,"columnMarginBottom":0,"columnMarginLeft":0,"columnMarginRight":0},"padding":{"columnPaddingTop":0,"columnPaddingBottom":0,"columnPaddingLeft":0,"columnPaddingRight":0},"width":"","columnAnimation":"none"}},"column7":{"colWidgets":0,"columnOptions":{"bg_color":"transparent","margin":{"columnMarginTop":0,"columnMarginBottom":0,"columnMarginLeft":0,"columnMarginRight":0},"padding":{"columnPaddingTop":0,"columnPaddingBottom":0,"columnPaddingLeft":0,"columnPaddingRight":0},"width":"","columnAnimation":"none"}},"column8":{"colWidgets":0,"columnOptions":{"bg_color":"transparent","margin":{"columnMarginTop":0,"columnMarginBottom":0,"columnMarginLeft":0,"columnMarginRight":0},"padding":{"columnPaddingTop":0,"columnPaddingBottom":0,"columnPaddingLeft":0,"columnPaddingRight":0},"width":"","columnAnimation":"none"}}},{"rowID":"ulpb_Row161052","rowHeight":"350","rowHeightUnit":"px","rowHeightTablet":"","rowHeightUnitTablet":"","rowHeightMobile":"","rowHeightUnitMobile":"","columns":"1","columnsDivRule":"none","rowData":{"bg_color":"#e03724","bg_img":"","margin":{"rowMarginTop":"0","rowMarginBottom":"0","rowMarginLeft":"0","rowMarginRight":"0"},"padding":{"rowPaddingTop":"0","rowPaddingBottom":"0","rowPaddingLeft":"0","rowPaddingRight":"0"},"video":{"rowBgVideoEnable":"false","rowBgVideoLoop":"loop","rowVideoMpfour":"","rowVideoWebM":"","rowVideoThumb":""},"customStyling":"/* Insert your custom CSS here. */","customJS":"/* Insert your JS codes here. */"},"column1":{"colWidgets":[{"widgetType":"wigt-WYSIWYG","widgetStyling":"/* Custom CSS for widget here. */","widgetMtop":"5","widgetMleft":"0","widgetMbottom":"0","widgetMright":"0","widgetBgColor":"transparent","widgetAnimation":null,"widgetWYSIWYG":{"widgetContent":"<p style=\"text-align: center;\" data-mce-style=\"text-align: center;\"><span style=\"font-size: 28pt; color: rgb(255, 255, 255); font-family: helvetica, arial, sans-serif;\" data-mce-style=\"font-size: 28pt; color: #ffffff; font-family: helvetica, arial, sans-serif;\">Just in case you made it all the way down here...</span></p><p style=\"text-align: center;\" data-mce-style=\"text-align: center;\"><br><span style=\"font-size: 18pt; color: rgb(255, 255, 255); font-family: helvetica, arial, sans-serif;\" data-mce-style=\"font-size: 18pt; color: #ffffff; font-family: helvetica, arial, sans-serif;\"> Sign up and be the first to know when it's available.</span></p>"},"widgetMenu":{"menuName":"Select","menuColor":""},"widgetImg":{"imgUrl":"/","imgSize":"original","imgAlignment":"default"},"widgetForm":[],"widgetSlider":{"sliderName":"Select"},"widgetSform":{"sFormName":"Select"},"widgetPostSlider":[],"widgetTestimonialSlider":[],"widgetSocialFeed":[],"widgetButton":{"btnText":"Click Me","btnLink":"https://pluginops.com/page-builder/?ref=LPBTempButton","btnTextColor":"#fff","btnFontSize":"","btnBgColor":"#333","btnWidth":"40","btnHeight":"20","btnHoverBgColor":"#222","btnBorderColor":"","btnBorderWidth":"","btnBorderRadius":"10","btnButtonAlignment":null},"widgetSubscribeForm":{"pbFormID":"ulpb_form7949","formLayout":"stacked","showNameField":"block","successAction":"showMessage","successURL":"","successMessage":"Thanks for subscribing! Please check your email for further instructions.","formBtnText":"Subscribe","formBtnHeight":"20","formBtnWidth":"40","formBtnBgColor":"#333","formBtnColor":"#fff","formBtnHoverBgColor":"#e3e3e3","formBtnFontSize":"16","formBtnBorderWidth":"1","formBtnBorderColor":"#111","formBtnBorderRadius":"5","formDataSaveType":"database"},"widgetVideo":{"videoWebM":"","videoMpfour":"","videoThumb":"","vidAutoPlay":"no","vidLoop":"no","vidControls":"controls"},"widgetPBPostsSlider":{"psAutoplay":"false","psSlideDelay":"1","psSlideLoop":"true","psSlideTransition":"fade","psPostsNumber":"10","psDots":"true","psArrows":"true","psFtrImage":null,"psFtrImageSize":"medium","psExcerpt":null,"psReadMore":null,"psMoreLinkText":"Read More","psHeadingSize":"24","psTextAlignment":"left","psBgColor":"transparent","psTxtColor":"#fff","psHeadingTxtColor":"#fff","psPostType":"post","psPostsOrderBy":null,"psPostsOrder":"Descending","psPostsFilterBy":"none","psFilterValue":" "},"widgetIcons":{"pbSelectedIcon":"fa-archive","pbIconSize":"55","pbIconRotation":"0","pbIconColor":"#333"},"widgetCounter":{"pbCounterID":"ulpb_counter10339","counterStartingNumber":"0","counterEndingNumber":"100","counterNumberPrefix":"","counterNumberSuffix":"","counterAnimationTime":"1000","counterTitle":"Cool Counter","counterTextColor":"#333","counterTitleColor":"[object HTMLInputElement]","counterNumberFontSize":"36","counterTitleFontSize":"34"},"widgetAudio":{"audioOgg":"","audioMpThree":"","audioAutoPlay":"no","audioLoop":"no","audioControls":"controls"},"widgetCard":{"pbSelectedCardIcon":"fa fa fa-archive","pbCardIconSize":"55","pbCardIconRotation":"0","pbCardIconColor":"#333","pbCardTitleColor":"#333","pbCardTitleSize":"","pbCardDescColor":"#333","pbCardDescSize":"","pbCardTitle":"This is the heading","pbCardDesc":"This is the description"}},{"widgetType":"wigt-btn-gen","widgetStyling":"/* Custom CSS for widget here. */","widgetMtop":"3","widgetMleft":"0","widgetMbottom":"5","widgetMright":"0","widgetBgColor":"transparent","widgetAnimation":null,"widgetWYSIWYG":{"widgetContent":"<p>Some Text</p>"},"widgetMenu":{"menuName":"Select","menuColor":""},"widgetImg":{"imgUrl":"/","imgSize":"original","imgAlignment":"default"},"widgetForm":[],"widgetSlider":{"sliderName":"Select"},"widgetSform":{"sFormName":"Select"},"widgetPostSlider":[],"widgetTestimonialSlider":[],"widgetSocialFeed":[],"widgetButton":{"btnText":"SIGN UP","btnLink":"https://pluginops.com/page-builder/?ref=LPBTempButton","btnTextColor":"#ffffff","btnFontSize":"22","btnBgColor":"transparent","btnWidth":"25","btnHeight":"15","btnHoverBgColor":"#ef6621","btnBorderColor":"#ffffff","btnBorderWidth":"2","btnBorderRadius":"0","btnButtonAlignment":"center"},"widgetSubscribeForm":{"pbFormID":"ulpb_form9738","formLayout":"stacked","showNameField":"block","successAction":"showMessage","successURL":"","successMessage":"Thanks for subscribing! Please check your email for further instructions.","formBtnText":"Subscribe","formBtnHeight":"20","formBtnWidth":"40","formBtnBgColor":"#333","formBtnColor":"#fff","formBtnHoverBgColor":"#e3e3e3","formBtnFontSize":"16","formBtnBorderWidth":"1","formBtnBorderColor":"#111","formBtnBorderRadius":"5","formDataSaveType":"database"},"widgetVideo":{"videoWebM":"","videoMpfour":"","videoThumb":"","vidAutoPlay":"no","vidLoop":"no","vidControls":"controls"},"widgetPBPostsSlider":{"psAutoplay":"false","psSlideDelay":"1","psSlideLoop":"true","psSlideTransition":"fade","psPostsNumber":"10","psDots":"true","psArrows":"true","psFtrImage":null,"psFtrImageSize":"medium","psExcerpt":null,"psReadMore":null,"psMoreLinkText":"Read More","psHeadingSize":"24","psTextAlignment":"left","psBgColor":"transparent","psTxtColor":"#fff","psHeadingTxtColor":"#fff","psPostType":"post","psPostsOrderBy":null,"psPostsOrder":"Descending","psPostsFilterBy":"none","psFilterValue":" "},"widgetIcons":{"pbSelectedIcon":"fa-archive","pbIconSize":"55","pbIconRotation":"0","pbIconColor":"#333"},"widgetCounter":{"pbCounterID":"ulpb_counter14529","counterStartingNumber":"0","counterEndingNumber":"100","counterNumberPrefix":"","counterNumberSuffix":"","counterAnimationTime":"1000","counterTitle":"Cool Counter","counterTextColor":"#333","counterTitleColor":"[object HTMLInputElement]","counterNumberFontSize":"36","counterTitleFontSize":"34"},"widgetAudio":{"audioOgg":"","audioMpThree":"","audioAutoPlay":"no","audioLoop":"no","audioControls":"controls"},"widgetCard":{"pbSelectedCardIcon":"fa fa fa fa fa-archive","pbCardIconSize":"55","pbCardIconRotation":"0","pbCardIconColor":"#333","pbCardTitleColor":"#333","pbCardTitleSize":"","pbCardDescColor":"#333","pbCardDescSize":"","pbCardTitle":"This is the heading","pbCardDesc":"This is the description"}},{"widgetType":"wigt-WYSIWYG","widgetStyling":"/* Custom CSS for widget here. */","widgetMtop":"0","widgetMleft":"0","widgetMbottom":"0","widgetMright":"0","widgetBgColor":"transparent","widgetAnimation":null,"widgetWYSIWYG":{"widgetContent":"<p style=\"text-align: center;\"><span style=\"color: #ffffff;\">Privacy Policy | Copyright <a style=\"color: #ffffff; text-decoration:none;\" href=\"http://pluginops.com/\">PluginOps.com</a></span></p>"},"widgetMenu":{"menuName":"Select","menuColor":""},"widgetImg":{"imgUrl":"/","imgSize":"original","imgAlignment":"default"},"widgetForm":[],"widgetSlider":{"sliderName":"Select"},"widgetSform":{"sFormName":"Select"},"widgetPostSlider":[],"widgetTestimonialSlider":[],"widgetSocialFeed":[],"widgetButton":{"btnText":"Click Me","btnLink":"https://pluginops.com/page-builder/?ref=LPBTempButton","btnTextColor":"#fff","btnFontSize":"","btnBgColor":"#333","btnWidth":"40","btnHeight":"20","btnHoverBgColor":"#222","btnBorderColor":"","btnBorderWidth":"","btnBorderRadius":"10","btnButtonAlignment":null},"widgetSubscribeForm":{"pbFormID":"ulpb_form7949","formLayout":"stacked","showNameField":"block","successAction":"showMessage","successURL":"","successMessage":"Thanks for subscribing! Please check your email for further instructions.","formBtnText":"Subscribe","formBtnHeight":"20","formBtnWidth":"40","formBtnBgColor":"#333","formBtnColor":"#fff","formBtnHoverBgColor":"#e3e3e3","formBtnFontSize":"16","formBtnBorderWidth":"1","formBtnBorderColor":"#111","formBtnBorderRadius":"5","formDataSaveType":"database"},"widgetVideo":{"videoWebM":"","videoMpfour":"","videoThumb":"","vidAutoPlay":"no","vidLoop":"no","vidControls":"controls"},"widgetPBPostsSlider":{"psAutoplay":"false","psSlideDelay":"1","psSlideLoop":"true","psSlideTransition":"fade","psPostsNumber":"10","psDots":"true","psArrows":"true","psFtrImage":null,"psFtrImageSize":"medium","psExcerpt":null,"psReadMore":null,"psMoreLinkText":"Read More","psHeadingSize":"24","psTextAlignment":"left","psBgColor":"transparent","psTxtColor":"#fff","psHeadingTxtColor":"#fff","psPostType":"post","psPostsOrderBy":null,"psPostsOrder":"Descending","psPostsFilterBy":"none","psFilterValue":" "},"widgetIcons":{"pbSelectedIcon":"fa-archive","pbIconSize":"55","pbIconRotation":"0","pbIconColor":"#333"},"widgetCounter":{"pbCounterID":"ulpb_counter10339","counterStartingNumber":"0","counterEndingNumber":"100","counterNumberPrefix":"","counterNumberSuffix":"","counterAnimationTime":"1000","counterTitle":"Cool Counter","counterTextColor":"#333","counterTitleColor":"[object HTMLInputElement]","counterNumberFontSize":"36","counterTitleFontSize":"34"},"widgetAudio":{"audioOgg":"","audioMpThree":"","audioAutoPlay":"no","audioLoop":"no","audioControls":"controls"},"widgetCard":{"pbSelectedCardIcon":"fa fa fa-archive","pbCardIconSize":"55","pbCardIconRotation":"0","pbCardIconColor":"#333","pbCardTitleColor":"#333","pbCardTitleSize":"","pbCardDescColor":"#333","pbCardDescSize":"","pbCardTitle":"This is the heading","pbCardDesc":"This is the description"}}],"columnOptions":{"bg_color":"transparent","margin":{"columnMarginTop":"0","columnMarginBottom":"0","columnMarginLeft":"0","columnMarginRight":"0"},"padding":{"columnPaddingTop":"0","columnPaddingBottom":"0","columnPaddingLeft":"0","columnPaddingRight":"0"},"width":"100.00"}},"column2":{"colWidgets":0,"columnOptions":{"bg_color":"transparent","margin":{"columnMarginTop":0,"columnMarginBottom":0,"columnMarginLeft":0,"columnMarginRight":0},"padding":{"columnPaddingTop":0,"columnPaddingBottom":0,"columnPaddingLeft":0,"columnPaddingRight":0},"width":"","columnAnimation":"none"}},"column3":{"colWidgets":0,"columnOptions":{"bg_color":"transparent","margin":{"columnMarginTop":0,"columnMarginBottom":0,"columnMarginLeft":0,"columnMarginRight":0},"padding":{"columnPaddingTop":0,"columnPaddingBottom":0,"columnPaddingLeft":0,"columnPaddingRight":0},"width":"","columnAnimation":"none"}},"column4":{"colWidgets":0,"columnOptions":{"bg_color":"transparent","margin":{"columnMarginTop":0,"columnMarginBottom":0,"columnMarginLeft":0,"columnMarginRight":0},"padding":{"columnPaddingTop":0,"columnPaddingBottom":0,"columnPaddingLeft":0,"columnPaddingRight":0},"width":"","columnAnimation":"none"}},"column5":{"colWidgets":0,"columnOptions":{"bg_color":"transparent","margin":{"columnMarginTop":0,"columnMarginBottom":0,"columnMarginLeft":0,"columnMarginRight":0},"padding":{"columnPaddingTop":0,"columnPaddingBottom":0,"columnPaddingLeft":0,"columnPaddingRight":0},"width":"","columnAnimation":"none"}},"column6":{"colWidgets":0,"columnOptions":{"bg_color":"transparent","margin":{"columnMarginTop":0,"columnMarginBottom":0,"columnMarginLeft":0,"columnMarginRight":0},"padding":{"columnPaddingTop":0,"columnPaddingBottom":0,"columnPaddingLeft":0,"columnPaddingRight":0},"width":"","columnAnimation":"none"}},"column7":{"colWidgets":0,"columnOptions":{"bg_color":"transparent","margin":{"columnMarginTop":0,"columnMarginBottom":0,"columnMarginLeft":0,"columnMarginRight":0},"padding":{"columnPaddingTop":0,"columnPaddingBottom":0,"columnPaddingLeft":0,"columnPaddingRight":0},"width":"","columnAnimation":"none"}},"column8":{"colWidgets":0,"columnOptions":{"bg_color":"transparent","margin":{"columnMarginTop":0,"columnMarginBottom":0,"columnMarginLeft":0,"columnMarginRight":0},"padding":{"columnPaddingTop":0,"columnPaddingBottom":0,"columnPaddingLeft":0,"columnPaddingRight":0},"width":"","columnAnimation":"none"}}}]