[{"rowID":"ulpb_Row115151","rowHeight":"200","rowHeightUnit":"px","rowHeightTablet":"","rowHeightUnitTablet":"","rowHeightMobile":"","rowHeightUnitMobile":"","columns":"1","columnsDivRule":"none","rowData":{"bg_color":"#5081fa","bg_img":"","margin":{"rowMarginTop":"0","rowMarginBottom":"0","rowMarginLeft":"0","rowMarginRight":"0"},"padding":{"rowPaddingTop":"0","rowPaddingBottom":"0","rowPaddingLeft":"0","rowPaddingRight":"0"},"video":{"rowBgVideoEnable":"false","rowBgVideoLoop":"loop","rowVideoMpfour":"","rowVideoWebM":"","rowVideoThumb":""},"customStyling":"/* Insert your custom CSS here. */","customJS":"/* Insert your JS codes here. */"},"column1":{"colWidgets":[{"widgetType":"wigt-WYSIWYG","widgetStyling":"/* Custom CSS for widget here. */","widgetMtop":"6","widgetMleft":"35","widgetMbottom":"4","widgetMright":"35","widgetPtop":"0","widgetPleft":"0","widgetPbottom":"0","widgetPright":"0","widgetBgColor":"transparent","widgetAnimation":"","widgetBorderWidth":"","widgetBorderStyle":null,"widgetBorderColor":"","widgetBoxShadowH":"","widgetBoxShadowV":"","widgetBoxShadowBlur":"","widgetBoxShadowColor":"","widgetWYSIWYG":{"widgetContent":"<h1><span style=\"font-size: 28pt; color: #ffffff;\" data-mce-style=\"font-size: 28pt; color: #ffffff;\">&nbsp;Lorem ipsum dolor sit amet, consectetur adipiscing elit, sed do eiusmod.</span></h1>"}},{"widgetType":"wigt-pb-formBuilder","widgetStyling":"/* Custom CSS for widget here. */","widgetMtop":"0","widgetMleft":"35","widgetMbottom":"3","widgetMright":"35","widgetPtop":"1","widgetPleft":"1","widgetPbottom":"1","widgetPright":"1","widgetBgColor":"#ffffff","widgetAnimation":"","widgetBorderWidth":"","widgetBorderStyle":null,"widgetBorderColor":"","widgetBoxShadowH":"","widgetBoxShadowV":"","widgetBoxShadowBlur":"","widgetBoxShadowColor":"","widgetFormBuilder":{"widgetPbFbFormFeilds":[{"fbFieldType":"text","thisFieldOptions":{"fbFieldLabel":"First Name","fbFieldPlaceHolder":"","fbFieldRequired":"false","fbFieldWidth":"100","multiOptionFieldValues":"","fbtextareaRows":"5","displayFieldsInline":null}},{"fbFieldType":"text","thisFieldOptions":{"fbFieldLabel":"Last Name","fbFieldPlaceHolder":"","fbFieldRequired":"false","fbFieldWidth":"100","multiOptionFieldValues":"","fbtextareaRows":"","displayFieldsInline":"inline-block"}},{"fbFieldType":"email","thisFieldOptions":{"fbFieldLabel":"Email","fbFieldPlaceHolder":"","fbFieldRequired":"true","fbFieldWidth":"100","multiOptionFieldValues":"","fbtextareaRows":"5","displayFieldsInline":null}}],"widgetPbFbFormFeildOptions":{"formBuilderFieldSize":"small","formBuilderFieldLabelDisplay":"true","formBuilderFieldBgColor":"#fff","formBuilderFieldColor":"#333","formBuilderFieldBorderColor":"#dddddd","formBuilderFieldBorderWidth":"1","formBuilderFieldBorderRadius":"3","formBuilderLabelSize":"15","formBuilderLabelColor":"#8c8c8c"},"widgetPbFbFormSubmitOptions":{"formBuilderBtnText":"Sign Up","formBuilderBtnSize":"medium","formBuilderBtnWidth":"100","formBuilderBtnBgColor":"#dd9933","formBuilderBtnColor":"#ffffff","formBuilderBtnHoverBgColor":"#dd8500","formBuilderBtnHoverTextColor":"#ffffff","formBuilderBtnFontSize":"21","formBuilderBtnBorderWidth":"0","formBuilderBtnBorderColor":"#d9534f","formBuilderBtnBorderRadius":"3","formBuilderBtnAlignment":"left"},"widgetPbFbFormEmailOptions":{"formEmailformName":"","formEmailTo":"example@example.com","formEmailSubject":"","formEmailFromEmail":"","formEmailName":"","formEmailFormat":"plain","formSuccessMessage":"The form was sent successfully!"}}}],"columnOptions":{"bg_color":"transparent","margin":{"columnMarginTop":"0","columnMarginBottom":"0","columnMarginLeft":"0","columnMarginRight":"0"},"padding":{"columnPaddingTop":"0","columnPaddingBottom":"0","columnPaddingLeft":"0","columnPaddingRight":"0"},"width":"100.00","columnCSS":"/* Add column custom styling here */"}},"column2":{"colWidgets":[],"columnOptions":{"bg_color":"transparent","margin":{"columnMarginTop":0,"columnMarginBottom":0,"columnMarginLeft":0,"columnMarginRight":0},"padding":{"columnPaddingTop":0,"columnPaddingBottom":0,"columnPaddingLeft":0,"columnPaddingRight":0},"width":"","columnCSS":"/* Add column custom styling here */"}},"column3":{"colWidgets":[],"columnOptions":{"bg_color":"transparent","margin":{"columnMarginTop":0,"columnMarginBottom":0,"columnMarginLeft":0,"columnMarginRight":0},"padding":{"columnPaddingTop":0,"columnPaddingBottom":0,"columnPaddingLeft":0,"columnPaddingRight":0},"width":"","columnCSS":"/* Add column custom styling here */"}},"column4":{"colWidgets":[],"columnOptions":{"bg_color":"transparent","margin":{"columnMarginTop":0,"columnMarginBottom":0,"columnMarginLeft":0,"columnMarginRight":0},"padding":{"columnPaddingTop":0,"columnPaddingBottom":0,"columnPaddingLeft":0,"columnPaddingRight":0},"width":"","columnCSS":"/* Add column custom styling here */"}},"column5":{"colWidgets":[],"columnOptions":{"bg_color":"transparent","margin":{"columnMarginTop":0,"columnMarginBottom":0,"columnMarginLeft":0,"columnMarginRight":0},"padding":{"columnPaddingTop":0,"columnPaddingBottom":0,"columnPaddingLeft":0,"columnPaddingRight":0},"width":"","columnCSS":"/* Add column custom styling here */"}},"column6":{"colWidgets":[],"columnOptions":{"bg_color":"transparent","margin":{"columnMarginTop":0,"columnMarginBottom":0,"columnMarginLeft":0,"columnMarginRight":0},"padding":{"columnPaddingTop":0,"columnPaddingBottom":0,"columnPaddingLeft":0,"columnPaddingRight":0},"width":"","columnCSS":"/* Add column custom styling here */"}},"column7":{"colWidgets":[],"columnOptions":{"bg_color":"transparent","margin":{"columnMarginTop":0,"columnMarginBottom":0,"columnMarginLeft":0,"columnMarginRight":0},"padding":{"columnPaddingTop":0,"columnPaddingBottom":0,"columnPaddingLeft":0,"columnPaddingRight":0},"width":"","columnCSS":"/* Add column custom styling here */"}},"column8":{"colWidgets":[],"columnOptions":{"bg_color":"transparent","margin":{"columnMarginTop":0,"columnMarginBottom":0,"columnMarginLeft":0,"columnMarginRight":0},"padding":{"columnPaddingTop":0,"columnPaddingBottom":0,"columnPaddingLeft":0,"columnPaddingRight":0},"width":"","columnCSS":"/* Add column custom styling here */"}}},{"rowID":"ulpb_Row87851","rowHeight":"200","rowHeightUnit":"px","rowHeightTablet":"","rowHeightUnitTablet":"","rowHeightMobile":"","rowHeightUnitMobile":"","columns":"3","columnsDivRule":"none","rowData":{"bg_color":"#ffffff","bg_img":"","margin":{"rowMarginTop":"0","rowMarginBottom":"0","rowMarginLeft":"0","rowMarginRight":"0"},"padding":{"rowPaddingTop":"4","rowPaddingBottom":"5","rowPaddingLeft":"0","rowPaddingRight":"0"},"video":{"rowBgVideoEnable":"false","rowBgVideoLoop":"loop","rowVideoMpfour":"","rowVideoWebM":"","rowVideoThumb":""},"customStyling":"/* Insert your custom CSS here. */","customJS":"/* Insert your JS codes here. */"},"column1":{"colWidgets":[{"widgetType":"wigt-pb-icons","widgetStyling":"text-align:center;","widgetMtop":"0","widgetMleft":"0","widgetMbottom":"0","widgetMright":"0","widgetPtop":"0","widgetPleft":"0","widgetPbottom":"0","widgetPright":"0","widgetBgColor":"transparent","widgetAnimation":"","widgetBorderWidth":"","widgetBorderStyle":null,"widgetBorderColor":"","widgetBoxShadowH":"","widgetBoxShadowV":"","widgetBoxShadowBlur":"","widgetBoxShadowColor":"","widgetIcons":{"pbSelectedIcon":"fa fa-map-marker","pbIconSize":"100","pbIconRotation":"0","pbIconColor":"#00b5f7","pbIconLink":""}},{"widgetType":"wigt-WYSIWYG","widgetStyling":"/* Custom CSS for widget here. */","widgetMtop":"0","widgetMleft":"10","widgetMbottom":"0","widgetMright":"10","widgetPtop":"0","widgetPleft":"0","widgetPbottom":"0","widgetPright":"0","widgetBgColor":"transparent","widgetAnimation":"","widgetBorderWidth":"","widgetBorderStyle":null,"widgetBorderColor":"","widgetBoxShadowH":"","widgetBoxShadowV":"","widgetBoxShadowBlur":"","widgetBoxShadowColor":"","widgetWYSIWYG":{"widgetContent":"<h2 data-mce-style=\"text-align: center;\" style=\"text-align: center;\"><span style=\"font-size: 18pt; color: rgb(97, 97, 97);\" data-mce-style=\"font-size: 18pt; color: #616161;\"><strong>Feature Name</strong></span></h2><p style=\"text-align: center;\" data-mce-style=\"text-align: center;\">Lorem ipsum dolor sit amet, consectetur adipiscing elit, sed do eiusmod tempor incididunt ut labore et dolore magna aliqua.</p>"}}],"columnOptions":{"bg_color":"transparent","margin":{"columnMarginTop":"0","columnMarginBottom":"0","columnMarginLeft":"2","columnMarginRight":"0"},"padding":{"columnPaddingTop":"0","columnPaddingBottom":"0","columnPaddingLeft":"0","columnPaddingRight":"0"},"width":"29.97","columnCSS":"/* Add column custom styling here */"}},"column2":{"colWidgets":[{"widgetType":"wigt-pb-icons","widgetStyling":"text-align:center;","widgetMtop":"0","widgetMleft":"0","widgetMbottom":"0","widgetMright":"0","widgetPtop":"0","widgetPleft":"0","widgetPbottom":"0","widgetPright":"0","widgetBgColor":"transparent","widgetAnimation":"","widgetBorderWidth":"","widgetBorderStyle":null,"widgetBorderColor":"","widgetBoxShadowH":"","widgetBoxShadowV":"","widgetBoxShadowBlur":"","widgetBoxShadowColor":"","widgetIcons":{"pbSelectedIcon":"fa fa-adjust","pbIconSize":"100","pbIconRotation":"0","pbIconColor":"#00b5f7","pbIconLink":""}},{"widgetType":"wigt-WYSIWYG","widgetStyling":"/* Custom CSS for widget here. */","widgetMtop":"0","widgetMleft":"10","widgetMbottom":"0","widgetMright":"10","widgetPtop":"0","widgetPleft":"0","widgetPbottom":"0","widgetPright":"0","widgetBgColor":"transparent","widgetAnimation":"","widgetBorderWidth":"","widgetBorderStyle":null,"widgetBorderColor":"","widgetBoxShadowH":"","widgetBoxShadowV":"","widgetBoxShadowBlur":"","widgetBoxShadowColor":"","widgetWYSIWYG":{"widgetContent":"<h2 data-mce-style=\"text-align: center;\" style=\"text-align: center;\"><span style=\"font-size: 18pt; color: rgb(97, 97, 97);\" data-mce-style=\"font-size: 18pt; color: #616161;\"><strong>Feature Name</strong></span></h2><p style=\"text-align: center;\" data-mce-style=\"text-align: center;\">Lorem ipsum dolor sit amet, consectetur adipiscing elit, sed do eiusmod tempor incididunt ut labore et dolore magna aliqua.</p>"}}],"columnOptions":{"bg_color":"transparent","margin":{"columnMarginTop":"0","columnMarginBottom":"0","columnMarginLeft":"2","columnMarginRight":"0"},"padding":{"columnPaddingTop":"0","columnPaddingBottom":"0","columnPaddingLeft":"0","columnPaddingRight":"0"},"width":"30.04","columnCSS":"/* Add column custom styling here */"}},"column3":{"colWidgets":[{"widgetType":"wigt-pb-icons","widgetStyling":"text-align:center;","widgetMtop":"0","widgetMleft":"0","widgetMbottom":"0","widgetMright":"0","widgetPtop":"0","widgetPleft":"0","widgetPbottom":"0","widgetPright":"0","widgetBgColor":"transparent","widgetAnimation":"","widgetBorderWidth":"","widgetBorderStyle":null,"widgetBorderColor":"","widgetBoxShadowH":"","widgetBoxShadowV":"","widgetBoxShadowBlur":"","widgetBoxShadowColor":"","widgetIcons":{"pbSelectedIcon":"fa fa-angellist","pbIconSize":"100","pbIconRotation":"0","pbIconColor":"#00b5f7","pbIconLink":""}},{"widgetType":"wigt-WYSIWYG","widgetStyling":"/* Custom CSS for widget here. */","widgetMtop":"0","widgetMleft":"10","widgetMbottom":"0","widgetMright":"10","widgetPtop":"0","widgetPleft":"0","widgetPbottom":"0","widgetPright":"0","widgetBgColor":"transparent","widgetAnimation":"","widgetBorderWidth":"","widgetBorderStyle":null,"widgetBorderColor":"","widgetBoxShadowH":"","widgetBoxShadowV":"","widgetBoxShadowBlur":"","widgetBoxShadowColor":"","widgetWYSIWYG":{"widgetContent":"<h2 data-mce-style=\"text-align: center;\" style=\"text-align: center;\"><span style=\"font-size: 18pt; color: rgb(97, 97, 97);\" data-mce-style=\"font-size: 18pt; color: #616161;\"><strong>Feature Name</strong></span></h2><p style=\"text-align: center;\" data-mce-style=\"text-align: center;\">Lorem ipsum dolor sit amet, consectetur adipiscing elit, sed do eiusmod tempor incididunt ut labore et dolore magna aliqua.</p>"}}],"columnOptions":{"bg_color":"transparent","margin":{"columnMarginTop":"0","columnMarginBottom":"0","columnMarginLeft":"2","columnMarginRight":"0"},"padding":{"columnPaddingTop":"0","columnPaddingBottom":"0","columnPaddingLeft":"0","columnPaddingRight":"0"},"width":"30.04","columnCSS":"/* Add column custom styling here */"}},"column4":{"colWidgets":[],"columnOptions":{"bg_color":"transparent","margin":{"columnMarginTop":0,"columnMarginBottom":0,"columnMarginLeft":0,"columnMarginRight":0},"padding":{"columnPaddingTop":0,"columnPaddingBottom":0,"columnPaddingLeft":0,"columnPaddingRight":0},"width":"","columnCSS":"/* Add column custom styling here */"}},"column5":{"colWidgets":[],"columnOptions":{"bg_color":"transparent","margin":{"columnMarginTop":0,"columnMarginBottom":0,"columnMarginLeft":0,"columnMarginRight":0},"padding":{"columnPaddingTop":0,"columnPaddingBottom":0,"columnPaddingLeft":0,"columnPaddingRight":0},"width":"","columnCSS":"/* Add column custom styling here */"}},"column6":{"colWidgets":[],"columnOptions":{"bg_color":"transparent","margin":{"columnMarginTop":0,"columnMarginBottom":0,"columnMarginLeft":0,"columnMarginRight":0},"padding":{"columnPaddingTop":0,"columnPaddingBottom":0,"columnPaddingLeft":0,"columnPaddingRight":0},"width":"","columnCSS":"/* Add column custom styling here */"}},"column7":{"colWidgets":[],"columnOptions":{"bg_color":"transparent","margin":{"columnMarginTop":0,"columnMarginBottom":0,"columnMarginLeft":0,"columnMarginRight":0},"padding":{"columnPaddingTop":0,"columnPaddingBottom":0,"columnPaddingLeft":0,"columnPaddingRight":0},"width":"","columnCSS":"/* Add column custom styling here */"}},"column8":{"colWidgets":[],"columnOptions":{"bg_color":"transparent","margin":{"columnMarginTop":0,"columnMarginBottom":0,"columnMarginLeft":0,"columnMarginRight":0},"padding":{"columnPaddingTop":0,"columnPaddingBottom":0,"columnPaddingLeft":0,"columnPaddingRight":0},"width":"","columnCSS":"/* Add column custom styling here */"}}},{"rowID":"ulpb_Row122855","rowHeight":"200","rowHeightUnit":"px","rowHeightTablet":"","rowHeightUnitTablet":"","rowHeightMobile":"","rowHeightUnitMobile":"","columns":"1","columnsDivRule":"none","rowData":{"bg_color":"#eeeeef","bg_img":"","margin":{"rowMarginTop":"0","rowMarginBottom":"0","rowMarginLeft":"0","rowMarginRight":"0"},"padding":{"rowPaddingTop":"3","rowPaddingBottom":"3","rowPaddingLeft":"15","rowPaddingRight":"15"},"video":{"rowBgVideoEnable":"false","rowBgVideoLoop":"loop","rowVideoMpfour":"","rowVideoWebM":"","rowVideoThumb":""},"customStyling":"/* Insert your custom CSS here. */","customJS":"/* Insert your JS codes here. */"},"column1":{"colWidgets":[{"widgetType":"wigt-img","widgetStyling":"/* Custom CSS for widget here. */","widgetMtop":"2","widgetMleft":"0","widgetMbottom":"2","widgetMright":"0","widgetPtop":"0","widgetPleft":"0","widgetPbottom":"0","widgetPright":"0","widgetBgColor":"transparent","widgetAnimation":"","widgetBorderWidth":"","widgetBorderStyle":null,"widgetBorderColor":"","widgetBoxShadowH":"","widgetBoxShadowV":"","widgetBoxShadowBlur":"","widgetBoxShadowColor":"","widgetImg":{"imgUrl":"https://smuzthemes.com/wp-content/uploads/2017/10/responsive-icon-landing-page-builder-compressor-Large.png","imgSize":"medium","imgAlignment":"center","imgSizeCustomWidth":"","imgSizeCustomHeight":"","imgLightBox":"false","imgLink":""}}],"columnOptions":{"bg_color":"transparent","margin":{"columnMarginTop":"0","columnMarginBottom":"0","columnMarginLeft":"0","columnMarginRight":"0"},"padding":{"columnPaddingTop":"0","columnPaddingBottom":"0","columnPaddingLeft":"0","columnPaddingRight":"0"},"width":"99.96","columnCSS":"/* Add column custom styling here */"}},"column2":{"colWidgets":[],"columnOptions":{"bg_color":"transparent","margin":{"columnMarginTop":0,"columnMarginBottom":0,"columnMarginLeft":0,"columnMarginRight":0},"padding":{"columnPaddingTop":0,"columnPaddingBottom":0,"columnPaddingLeft":0,"columnPaddingRight":0},"width":"","columnCSS":"/* Add column custom styling here */"}},"column3":{"colWidgets":[],"columnOptions":{"bg_color":"transparent","margin":{"columnMarginTop":0,"columnMarginBottom":0,"columnMarginLeft":0,"columnMarginRight":0},"padding":{"columnPaddingTop":0,"columnPaddingBottom":0,"columnPaddingLeft":0,"columnPaddingRight":0},"width":"","columnCSS":"/* Add column custom styling here */"}},"column4":{"colWidgets":[],"columnOptions":{"bg_color":"transparent","margin":{"columnMarginTop":0,"columnMarginBottom":0,"columnMarginLeft":0,"columnMarginRight":0},"padding":{"columnPaddingTop":0,"columnPaddingBottom":0,"columnPaddingLeft":0,"columnPaddingRight":0},"width":"","columnCSS":"/* Add column custom styling here */"}},"column5":{"colWidgets":[],"columnOptions":{"bg_color":"transparent","margin":{"columnMarginTop":0,"columnMarginBottom":0,"columnMarginLeft":0,"columnMarginRight":0},"padding":{"columnPaddingTop":0,"columnPaddingBottom":0,"columnPaddingLeft":0,"columnPaddingRight":0},"width":"","columnCSS":"/* Add column custom styling here */"}},"column6":{"colWidgets":[],"columnOptions":{"bg_color":"transparent","margin":{"columnMarginTop":0,"columnMarginBottom":0,"columnMarginLeft":0,"columnMarginRight":0},"padding":{"columnPaddingTop":0,"columnPaddingBottom":0,"columnPaddingLeft":0,"columnPaddingRight":0},"width":"","columnCSS":"/* Add column custom styling here */"}},"column7":{"colWidgets":[],"columnOptions":{"bg_color":"transparent","margin":{"columnMarginTop":0,"columnMarginBottom":0,"columnMarginLeft":0,"columnMarginRight":0},"padding":{"columnPaddingTop":0,"columnPaddingBottom":0,"columnPaddingLeft":0,"columnPaddingRight":0},"width":"","columnCSS":"/* Add column custom styling here */"}},"column8":{"colWidgets":[],"columnOptions":{"bg_color":"transparent","margin":{"columnMarginTop":0,"columnMarginBottom":0,"columnMarginLeft":0,"columnMarginRight":0},"padding":{"columnPaddingTop":0,"columnPaddingBottom":0,"columnPaddingLeft":0,"columnPaddingRight":0},"width":"","columnCSS":"/* Add column custom styling here */"}}},{"rowID":"ulpb_Row162152","rowHeight":"200","rowHeightUnit":"px","rowHeightTablet":"","rowHeightUnitTablet":"","rowHeightMobile":"","rowHeightUnitMobile":"","columns":"2","columnsDivRule":"none","rowData":{"bg_color":"#ffffff","bg_img":"","margin":{"rowMarginTop":"0","rowMarginBottom":"0","rowMarginLeft":"0","rowMarginRight":"0"},"padding":{"rowPaddingTop":"3","rowPaddingBottom":"5","rowPaddingLeft":"25","rowPaddingRight":"25"},"video":{"rowBgVideoEnable":"false","rowBgVideoLoop":"loop","rowVideoMpfour":"","rowVideoWebM":"","rowVideoThumb":""},"customStyling":"/* Insert your custom CSS here. */","customJS":"/* Insert your JS codes here. */"},"column1":{"colWidgets":[{"widgetType":"wigt-WYSIWYG","widgetStyling":"/* Custom CSS for widget here. */","widgetMtop":"10","widgetMleft":"15","widgetMbottom":"0","widgetMright":"15","widgetPtop":"0","widgetPleft":"0","widgetPbottom":"0","widgetPright":"0","widgetBgColor":"transparent","widgetAnimation":"","widgetBorderWidth":"","widgetBorderStyle":null,"widgetBorderColor":"","widgetBoxShadowH":"","widgetBoxShadowV":"","widgetBoxShadowBlur":"","widgetBoxShadowColor":"","widgetWYSIWYG":{"widgetContent":"<img class=\"alignnone size-full wp-image-207\" style=\"border-radius: 1000px; border: 7px solid #00B0F3;\" src=\"https://smuzthemes.com/wp-content/uploads/2017/07/crew-mary-lou.jpg\" alt=\"\" width=\"200\" height=\"200\" />"}}],"columnOptions":{"bg_color":"transparent","margin":{"columnMarginTop":"0","columnMarginBottom":"0","columnMarginLeft":"0","columnMarginRight":"0"},"padding":{"columnPaddingTop":"0","columnPaddingBottom":"0","columnPaddingLeft":"0","columnPaddingRight":"0"},"width":"35.29","columnCSS":"/* Add column custom styling here */"}},"column2":{"colWidgets":[{"widgetType":"wigt-WYSIWYG","widgetStyling":"/* Custom CSS for widget here. */","widgetMtop":"10","widgetMleft":"3","widgetMbottom":"0","widgetMright":"0","widgetPtop":"0","widgetPleft":"0","widgetPbottom":"0","widgetPright":"0","widgetBgColor":"transparent","widgetAnimation":"","widgetBorderWidth":"","widgetBorderStyle":null,"widgetBorderColor":"","widgetBoxShadowH":"","widgetBoxShadowV":"","widgetBoxShadowBlur":"","widgetBoxShadowColor":"","widgetWYSIWYG":{"widgetContent":"<h2><span style=\"font-size: 18pt; color: rgb(128, 128, 128);\" data-mce-style=\"font-size: 18pt; color: #808080;\">Add&nbsp; testimonials from happy&nbsp;customers here.</span></h2><p><span style=\"color: rgb(128, 128, 128);\" data-mce-style=\"color: #808080;\">Lorem ipsum dolor sit amet, consectetur adipiscing elit, sed do eiusmod tempor incididunt ut labore et dolore magna aliqua.</span></p><p><span style=\"color: rgb(128, 128, 128);\" data-mce-style=\"color: #808080;\"><strong>Company Name</strong></span></p><p><span style=\"color: rgb(128, 128, 128);\" data-mce-style=\"color: #808080;\"><strong>Customer Name</strong></span></p>"}}],"columnOptions":{"bg_color":"transparent","margin":{"columnMarginTop":"0","columnMarginBottom":"0","columnMarginLeft":"0","columnMarginRight":"0"},"padding":{"columnPaddingTop":"0","columnPaddingBottom":"0","columnPaddingLeft":"0","columnPaddingRight":"0"},"width":"49.92","columnCSS":"/* Add column custom styling here */"}},"column3":{"colWidgets":[],"columnOptions":{"bg_color":"transparent","margin":{"columnMarginTop":0,"columnMarginBottom":0,"columnMarginLeft":0,"columnMarginRight":0},"padding":{"columnPaddingTop":0,"columnPaddingBottom":0,"columnPaddingLeft":0,"columnPaddingRight":0},"width":"","columnCSS":"/* Add column custom styling here */"}},"column4":{"colWidgets":[],"columnOptions":{"bg_color":"transparent","margin":{"columnMarginTop":0,"columnMarginBottom":0,"columnMarginLeft":0,"columnMarginRight":0},"padding":{"columnPaddingTop":0,"columnPaddingBottom":0,"columnPaddingLeft":0,"columnPaddingRight":0},"width":"","columnCSS":"/* Add column custom styling here */"}},"column5":{"colWidgets":[],"columnOptions":{"bg_color":"transparent","margin":{"columnMarginTop":0,"columnMarginBottom":0,"columnMarginLeft":0,"columnMarginRight":0},"padding":{"columnPaddingTop":0,"columnPaddingBottom":0,"columnPaddingLeft":0,"columnPaddingRight":0},"width":"","columnCSS":"/* Add column custom styling here */"}},"column6":{"colWidgets":[],"columnOptions":{"bg_color":"transparent","margin":{"columnMarginTop":0,"columnMarginBottom":0,"columnMarginLeft":0,"columnMarginRight":0},"padding":{"columnPaddingTop":0,"columnPaddingBottom":0,"columnPaddingLeft":0,"columnPaddingRight":0},"width":"","columnCSS":"/* Add column custom styling here */"}},"column7":{"colWidgets":[],"columnOptions":{"bg_color":"transparent","margin":{"columnMarginTop":0,"columnMarginBottom":0,"columnMarginLeft":0,"columnMarginRight":0},"padding":{"columnPaddingTop":0,"columnPaddingBottom":0,"columnPaddingLeft":0,"columnPaddingRight":0},"width":"","columnCSS":"/* Add column custom styling here */"}},"column8":{"colWidgets":[],"columnOptions":{"bg_color":"transparent","margin":{"columnMarginTop":0,"columnMarginBottom":0,"columnMarginLeft":0,"columnMarginRight":0},"padding":{"columnPaddingTop":0,"columnPaddingBottom":0,"columnPaddingLeft":0,"columnPaddingRight":0},"width":"","columnCSS":"/* Add column custom styling here */"}}},{"rowID":"ulpb_Row33155","rowHeight":"200","rowHeightUnit":"px","rowHeightTablet":"","rowHeightUnitTablet":"","rowHeightMobile":"","rowHeightUnitMobile":"","columns":"1","columnsDivRule":"none","rowData":{"bg_color":"#eeeeef","bg_img":"","margin":{"rowMarginTop":"0","rowMarginBottom":"0","rowMarginLeft":"0","rowMarginRight":"0"},"padding":{"rowPaddingTop":"0","rowPaddingBottom":"3","rowPaddingLeft":"0","rowPaddingRight":"0"},"video":{"rowBgVideoEnable":"false","rowBgVideoLoop":"loop","rowVideoMpfour":"","rowVideoWebM":"","rowVideoThumb":""},"customStyling":"/* Insert your custom CSS here. */","customJS":"/* Insert your JS codes here. */"},"column1":{"colWidgets":[{"widgetType":"wigt-WYSIWYG","widgetStyling":"/* Custom CSS for widget here. */","widgetMtop":"5","widgetMleft":"5","widgetMbottom":"2","widgetMright":"75","widgetPtop":"0","widgetPleft":"0","widgetPbottom":"0","widgetPright":"0","widgetBgColor":"transparent","widgetAnimation":"","widgetBorderWidth":"","widgetBorderStyle":null,"widgetBorderColor":"","widgetBoxShadowH":"","widgetBoxShadowV":"","widgetBoxShadowBlur":"","widgetBoxShadowColor":"","widgetWYSIWYG":{"widgetContent":"<h2><span style=\"font-size: 18pt; color: rgb(128, 128, 128);\" data-mce-style=\"font-size: 18pt; color: #808080;\">Lorem ipsum dolor sit amet, consectetur adipiscing elit, sed do.</span></h2>"}},{"widgetType":"wigt-WYSIWYG","widgetStyling":"/* Custom CSS for widget here. */","widgetMtop":"0","widgetMleft":"10","widgetMbottom":"0","widgetMright":"0","widgetPtop":"0","widgetPleft":"0","widgetPbottom":"0","widgetPright":"0","widgetBgColor":"transparent","widgetAnimation":"","widgetBorderWidth":"","widgetBorderStyle":null,"widgetBorderColor":"","widgetBoxShadowH":"","widgetBoxShadowV":"","widgetBoxShadowBlur":"","widgetBoxShadowColor":"","widgetWYSIWYG":{"widgetContent":"<img class=\"alignnone wp-image-42 size-medium\" src=\"https://smuzthemes.com/wp-content/uploads/2017/02/LifeFitnessgreylogo-300x50.png\" alt=\"\" width=\"300\" height=\"50\" /> <img class=\"alignnone wp-image-41 size-medium\" src=\"https://smuzthemes.com/wp-content/uploads/2017/02/fast-company-logo_transgrey-300x75.png\" alt=\"\" width=\"300\" height=\"75\" /><img class=\"alignnone wp-image-42 size-medium\" src=\"https://smuzthemes.com/wp-content/uploads/2017/02/LifeFitnessgreylogo-300x50.png\" alt=\"\" width=\"300\" height=\"50\" /> <img class=\"alignnone wp-image-41 size-medium\" src=\"https://smuzthemes.com/wp-content/uploads/2017/02/fast-company-logo_transgrey-300x75.png\" alt=\"\" width=\"300\" height=\"75\" />"}}],"columnOptions":{"bg_color":"transparent","margin":{"columnMarginTop":"0","columnMarginBottom":"0","columnMarginLeft":"0","columnMarginRight":"0"},"padding":{"columnPaddingTop":"0","columnPaddingBottom":"0","columnPaddingLeft":"0","columnPaddingRight":"0"},"width":"100.00","columnCSS":"/* Add column custom styling here */"}},"column2":{"colWidgets":[],"columnOptions":{"bg_color":"transparent","margin":{"columnMarginTop":0,"columnMarginBottom":0,"columnMarginLeft":0,"columnMarginRight":0},"padding":{"columnPaddingTop":0,"columnPaddingBottom":0,"columnPaddingLeft":0,"columnPaddingRight":0},"width":"","columnCSS":"/* Add column custom styling here */"}},"column3":{"colWidgets":[],"columnOptions":{"bg_color":"transparent","margin":{"columnMarginTop":0,"columnMarginBottom":0,"columnMarginLeft":0,"columnMarginRight":0},"padding":{"columnPaddingTop":0,"columnPaddingBottom":0,"columnPaddingLeft":0,"columnPaddingRight":0},"width":"","columnCSS":"/* Add column custom styling here */"}},"column4":{"colWidgets":[],"columnOptions":{"bg_color":"transparent","margin":{"columnMarginTop":0,"columnMarginBottom":0,"columnMarginLeft":0,"columnMarginRight":0},"padding":{"columnPaddingTop":0,"columnPaddingBottom":0,"columnPaddingLeft":0,"columnPaddingRight":0},"width":"","columnCSS":"/* Add column custom styling here */"}},"column5":{"colWidgets":[],"columnOptions":{"bg_color":"transparent","margin":{"columnMarginTop":0,"columnMarginBottom":0,"columnMarginLeft":0,"columnMarginRight":0},"padding":{"columnPaddingTop":0,"columnPaddingBottom":0,"columnPaddingLeft":0,"columnPaddingRight":0},"width":"","columnCSS":"/* Add column custom styling here */"}},"column6":{"colWidgets":[],"columnOptions":{"bg_color":"transparent","margin":{"columnMarginTop":0,"columnMarginBottom":0,"columnMarginLeft":0,"columnMarginRight":0},"padding":{"columnPaddingTop":0,"columnPaddingBottom":0,"columnPaddingLeft":0,"columnPaddingRight":0},"width":"","columnCSS":"/* Add column custom styling here */"}},"column7":{"colWidgets":[],"columnOptions":{"bg_color":"transparent","margin":{"columnMarginTop":0,"columnMarginBottom":0,"columnMarginLeft":0,"columnMarginRight":0},"padding":{"columnPaddingTop":0,"columnPaddingBottom":0,"columnPaddingLeft":0,"columnPaddingRight":0},"width":"","columnCSS":"/* Add column custom styling here */"}},"column8":{"colWidgets":[],"columnOptions":{"bg_color":"transparent","margin":{"columnMarginTop":0,"columnMarginBottom":0,"columnMarginLeft":0,"columnMarginRight":0},"padding":{"columnPaddingTop":0,"columnPaddingBottom":0,"columnPaddingLeft":0,"columnPaddingRight":0},"width":"","columnCSS":"/* Add column custom styling here */"}}},{"rowID":"ulpb_Row1478","rowHeight":"100","rowHeightUnit":"px","rowHeightTablet":"","rowHeightUnitTablet":"","rowHeightMobile":"","rowHeightUnitMobile":"","columns":"4","columnsDivRule":"none","rowData":{"bg_color":"#448aff","bg_img":"","margin":{"rowMarginTop":"0","rowMarginBottom":"0","rowMarginLeft":"0","rowMarginRight":"0"},"padding":{"rowPaddingTop":"2","rowPaddingBottom":"2","rowPaddingLeft":"15","rowPaddingRight":"15"},"video":{"rowBgVideoEnable":"false","rowBgVideoLoop":"loop","rowVideoMpfour":"","rowVideoWebM":"","rowVideoThumb":""},"customStyling":"/* Insert your custom CSS here. */","customJS":"/* Insert your JS codes here. */"},"column1":{"colWidgets":[{"widgetType":"wigt-WYSIWYG","widgetStyling":"/* Custom CSS for widget here. */","widgetMtop":"-9","widgetMleft":"0","widgetMbottom":"0","widgetMright":"0","widgetPtop":"0","widgetPleft":"0","widgetPbottom":"0","widgetPright":"0","widgetBgColor":"transparent","widgetAnimation":null,"widgetBorderWidth":"","widgetBorderStyle":null,"widgetBorderColor":"","widgetBoxShadowH":"","widgetBoxShadowV":"","widgetBoxShadowBlur":"","widgetBoxShadowColor":"","widgetWYSIWYG":{"widgetContent":"<p><span style=\"font-size: 36pt; color: rgb(255, 255, 255);\" data-mce-style=\"font-size: 36pt; color: #ffffff;\"><span style=\"font-family: &quot;arial black&quot;, sans-serif;\" data-mce-style=\"font-family: 'arial black', sans-serif;\">DUMMY</span></span></p>"}}],"columnOptions":{"bg_color":"transparent","margin":{"columnMarginTop":"0","columnMarginBottom":"0","columnMarginLeft":"0","columnMarginRight":"0"},"padding":{"columnPaddingTop":"0","columnPaddingBottom":"0","columnPaddingLeft":"0","columnPaddingRight":"0"},"width":"25.11","columnCSS":"/* Add column custom styling here */"}},"column2":{"colWidgets":[{"widgetType":"wigt-WYSIWYG","widgetStyling":"/* Custom CSS for widget here. */","widgetMtop":"0","widgetMleft":"0","widgetMbottom":"0","widgetMright":"0","widgetPtop":"0","widgetPleft":"0","widgetPbottom":"0","widgetPright":"0","widgetBgColor":"transparent","widgetAnimation":"","widgetBorderWidth":"","widgetBorderStyle":null,"widgetBorderColor":"","widgetBoxShadowH":"","widgetBoxShadowV":"","widgetBoxShadowBlur":"","widgetBoxShadowColor":"","widgetWYSIWYG":{"widgetContent":"<p><span style=\"color: rgb(255, 255, 255);\" data-mce-style=\"color: #ffffff;\">Copyright @ 2017 Template Maker Inc</span></p>"}}],"columnOptions":{"bg_color":"transparent","margin":{"columnMarginTop":"0","columnMarginBottom":"0","columnMarginLeft":"0","columnMarginRight":"0"},"padding":{"columnPaddingTop":"0","columnPaddingBottom":"0","columnPaddingLeft":"0","columnPaddingRight":"0"},"width":"25.00","columnCSS":"/* Add column custom styling here */"}},"column3":{"colWidgets":[{"widgetType":"wigt-WYSIWYG","widgetStyling":"/* Custom CSS for widget here. */","widgetMtop":"0","widgetMleft":"0","widgetMbottom":"0","widgetMright":"0","widgetPtop":"0","widgetPleft":"0","widgetPbottom":"0","widgetPright":"0","widgetBgColor":"transparent","widgetAnimation":null,"widgetBorderWidth":"","widgetBorderStyle":null,"widgetBorderColor":"","widgetBoxShadowH":"","widgetBoxShadowV":"","widgetBoxShadowBlur":"","widgetBoxShadowColor":"","widgetWYSIWYG":{"widgetContent":"<p><span style=\"color: rgb(255, 255, 255);\" data-mce-style=\"color: #ffffff;\"><a data-mce-href=\"#\" href=\"#\" style=\"\">Terms Of Use</a> | <a data-mce-href=\"#\" href=\"#\" style=\"\">Privacy Policy</a></span></p>"}}],"columnOptions":{"bg_color":"transparent","margin":{"columnMarginTop":"0","columnMarginBottom":"0","columnMarginLeft":"0","columnMarginRight":"0"},"padding":{"columnPaddingTop":"0","columnPaddingBottom":"0","columnPaddingLeft":"0","columnPaddingRight":"0"},"width":"27.85","columnCSS":"/* Add column custom styling here */"}},"column4":{"colWidgets":[{"widgetType":"wigt-pb-icons","widgetStyling":"","widgetMtop":"0","widgetMleft":"0","widgetMbottom":"0","widgetMright":"0","widgetPtop":"0","widgetPleft":"0","widgetPbottom":"0","widgetPright":"0","widgetBgColor":"transparent","widgetAnimation":"","widgetBorderWidth":"","widgetBorderStyle":null,"widgetBorderColor":"","widgetBoxShadowH":"","widgetBoxShadowV":"","widgetBoxShadowBlur":"","widgetBoxShadowColor":"","widgetIcons":{"pbSelectedIcon":"fa fa-twitter-square","pbIconSize":"50","pbIconRotation":"0","pbIconColor":"#ffffff","pbIconLink":""}}],"columnOptions":{"bg_color":"transparent","margin":{"columnMarginTop":"0","columnMarginBottom":"0","columnMarginLeft":"0","columnMarginRight":"0"},"padding":{"columnPaddingTop":"0","columnPaddingBottom":"0","columnPaddingLeft":"0","columnPaddingRight":"0"},"width":"20.19","columnCSS":"/* Add column custom styling here */"}},"column5":{"colWidgets":[],"columnOptions":{"bg_color":"transparent","margin":{"columnMarginTop":0,"columnMarginBottom":0,"columnMarginLeft":0,"columnMarginRight":0},"padding":{"columnPaddingTop":0,"columnPaddingBottom":0,"columnPaddingLeft":0,"columnPaddingRight":0},"width":"","columnCSS":"/* Add column custom styling here */"}},"column6":{"colWidgets":[],"columnOptions":{"bg_color":"transparent","margin":{"columnMarginTop":0,"columnMarginBottom":0,"columnMarginLeft":0,"columnMarginRight":0},"padding":{"columnPaddingTop":0,"columnPaddingBottom":0,"columnPaddingLeft":0,"columnPaddingRight":0},"width":"","columnCSS":"/* Add column custom styling here */"}},"column7":{"colWidgets":[],"columnOptions":{"bg_color":"transparent","margin":{"columnMarginTop":0,"columnMarginBottom":0,"columnMarginLeft":0,"columnMarginRight":0},"padding":{"columnPaddingTop":0,"columnPaddingBottom":0,"columnPaddingLeft":0,"columnPaddingRight":0},"width":"","columnCSS":"/* Add column custom styling here */"}},"column8":{"colWidgets":[],"columnOptions":{"bg_color":"transparent","margin":{"columnMarginTop":0,"columnMarginBottom":0,"columnMarginLeft":0,"columnMarginRight":0},"padding":{"columnPaddingTop":0,"columnPaddingBottom":0,"columnPaddingLeft":0,"columnPaddingRight":0},"width":"","columnCSS":"/* Add column custom styling here */"}}}]