{"pageID":"5267","postType":"ulpb_post","pageLink":"","pageTitle":"","pageStatus":"publish","pageBuilderVersion":"1.4.6.0","pageOptions":{"setFrontPage":"false","loadWpHead":"false","loadWpFooter":"false","pageBgImage":"","pageBgColor":"#1e1e22","pageLink":"template-42","pagePadding":{"pagePaddingTop":"","pagePaddingBottom":"","pagePaddingLeft":"","pagePaddingRight":""},"pagePaddingTablet":{"pagePaddingTopTablet":"","pagePaddingBottomTablet":"","pagePaddingLeftTablet":"","pagePaddingRightTablet":""},"pagePaddingMobile":{"pagePaddingTopMobile":"","pagePaddingBottomMobile":"","pagePaddingLeftMobile":"","pagePaddingRightMobile":""},"pageSeoName":"Template #42","pageSeoDescription":"","pageSeoKeywords":"","pageLogoUrl":"","pageFavIconUrl":"","MultiVariantTesting":{"VariantB":null,"VariantC":null,"VariantD":null},"POcustomCSS":"/* Add your custom CSS here.*/","POcustomJS":"/* Add your custom Javascript here.*/","POPBDefaults":{"POPBDefaultsEnable":"false","POPB_typefaces":{"typefaceHOne":"Arial","typefaceHTwo":"Arial","typefaceParagraph":"Arial","typefaceButton":"Arial","typefaceAnchorLink":"Arial"},"POPB_typeSizes":{"typeSizeHOne":"45","typeSizeHTwo":"29","typeSizeParagraph":"15","typeSizeButton":"16","typeSizeAnchorLink":"15","typeSizeHOneTablet":"","typeSizeHOneMobile":"","typeSizeHTwoTablet":"","typeSizeHTwoMobile":"","typeSizeParagraphTablet":"","typeSizeParagraphMobile":"","typeSizeButtonTablet":"","typeSizeButtonMobile":"","typeSizeAnchorLinkTablet":"","typeSizeAnchorLinkMobile":""}}},"formMailchimp":{"listId":"","apiKey":""},"Rows":[{"rowID":"ulpb_Row120315","rowHeight":"46","rowHeightUnit":"px","rowHeightTablet":"","rowHeightUnitTablet":null,"rowHeightMobile":"","rowHeightUnitMobile":null,"columns":"2","columnsDivRule":"none","rowData":{"rowCustomClass":"","bg_color":"","bg_img":"","margin":{"rowMarginTop":"0","rowMarginBottom":"0","rowMarginLeft":"0","rowMarginRight":"0"},"marginTablet":{"rMTT":"","rMBT":"","rMLT":"","rMRT":""},"marginMobile":{"rMTM":"","rMBM":"","rMLM":"","rMRM":""},"padding":{"rowPaddingTop":"1","rowPaddingBottom":"1","rowPaddingLeft":"10","rowPaddingRight":"10"},"paddingTablet":{"rPTT":"","rPBT":"","rPLT":"","rPRT":""},"paddingMobile":{"rPTM":"","rPBM":"","rPLM":"","rPRM":""},"video":{"rowBgVideoEnable":"false","rowBgVideoLoop":"loop","rowVideoMpfour":" ","rowVideoWebM":" ","rowVideoThumb":" "},"customStyling":"/* Insert your custom CSS for this row here. */","customJS":" ","rowBackgroundType":"solid","rowBackgroundParallax":"false","rowGradient":{"rowGradientColorFirst":"#dd9933","rowGradientLocationFirst":"40","rowGradientColorSecond":"#eeee22","rowGradientLocationSecond":"60","rowGradientType":"linear","rowGradientPosition":"top left","rowGradientAngle":"135"},"rowHoverOptions":{"rowBgColorHover":"","rowHoverTransitionDuration":"","rowGradientHover":{"rowGradientColorFirstHover":"","rowGradientLocationFirstHover":"","rowGradientColorSecondHover":"","rowGradientLocationSecondHover":"","rowGradientTypeHover":null,"rowGradientPositionHover":null,"rowGradientAngleHover":""}},"rowOverlayGradient":{"rowOverlayGradientColorFirst":"","rowOverlayGradientLocationFirst":"","rowOverlayGradientColorSecond":"","rowOverlayGradientLocationSecond":"","rowOverlayGradientType":null,"rowOverlayGradientPosition":null,"rowOverlayGradientAngle":""},"rowBgOverlayColor":"","rowHideOnDesktop":null,"rowHideOnTablet":null,"rowHideOnMobile":null,"bgSTop":{"rbgstType":"none","rbgstColor":"#fff","rbgstWidth":"100","rbgstWidtht":"","rbgstWidthm":"","rbgstHeight":"200","rbgstHeightt":"","rbgstHeightm":"","rbgstFlipped":"false","rbgstFront":"false"},"bgSBottom":{"rbgsbType":"none","rbgsbColor":"#fff","rbgsbWidth":"100","rbgsbWidtht":"","rbgsbWidthm":"","rbgsbHeight":"200","rbgsbHeightt":"","rbgsbHeightm":"","rbgsbFlipped":"false","rbgsbFront":"false"}},"column1":{"colWidgets":[{"widgetType":"wigt-img","widgetStyling":"/* Custom CSS for widget here. */","widgetMtop":"0","widgetMleft":"0","widgetMbottom":"0","widgetMright":"0","widgetPtop":"0","widgetPleft":"0","widgetPbottom":"0","widgetPright":"0","widgetPaddingTablet":{"rPTT":"","rPBT":"","rPLT":"","rPRT":""},"widgetPaddingMobile":{"rPTM":"","rPBM":"","rPLM":"","rPRM":""},"widgetMarginTablet":{"rMTT":"","rMBT":"","rMLT":"","rMRT":""},"widgetMarginMobile":{"rMTM":"","rMBM":"","rMLM":"","rMRM":""},"widgetBgColor":"transparent","widgetAnimation":"","widgetBorderWidth":"","widgetBorderStyle":null,"widgetBorderColor":"","widgetBoxShadowH":"","widgetBoxShadowV":"","widgetBoxShadowBlur":"","widgetBoxShadowColor":"","widgetIsInline":null,"widgetIsInlineTablet":null,"widgetIsInlineMobile":null,"widgetCustomClass":"","widgBgImg":"","widgBackgroundType":"solid","widgGradient":{"widgGradientColorFirst":"#dd9933","widgGradientLocationFirst":"55","widgGradientColorSecond":"#eeee22","widgGradientLocationSecond":"50","widgGradientType":"linear","widgGradientPosition":"top left","widgGradientAngle":"135"},"widgHoverOptions":{"widgBgColorHover":"","widgHoverTransitionDuration":"","widgetHoverAnimation":"","widgGradientHover":{"widgGradientColorFirstHover":"","widgGradientLocationFirstHover":"","widgGradientColorSecondHover":"","widgGradientLocationSecondHover":"","widgGradientTypeHover":"linear","widgGradientPositionHover":"top left","widgGradientAngleHover":""}},"widgHideOnDesktop":null,"widgHideOnTablet":null,"widgHideOnMobile":null,"widgetImg":{"imgUrl":"https://smuzthemes.com/wp-content/uploads/2018/04/dummy-logo-WHITE.png","imgSize":"custom","imgAlignment":"left","imgAlignmentTablet":null,"imgAlignmentMobile":null,"imgSizeCustomWidth":"150","imgSizeCustomWidthTablet":"","imgSizeCustomWidthMobile":"","imgSizeCustomHeight":"","imgSizeCustomHeightTablet":"","imgSizeCustomHeightMobile":"","imgLightBox":"false","imgLink":"","iwbs":null,"iwbc":"","iborderRadius":{"iwbrt":"","iwbrb":"","iwbrl":"","iwbrr":""},"iborderWidth":{"iwbwt":"","iwbwb":"","iwbwl":"","iwbwr":""},"iwbsh":"","iwbsv":"","iwbsb":"","iwbsc":""},"borderRadius":{"wbrt":"","wbrb":"","wbrl":"","wbrr":""},"borderWidth":{"wbwt":"","wbwb":"","wbwl":"","wbwr":""}}],"columnOptions":{"bg_color":"transparent","margin":{"columnMarginTop":"0","columnMarginBottom":"0","columnMarginLeft":"0","columnMarginRight":"0"},"padding":{"columnPaddingTop":"0","columnPaddingBottom":"0","columnPaddingLeft":"0","columnPaddingRight":"0"},"paddingTablet":{"rPTT":"","rPBT":"","rPLT":"","rPRT":""},"paddingMobile":{"rPTM":"","rPBM":"","rPLM":"","rPRM":""},"marginTablet":{"rMTT":"","rMBT":"","rMLT":"","rMRT":""},"marginMobile":{"rMTM":"","rMBM":"","rMLM":"","rMRM":""},"width":"","widthTablet":"","widthMobile":"","columnCSS":"/* Add column custom styling here */","columnCustomClass":"","colHideOnDesktop":null,"colHideOnTablet":null,"colHideOnMobile":null,"colBoxShadow":{"colBoxShadowH":"","colBoxShadowV":"","colBoxShadowBlur":"","colBoxShadowColor":""},"colBorder":{"colBorderWidth":"","colBorderStyle":null,"colBorderColor":"","colBorderRadius":""},"colBgImg":"","colBackgroundType":"solid","colGradient":{"colGradientColorFirst":"#dd9933","colGradientLocationFirst":"55","colGradientColorSecond":"#eeee22","colGradientLocationSecond":"50","colGradientType":"linear","colGradientPosition":"top left","colGradientAngle":"135"},"colHoverOptions":{"colBgColorHover":"","colHoverTransitionDuration":"","colGradientHover":{"colGradientColorFirstHover":"","colGradientLocationFirstHover":"","colGradientColorSecondHover":"","colGradientLocationSecondHover":"","colGradientTypeHover":"linear","colGradientPositionHover":"top left","colGradientAngleHover":""}}}},"column2":{"colWidgets":[{"widgetType":"wigt-WYSIWYG","widgetStyling":"/* Custom CSS for widget here. */","widgetMtop":"0","widgetMleft":"0","widgetMbottom":"0","widgetMright":"0","widgetPtop":"0","widgetPleft":"0","widgetPbottom":"0","widgetPright":"0","widgetPaddingTablet":{"rPTT":"","rPBT":"","rPLT":"","rPRT":""},"widgetPaddingMobile":{"rPTM":"","rPBM":"","rPLM":"","rPRM":""},"widgetMarginTablet":{"rMTT":"","rMBT":"","rMLT":"","rMRT":""},"widgetMarginMobile":{"rMTM":"","rMBM":"","rMLM":"","rMRM":""},"widgetBgColor":"transparent","widgetAnimation":"","widgetBorderStyle":null,"widgetBorderColor":"","widgetBoxShadowH":"","widgetBoxShadowV":"","widgetBoxShadowBlur":"","widgetBoxShadowColor":"","widgetIsInline":null,"widgetIsInlineTablet":null,"widgetIsInlineMobile":null,"widgetCustomClass":"","widgBgImg":"","widgGradient":{"widgGradientColorFirst":"#dd9933","widgGradientLocationFirst":"55","widgGradientColorSecond":"#eeee22","widgGradientLocationSecond":"50","widgGradientType":"linear","widgGradientPosition":"top left","widgGradientAngle":"135"},"widgHoverOptions":{"widgBgColorHover":"","widgHoverTransitionDuration":"","widgetHoverAnimation":"","widgGradientHover":{"widgGradientColorFirstHover":"","widgGradientLocationFirstHover":"","widgGradientColorSecondHover":"","widgGradientLocationSecondHover":"","widgGradientTypeHover":"linear","widgGradientPositionHover":"top left","widgGradientAngleHover":""}},"widgHideOnDesktop":null,"widgHideOnTablet":null,"widgHideOnMobile":null,"widgetWYSIWYG":{"widgetContent":"<p style=\"text-align: center;\" data-mce-style=\"text-align: center;\"><span style=\"color: #5f5f69; font-size: 19px;\" data-mce-style=\"color: #5f5f69; font-size: 19px;\">Call us: +99-999-999-00</span></p>"},"borderRadius":{"wbrt":"","wbrb":"","wbrl":"","wbrr":""},"borderWidth":{"wbwt":"","wbwb":"","wbwl":"","wbwr":""}}],"columnOptions":{"bg_color":"transparent","margin":{"columnMarginTop":"0","columnMarginBottom":"0","columnMarginLeft":"0","columnMarginRight":"0"},"padding":{"columnPaddingTop":"0","columnPaddingBottom":"0","columnPaddingLeft":"0","columnPaddingRight":"0"},"paddingTablet":{"rPTT":"","rPBT":"","rPLT":"","rPRT":""},"paddingMobile":{"rPTM":"","rPBM":"","rPLM":"","rPRM":""},"marginTablet":{"rMTT":"","rMBT":"","rMLT":"","rMRT":""},"marginMobile":{"rMTM":"","rMBM":"","rMLM":"","rMRM":""},"width":"","widthTablet":"","widthMobile":"","columnCSS":"/* Add column custom styling here */","columnCustomClass":"","colHideOnDesktop":null,"colHideOnTablet":null,"colHideOnMobile":null,"colBoxShadow":{"colBoxShadowH":"","colBoxShadowV":"","colBoxShadowBlur":"","colBoxShadowColor":""},"colBorder":{"colBorderWidth":"","colBorderStyle":null,"colBorderColor":"","colBorderRadius":""},"colBgImg":"","colBackgroundType":"solid","colGradient":{"colGradientColorFirst":"#dd9933","colGradientLocationFirst":"55","colGradientColorSecond":"#eeee22","colGradientLocationSecond":"50","colGradientType":"linear","colGradientPosition":"top left","colGradientAngle":"135"},"colHoverOptions":{"colBgColorHover":"","colHoverTransitionDuration":"","colGradientHover":{"colGradientColorFirstHover":"","colGradientLocationFirstHover":"","colGradientColorSecondHover":"","colGradientLocationSecondHover":"","colGradientTypeHover":"linear","colGradientPositionHover":"top left","colGradientAngleHover":""}}}},"column3":{"colWidgets":[],"columnOptions":{"bg_color":"transparent","margin":{"columnMarginTop":0,"columnMarginBottom":0,"columnMarginLeft":0,"columnMarginRight":0},"padding":{"columnPaddingTop":0,"columnPaddingBottom":0,"columnPaddingLeft":0,"columnPaddingRight":0},"paddingTablet":{"rPTT":"","rPBT":"","rPLT":"","rPRT":""},"paddingMobile":{"rPTM":"","rPBM":"","rPLM":"","rPRM":""},"marginTablet":{"rMTT":"","rMBT":"","rMLT":"","rMRT":""},"marginMobile":{"rMTM":"","rMBM":"","rMLM":"","rMRM":""},"width":"","widthTablet":"","widthMobile":"","columnCSS":"/* Add column custom styling here */","columnCustomClass":"","colHideOnDesktop":"","colHideOnTablet":"","colHideOnMobile":"","colBoxShadow":{"colBoxShadowH":"","colBoxShadowV":"","colBoxShadowBlur":"","colBoxShadowColor":""},"colBgImg":"","colBackgroundType":"solid","colGradient":{"colGradientColorFirst":"#dd9933","colGradientLocationFirst":"55","colGradientColorSecond":"#eeee22","colGradientLocationSecond":"50","colGradientType":"linear","colGradientPosition":"top left","colGradientAngle":"135"},"colHoverOptions":{"colBgColorHover":"","colBackgroundTypeHover":"","colHoverTransitionDuration":"","colGradientHover":{"colGradientColorFirstHover":"","colGradientLocationFirstHover":"","colGradientColorSecondHover":"","colGradientLocationSecondHover":"","colGradientTypeHover":"linear","colGradientPositionHover":"top left","colGradientAngleHover":""}}}},"column4":{"colWidgets":[],"columnOptions":{"bg_color":"transparent","margin":{"columnMarginTop":0,"columnMarginBottom":0,"columnMarginLeft":0,"columnMarginRight":0},"padding":{"columnPaddingTop":0,"columnPaddingBottom":0,"columnPaddingLeft":0,"columnPaddingRight":0},"paddingTablet":{"rPTT":"","rPBT":"","rPLT":"","rPRT":""},"paddingMobile":{"rPTM":"","rPBM":"","rPLM":"","rPRM":""},"marginTablet":{"rMTT":"","rMBT":"","rMLT":"","rMRT":""},"marginMobile":{"rMTM":"","rMBM":"","rMLM":"","rMRM":""},"width":"","widthTablet":"","widthMobile":"","columnCSS":"/* Add column custom styling here */","columnCustomClass":"","colHideOnDesktop":"","colHideOnTablet":"","colHideOnMobile":"","colBoxShadow":{"colBoxShadowH":"","colBoxShadowV":"","colBoxShadowBlur":"","colBoxShadowColor":""},"colBgImg":"","colBackgroundType":"solid","colGradient":{"colGradientColorFirst":"#dd9933","colGradientLocationFirst":"55","colGradientColorSecond":"#eeee22","colGradientLocationSecond":"50","colGradientType":"linear","colGradientPosition":"top left","colGradientAngle":"135"},"colHoverOptions":{"colBgColorHover":"","colBackgroundTypeHover":"","colHoverTransitionDuration":"","colGradientHover":{"colGradientColorFirstHover":"","colGradientLocationFirstHover":"","colGradientColorSecondHover":"","colGradientLocationSecondHover":"","colGradientTypeHover":"linear","colGradientPositionHover":"top left","colGradientAngleHover":""}}}},"column5":{"colWidgets":[],"columnOptions":{"bg_color":"transparent","margin":{"columnMarginTop":0,"columnMarginBottom":0,"columnMarginLeft":0,"columnMarginRight":0},"padding":{"columnPaddingTop":0,"columnPaddingBottom":0,"columnPaddingLeft":0,"columnPaddingRight":0},"paddingTablet":{"rPTT":"","rPBT":"","rPLT":"","rPRT":""},"paddingMobile":{"rPTM":"","rPBM":"","rPLM":"","rPRM":""},"marginTablet":{"rMTT":"","rMBT":"","rMLT":"","rMRT":""},"marginMobile":{"rMTM":"","rMBM":"","rMLM":"","rMRM":""},"width":"","widthTablet":"","widthMobile":"","columnCSS":"/* Add column custom styling here */","columnCustomClass":"","colHideOnDesktop":"","colHideOnTablet":"","colHideOnMobile":"","colBoxShadow":{"colBoxShadowH":"","colBoxShadowV":"","colBoxShadowBlur":"","colBoxShadowColor":""},"colBgImg":"","colBackgroundType":"solid","colGradient":{"colGradientColorFirst":"#dd9933","colGradientLocationFirst":"55","colGradientColorSecond":"#eeee22","colGradientLocationSecond":"50","colGradientType":"linear","colGradientPosition":"top left","colGradientAngle":"135"},"colHoverOptions":{"colBgColorHover":"","colBackgroundTypeHover":"","colHoverTransitionDuration":"","colGradientHover":{"colGradientColorFirstHover":"","colGradientLocationFirstHover":"","colGradientColorSecondHover":"","colGradientLocationSecondHover":"","colGradientTypeHover":"linear","colGradientPositionHover":"top left","colGradientAngleHover":""}}}},"column6":{"colWidgets":[],"columnOptions":{"bg_color":"transparent","margin":{"columnMarginTop":0,"columnMarginBottom":0,"columnMarginLeft":0,"columnMarginRight":0},"padding":{"columnPaddingTop":0,"columnPaddingBottom":0,"columnPaddingLeft":0,"columnPaddingRight":0},"paddingTablet":{"rPTT":"","rPBT":"","rPLT":"","rPRT":""},"paddingMobile":{"rPTM":"","rPBM":"","rPLM":"","rPRM":""},"marginTablet":{"rMTT":"","rMBT":"","rMLT":"","rMRT":""},"marginMobile":{"rMTM":"","rMBM":"","rMLM":"","rMRM":""},"width":"","widthTablet":"","widthMobile":"","columnCSS":"/* Add column custom styling here */","columnCustomClass":"","colHideOnDesktop":"","colHideOnTablet":"","colHideOnMobile":"","colBoxShadow":{"colBoxShadowH":"","colBoxShadowV":"","colBoxShadowBlur":"","colBoxShadowColor":""},"colBgImg":"","colBackgroundType":"solid","colGradient":{"colGradientColorFirst":"#dd9933","colGradientLocationFirst":"55","colGradientColorSecond":"#eeee22","colGradientLocationSecond":"50","colGradientType":"linear","colGradientPosition":"top left","colGradientAngle":"135"},"colHoverOptions":{"colBgColorHover":"","colBackgroundTypeHover":"","colHoverTransitionDuration":"","colGradientHover":{"colGradientColorFirstHover":"","colGradientLocationFirstHover":"","colGradientColorSecondHover":"","colGradientLocationSecondHover":"","colGradientTypeHover":"linear","colGradientPositionHover":"top left","colGradientAngleHover":""}}}},"column7":{"colWidgets":[],"columnOptions":{"bg_color":"transparent","margin":{"columnMarginTop":0,"columnMarginBottom":0,"columnMarginLeft":0,"columnMarginRight":0},"padding":{"columnPaddingTop":0,"columnPaddingBottom":0,"columnPaddingLeft":0,"columnPaddingRight":0},"paddingTablet":{"rPTT":"","rPBT":"","rPLT":"","rPRT":""},"paddingMobile":{"rPTM":"","rPBM":"","rPLM":"","rPRM":""},"marginTablet":{"rMTT":"","rMBT":"","rMLT":"","rMRT":""},"marginMobile":{"rMTM":"","rMBM":"","rMLM":"","rMRM":""},"width":"","widthTablet":"","widthMobile":"","columnCSS":"/* Add column custom styling here */","columnCustomClass":"","colHideOnDesktop":"","colHideOnTablet":"","colHideOnMobile":"","colBoxShadow":{"colBoxShadowH":"","colBoxShadowV":"","colBoxShadowBlur":"","colBoxShadowColor":""},"colBgImg":"","colBackgroundType":"solid","colGradient":{"colGradientColorFirst":"#dd9933","colGradientLocationFirst":"55","colGradientColorSecond":"#eeee22","colGradientLocationSecond":"50","colGradientType":"linear","colGradientPosition":"top left","colGradientAngle":"135"},"colHoverOptions":{"colBgColorHover":"","colBackgroundTypeHover":"","colHoverTransitionDuration":"","colGradientHover":{"colGradientColorFirstHover":"","colGradientLocationFirstHover":"","colGradientColorSecondHover":"","colGradientLocationSecondHover":"","colGradientTypeHover":"linear","colGradientPositionHover":"top left","colGradientAngleHover":""}}}},"column8":{"colWidgets":[],"columnOptions":{"bg_color":"transparent","margin":{"columnMarginTop":0,"columnMarginBottom":0,"columnMarginLeft":0,"columnMarginRight":0},"padding":{"columnPaddingTop":0,"columnPaddingBottom":0,"columnPaddingLeft":0,"columnPaddingRight":0},"paddingTablet":{"rPTT":"","rPBT":"","rPLT":"","rPRT":""},"paddingMobile":{"rPTM":"","rPBM":"","rPLM":"","rPRM":""},"marginTablet":{"rMTT":"","rMBT":"","rMLT":"","rMRT":""},"marginMobile":{"rMTM":"","rMBM":"","rMLM":"","rMRM":""},"width":"","widthTablet":"","widthMobile":"","columnCSS":"/* Add column custom styling here */","columnCustomClass":"","colHideOnDesktop":"","colHideOnTablet":"","colHideOnMobile":"","colBoxShadow":{"colBoxShadowH":"","colBoxShadowV":"","colBoxShadowBlur":"","colBoxShadowColor":""},"colBgImg":"","colBackgroundType":"solid","colGradient":{"colGradientColorFirst":"#dd9933","colGradientLocationFirst":"55","colGradientColorSecond":"#eeee22","colGradientLocationSecond":"50","colGradientType":"linear","colGradientPosition":"top left","colGradientAngle":"135"},"colHoverOptions":{"colBgColorHover":"","colBackgroundTypeHover":"","colHoverTransitionDuration":"","colGradientHover":{"colGradientColorFirstHover":"","colGradientLocationFirstHover":"","colGradientColorSecondHover":"","colGradientLocationSecondHover":"","colGradientTypeHover":"linear","colGradientPositionHover":"top left","colGradientAngleHover":""}}}}},{"rowID":"ulpb_Row63429","rowHeight":"100","rowHeightUnit":"px","rowHeightTablet":"","rowHeightUnitTablet":null,"rowHeightMobile":"","rowHeightUnitMobile":null,"columns":"2","columnsDivRule":"none","rowData":{"rowCustomClass":"","bg_color":"rgba(30,30,34,0)","bg_img":"","margin":{"rowMarginTop":"0","rowMarginBottom":"0","rowMarginLeft":"0","rowMarginRight":"0"},"marginTablet":{"rMTT":"","rMBT":"","rMLT":"","rMRT":""},"marginMobile":{"rMTM":"","rMBM":"","rMLM":"","rMRM":""},"padding":{"rowPaddingTop":"0","rowPaddingBottom":"0","rowPaddingLeft":"0","rowPaddingRight":"0"},"paddingTablet":{"rPTT":"","rPBT":"","rPLT":"","rPRT":""},"paddingMobile":{"rPTM":"","rPBM":"","rPLM":"","rPRM":""},"video":{"rowBgVideoEnable":"false","rowBgVideoLoop":"loop","rowVideoMpfour":" ","rowVideoWebM":" ","rowVideoThumb":" "},"customStyling":"/* Insert your custom CSS for this row here. */","customJS":" ","rowBackgroundType":"solid","rowBackgroundParallax":"false","rowGradient":{"rowGradientColorFirst":"#dd9933","rowGradientLocationFirst":"40","rowGradientColorSecond":"#eeee22","rowGradientLocationSecond":"60","rowGradientType":"linear","rowGradientPosition":"top left","rowGradientAngle":"135"},"rowHoverOptions":{"rowBgColorHover":"","rowHoverTransitionDuration":"","rowGradientHover":{"rowGradientColorFirstHover":"","rowGradientLocationFirstHover":"","rowGradientColorSecondHover":"","rowGradientLocationSecondHover":"","rowGradientTypeHover":null,"rowGradientPositionHover":null,"rowGradientAngleHover":""}},"rowOverlayGradient":{"rowOverlayGradientColorFirst":"","rowOverlayGradientLocationFirst":"","rowOverlayGradientColorSecond":"","rowOverlayGradientLocationSecond":"","rowOverlayGradientType":null,"rowOverlayGradientPosition":null,"rowOverlayGradientAngle":""},"rowBgOverlayColor":"","rowHideOnDesktop":null,"rowHideOnTablet":null,"rowHideOnMobile":null,"bgSTop":{"rbgstType":"none","rbgstColor":"#fff","rbgstWidth":"100","rbgstWidtht":"","rbgstWidthm":"","rbgstHeight":"200","rbgstHeightt":"","rbgstHeightm":"","rbgstFlipped":"false","rbgstFront":"false"},"bgSBottom":{"rbgsbType":"none","rbgsbColor":"#fff","rbgsbWidth":"100","rbgsbWidtht":"","rbgsbWidthm":"","rbgsbHeight":"200","rbgsbHeightt":"","rbgsbHeightm":"","rbgsbFlipped":"false","rbgsbFront":"false"}},"column1":{"colWidgets":[{"widgetType":"wigt-pb-text","widgetStyling":"/* Custom CSS for widget here. */","widgetMtop":"0","widgetMleft":"15","widgetMbottom":"0","widgetMright":"0","widgetPtop":"0","widgetPleft":"0","widgetPbottom":"0","widgetPright":"0","widgetPaddingTablet":{"rPTT":"","rPBT":"","rPLT":"","rPRT":""},"widgetPaddingMobile":{"rPTM":"","rPBM":"","rPLM":"","rPRM":""},"widgetMarginTablet":{"rMTT":"","rMBT":"","rMLT":"","rMRT":""},"widgetMarginMobile":{"rMTM":"","rMBM":"","rMLM":"5","rMRM":"5"},"widgetBgColor":"transparent","widgetAnimation":"","widgetBorderStyle":null,"widgetBorderColor":"","widgetBoxShadowH":"","widgetBoxShadowV":"","widgetBoxShadowBlur":"","widgetBoxShadowColor":"","widgetIsInline":null,"widgetIsInlineTablet":null,"widgetIsInlineMobile":null,"widgetCustomClass":"","widgBgImg":"","widgGradient":{"widgGradientColorFirst":"#dd9933","widgGradientLocationFirst":"55","widgGradientColorSecond":"#eeee22","widgGradientLocationSecond":"50","widgGradientType":"linear","widgGradientPosition":"top left","widgGradientAngle":"135"},"widgHoverOptions":{"widgBgColorHover":"","widgHoverTransitionDuration":"","widgetHoverAnimation":"","widgGradientHover":{"widgGradientColorFirstHover":"","widgGradientLocationFirstHover":"","widgGradientColorSecondHover":"","widgGradientLocationSecondHover":"","widgGradientTypeHover":"linear","widgGradientPositionHover":"top left","widgGradientAngleHover":""}},"widgHideOnDesktop":null,"widgHideOnTablet":null,"widgHideOnMobile":null,"widgetText":{"widgetTextContent":"<b> Clear  value headline </b>\nfor your targeted \naudience    ","widgetTextAlignment":"left","widgetTextAlignmentTablet":null,"widgetTextAlignmentMobile":null,"widgetTextTag":"h1","widgetTextColor":"#ffffff","widgetTextSize":"55","widgetTextFamily":"Rubik","widgetTextWeight":"200","widgetTextTransform":null,"widgetTextLineHeight":"","widgetTextSpacing":"","widgetTextBold":false,"widgetTextItalic":false,"widgetTextUnderlined":false,"widgetTextSizeTablet":"60","widgetTextSizeMobile":"40","widgetTextLineHeightTablet":"","widgetTextLineHeightMobile":"","widgetTextSpacingTablet":"","widgetTextSpacingMobile":""},"borderRadius":{"wbrt":"","wbrb":"","wbrl":"","wbrr":""},"borderWidth":{"wbwt":"","wbwb":"","wbwl":"","wbwr":""}},{"widgetType":"wigt-pb-iconList","widgetStyling":"/* Custom CSS for widget here. */","widgetMtop":"5","widgetMleft":"15","widgetMbottom":"0","widgetMright":"0","widgetPtop":"0","widgetPleft":"0","widgetPbottom":"0","widgetPright":"0","widgetPaddingTablet":{"rPTT":"","rPBT":"","rPLT":"","rPRT":""},"widgetPaddingMobile":{"rPTM":"","rPBM":"","rPLM":"","rPRM":""},"widgetMarginTablet":{"rMTT":"","rMBT":"","rMLT":"","rMRT":""},"widgetMarginMobile":{"rMTM":"","rMBM":"","rMLM":"5","rMRM":"5"},"widgetBgColor":"transparent","widgetAnimation":"","widgetBorderWidth":"","widgetBorderStyle":null,"widgetBorderColor":"","widgetBoxShadowH":"","widgetBoxShadowV":"","widgetBoxShadowBlur":"","widgetBoxShadowColor":"","widgetIsInline":null,"widgetIsInlineTablet":null,"widgetIsInlineMobile":null,"widgetCustomClass":"","widgBgImg":"","widgBackgroundType":"solid","widgGradient":{"widgGradientColorFirst":"#dd9933","widgGradientLocationFirst":"55","widgGradientColorSecond":"#eeee22","widgGradientLocationSecond":"50","widgGradientType":"linear","widgGradientPosition":"top left","widgGradientAngle":"135"},"widgHoverOptions":{"widgBgColorHover":"","widgHoverTransitionDuration":"","widgetHoverAnimation":"","widgGradientHover":{"widgGradientColorFirstHover":"","widgGradientLocationFirstHover":"","widgGradientColorSecondHover":"","widgGradientLocationSecondHover":"","widgGradientTypeHover":"linear","widgGradientPositionHover":"top left","widgGradientAngleHover":""}},"widgHideOnDesktop":null,"widgHideOnTablet":null,"widgHideOnMobile":null,"widgetIconList":{"iconListComplete":[{"iconListItemText":"Benefit of your product","iconListItemIcon":"fa-check","iconListItemLink":"","iconListItemLinkOpen":"_blank"},{"iconListItemText":"Benefit of your product","iconListItemIcon":"fa-check","iconListItemLink":"","iconListItemLinkOpen":"_blank"},{"iconListItemText":"Benefit of your product","iconListItemIcon":"fa-check","iconListItemLink":"","iconListItemLinkOpen":"_blank"}],"iconListLineHeight":"35","iconListAlignment":"left","iconListIconSize":"30","iconListIconSizeTablet":"","iconListIconSizeMobile":"22","iconListIconColor":"#70ee9c","iconListTextSize":"24","iconListTextSizeTablet":"","iconListTextSizeMobile":"20","iconListTextIndent":"15","iconListTextIndentTablet":"","iconListTextIndentMobile":"","iconListTextColor":"#ffffff","iconListTextFontFamily":"Rubik"},"borderRadius":{"wbrt":"","wbrb":"","wbrl":"","wbrr":""},"borderWidth":{"wbwt":"","wbwb":"","wbwl":"","wbwr":""}}],"columnOptions":{"bg_color":"transparent","margin":{"columnMarginTop":"0","columnMarginBottom":"0","columnMarginLeft":"0","columnMarginRight":"0"},"padding":{"columnPaddingTop":"6","columnPaddingBottom":"20","columnPaddingLeft":"0","columnPaddingRight":"0"},"paddingTablet":{"rPTT":"5","rPBT":"5","rPLT":"","rPRT":""},"paddingMobile":{"rPTM":"10","rPBM":"10","rPLM":"","rPRM":""},"marginTablet":{"rMTT":"","rMBT":"","rMLT":"","rMRT":""},"marginMobile":{"rMTM":"","rMBM":"","rMLM":"","rMRM":""},"width":"","widthTablet":"","widthMobile":"","columnCSS":"/* Add your custom CSS for this column here.*/","columnCustomClass":"","colHideOnDesktop":null,"colHideOnTablet":null,"colHideOnMobile":null,"colBoxShadow":{"colBoxShadowH":"","colBoxShadowV":"","colBoxShadowBlur":"","colBoxShadowColor":""},"colBorder":{"colBorderWidth":"","colBorderStyle":null,"colBorderColor":"","colBorderRadius":""},"colBgImg":"https://smuzthemes.com/wp-content/uploads/2018/07/pexels-photo-1015568.jpg","colBackgroundType":"solid","colGradient":{"colGradientColorFirst":"#dd9933","colGradientLocationFirst":"55","colGradientColorSecond":"#eeee22","colGradientLocationSecond":"50","colGradientType":"linear","colGradientPosition":"top left","colGradientAngle":"135"},"colHoverOptions":{"colBgColorHover":"","colHoverTransitionDuration":"","colGradientHover":{"colGradientColorFirstHover":"","colGradientLocationFirstHover":"","colGradientColorSecondHover":"","colGradientLocationSecondHover":"","colGradientTypeHover":"linear","colGradientPositionHover":"top left","colGradientAngleHover":""}}}},"column2":{"colWidgets":[{"widgetType":"wigt-pb-text","widgetStyling":"/* Custom CSS for widget here. */","widgetMtop":"0","widgetMleft":"0","widgetMbottom":"0","widgetMright":"0","widgetPtop":"0","widgetPleft":"0","widgetPbottom":"0","widgetPright":"0","widgetPaddingTablet":{"rPTT":"","rPBT":"","rPLT":"","rPRT":""},"widgetPaddingMobile":{"rPTM":"","rPBM":"","rPLM":"","rPRM":""},"widgetMarginTablet":{"rMTT":"","rMBT":"","rMLT":"","rMRT":""},"widgetMarginMobile":{"rMTM":"","rMBM":"","rMLM":"","rMRM":""},"widgetBgColor":"transparent","widgetAnimation":"","widgetBorderWidth":"","widgetBorderStyle":null,"widgetBorderColor":"","widgetBoxShadowH":"","widgetBoxShadowV":"","widgetBoxShadowBlur":"","widgetBoxShadowColor":"","widgetIsInline":null,"widgetIsInlineTablet":null,"widgetIsInlineMobile":null,"widgetCustomClass":"","widgBgImg":"","widgBackgroundType":"solid","widgGradient":{"widgGradientColorFirst":"#dd9933","widgGradientLocationFirst":"55","widgGradientColorSecond":"#eeee22","widgGradientLocationSecond":"50","widgGradientType":"linear","widgGradientPosition":"top left","widgGradientAngle":"135"},"widgHoverOptions":{"widgBgColorHover":"","widgHoverTransitionDuration":"","widgetHoverAnimation":"","widgGradientHover":{"widgGradientColorFirstHover":"","widgGradientLocationFirstHover":"","widgGradientColorSecondHover":"","widgGradientLocationSecondHover":"","widgGradientTypeHover":"linear","widgGradientPositionHover":"top left","widgGradientAngleHover":""}},"widgHideOnDesktop":null,"widgHideOnTablet":null,"widgHideOnMobile":null,"widgetText":{"widgetTextContent":"Fill the form to get started","widgetTextAlignment":"left","widgetTextAlignmentTablet":null,"widgetTextAlignmentMobile":null,"widgetTextTag":"h2","widgetTextColor":"#70ee9c","widgetTextSize":"36","widgetTextFamily":"Rubik","widgetTextWeight":"900","widgetTextTransform":null,"widgetTextLineHeight":"1.6","widgetTextSpacing":"","widgetTextBold":true,"widgetTextItalic":false,"widgetTextUnderlined":false,"widgetTextSizeTablet":"36","widgetTextSizeMobile":"30","widgetTextLineHeightTablet":"","widgetTextLineHeightMobile":"","widgetTextSpacingTablet":"","widgetTextSpacingMobile":""},"borderRadius":{"wbrt":"","wbrb":"","wbrl":"","wbrr":""},"borderWidth":{"wbwt":"","wbwb":"","wbwl":"","wbwr":""}},{"widgetType":"wigt-pb-text","widgetStyling":"/* Custom CSS for widget here. */","widgetMtop":"0","widgetMleft":"0","widgetMbottom":"0","widgetMright":"0","widgetPtop":"0","widgetPleft":"0","widgetPbottom":"0","widgetPright":"0","widgetPaddingTablet":{"rPTT":"","rPBT":"","rPLT":"","rPRT":""},"widgetPaddingMobile":{"rPTM":"","rPBM":"","rPLM":"","rPRM":""},"widgetMarginTablet":{"rMTT":"","rMBT":"","rMLT":"","rMRT":""},"widgetMarginMobile":{"rMTM":"","rMBM":"","rMLM":"","rMRM":""},"widgetBgColor":"transparent","widgetAnimation":"","widgetBorderWidth":"","widgetBorderStyle":null,"widgetBorderColor":"","widgetBoxShadowH":"","widgetBoxShadowV":"","widgetBoxShadowBlur":"","widgetBoxShadowColor":"","widgetIsInline":null,"widgetIsInlineTablet":null,"widgetIsInlineMobile":null,"widgetCustomClass":"","widgBgImg":"","widgBackgroundType":"solid","widgGradient":{"widgGradientColorFirst":"#dd9933","widgGradientLocationFirst":"55","widgGradientColorSecond":"#eeee22","widgGradientLocationSecond":"50","widgGradientType":"linear","widgGradientPosition":"top left","widgGradientAngle":"135"},"widgHoverOptions":{"widgBgColorHover":"","widgHoverTransitionDuration":"","widgetHoverAnimation":"","widgGradientHover":{"widgGradientColorFirstHover":"","widgGradientLocationFirstHover":"","widgGradientColorSecondHover":"","widgGradientLocationSecondHover":"","widgGradientTypeHover":"linear","widgGradientPositionHover":"top left","widgGradientAngleHover":""}},"widgHideOnDesktop":null,"widgHideOnTablet":null,"widgHideOnMobile":null,"widgetText":{"widgetTextContent":"  We will prepare a perfect offer for you  ","widgetTextAlignment":"left","widgetTextAlignmentTablet":null,"widgetTextAlignmentMobile":null,"widgetTextTag":"p","widgetTextColor":"#ffffff","widgetTextSize":"23","widgetTextFamily":"Rubik","widgetTextWeight":"200","widgetTextTransform":null,"widgetTextLineHeight":"1.4","widgetTextSpacing":"","widgetTextBold":true,"widgetTextItalic":false,"widgetTextUnderlined":false,"widgetTextSizeTablet":"28","widgetTextSizeMobile":"20","widgetTextLineHeightTablet":"","widgetTextLineHeightMobile":"","widgetTextSpacingTablet":"","widgetTextSpacingMobile":""},"borderRadius":{"wbrt":"","wbrb":"","wbrl":"","wbrr":""},"borderWidth":{"wbwt":"","wbwb":"","wbwl":"","wbwr":""}},{"widgetType":"wigt-pb-formBuilder","widgetStyling":"/* Custom CSS for widget here. */","widgetMtop":"0","widgetMleft":"0","widgetMbottom":"0","widgetMright":"20","widgetPtop":"0","widgetPleft":"0","widgetPbottom":"0","widgetPright":"0","widgetPaddingTablet":{"rPTT":"","rPBT":"","rPLT":"","rPRT":""},"widgetPaddingMobile":{"rPTM":"","rPBM":"","rPLM":"","rPRM":""},"widgetMarginTablet":{"rMTT":"","rMBT":"","rMLT":"","rMRT":""},"widgetMarginMobile":{"rMTM":"","rMBM":"","rMLM":"","rMRM":""},"widgetBgColor":"transparent","widgetAnimation":"","widgetBorderWidth":"","widgetBorderStyle":null,"widgetBorderColor":"","widgetBoxShadowH":"","widgetBoxShadowV":"","widgetBoxShadowBlur":"","widgetBoxShadowColor":"","widgetIsInline":null,"widgetIsInlineTablet":null,"widgetIsInlineMobile":null,"widgetCustomClass":"","widgBgImg":"","widgBackgroundType":"solid","widgGradient":{"widgGradientColorFirst":"#dd9933","widgGradientLocationFirst":"55","widgGradientColorSecond":"#eeee22","widgGradientLocationSecond":"50","widgGradientType":"linear","widgGradientPosition":"top left","widgGradientAngle":"135"},"widgHoverOptions":{"widgBgColorHover":"","widgHoverTransitionDuration":"","widgetHoverAnimation":"","widgGradientHover":{"widgGradientColorFirstHover":"","widgGradientLocationFirstHover":"","widgGradientColorSecondHover":"","widgGradientLocationSecondHover":"","widgGradientTypeHover":"linear","widgGradientPositionHover":"top left","widgGradientAngleHover":""}},"widgHideOnDesktop":null,"widgHideOnTablet":null,"widgHideOnMobile":null,"widgetFormBuilder":{"widgetPbFbFormFeilds":[{"fbFieldType":"text","thisFieldOptions":{"fbFieldLabel":"Name","fbFieldPlaceHolder":"Your Name","fbFieldRequired":"false","fbFieldWidth":"100","multiOptionFieldValues":"","fbtextareaRows":"5","displayFieldsInline":null}},{"fbFieldType":"email","thisFieldOptions":{"fbFieldLabel":"Email","fbFieldPlaceHolder":"Your Email","fbFieldRequired":"true","fbFieldWidth":"100","multiOptionFieldValues":"","fbtextareaRows":"5","displayFieldsInline":null}},{"fbFieldType":"number","thisFieldOptions":{"fbFieldLabel":"Phone Number","fbFieldPlaceHolder":"Your Phone Number","fbFieldRequired":"true","fbFieldWidth":"100","multiOptionFieldValues":"","fbtextareaRows":"5","displayFieldsInline":"inline-block"}},{"fbFieldType":"checkbox","thisFieldOptions":{"fbFieldLabel":"Consent","fbFieldPlaceHolder":"","fbFieldRequired":"true","fbFieldWidth":"100","multiOptionFieldValues":"I hereby agree to have my personal data processed for marketing purposes.","fbtextareaRows":"","displayFieldsInline":"inline-block"}}],"widgetPbFbFormFeildOptions":{"formBuilderFieldSize":"medium","formBuilderFieldLabelDisplay":"none","formBuilderFieldBgColor":"#fff","formBuilderFieldColor":"#333","formBuilderFieldBorderColor":"#dddddd","formBuilderFieldBorderWidth":"1","formBuilderFieldBorderRadius":"3","formBuilderLabelSize":"14","formBuilderLabelSizeTablet":"","formBuilderLabelSizeMobile":"","formBuilderLabelColor":"#ffffff","formBuilderFieldVGap":"","formBuilderFieldHGap":"","formBuilderFieldFontFamily":""},"widgetPbFbFormSubmitOptions":{"formBuilderBtnText":"SEND NOW","formBuilderBtnSize":"large","formBuilderBtnWidth":"75","formBuilderBtnBgColor":"#70ee9c","formBuilderBtnColor":"#444444","formBuilderBtnHoverBgColor":"#70ee9c","formBuilderBtnHoverTextColor":"#444444","formBuilderBtnFontSize":"24","formBuilderBtnFontSizeTablet":"","formBuilderBtnFontSizeMobile":"","formBuilderBtnBorderWidth":"0","formBuilderBtnBorderColor":"#d9534f","formBuilderBtnBorderRadius":"3","formBuilderBtnAlignment":"left","formBuilderBtnHGap":"","formBuilderBtnVGap":"","formBuilderbtnSelectedIcon":"","formBuilderbtnIconPosition":"before","formBuilderbtnIconGap":"","formBuilderbtnIconAnimation":"","formBuilderBtnFontFamily":"Archivo+Black"},"widgetPbFbFormEmailOptions":{"formEmailformName":"PluginOps Form","formEmailTo":"","formEmailSubject":"PluginOps New Submission","formEmailFromEmail":"formBuilder@pluginops.com","formEmailName":"PluginOps","formEmailFormat":"plain","formSuccessMessage":"The form was sent successfully!","formSuccessAction":null,"formSuccessActionURL":"http://","formSuccessCustomAction":"","formFailureMessage":""},"widgetPbFbFormMailChimp":{"formBuilderEnableMailChimp":null,"formBuilderMCAccountName":"","formBuilderMCApiKey":"","formBuilderEnableGetResponse":"false","formBuilderGRAccountName":"","formBuilderGRApiKey":"","formBuilderEnableCM":"false","formBuilderCMAccountName":"","formBuilderCMApiKey":"","formBuilderEnableAC":"false","formBuilderACAccountName":"","formBuilderACApiKey":"","formBuilderACApiUrl":"","formBuilderEnableDrip":"false","formBuilderDripAccountName":"","formBuilderDripApiKey":"","formBuilderEnableAweber":"false","formBuilderAweberList":null,"formBuilderEnableConvertKit":"false","formBuilderConvertKitApiKey":"","formBuilderConvertKitAccountName":""},"widgetPbFbFormAllowDuplicates":"true"},"borderRadius":{"wbrt":"","wbrb":"","wbrl":"","wbrr":""},"borderWidth":{"wbwt":"","wbwb":"","wbwl":"","wbwr":""}}],"columnOptions":{"bg_color":"rgba(30,30,34,0)","margin":{"columnMarginTop":"0","columnMarginBottom":"0","columnMarginLeft":"0","columnMarginRight":"0"},"padding":{"columnPaddingTop":"6","columnPaddingBottom":"4","columnPaddingLeft":"3","columnPaddingRight":"0"},"paddingTablet":{"rPTT":"3","rPBT":"10","rPLT":"","rPRT":""},"paddingMobile":{"rPTM":"","rPBM":"10","rPLM":"","rPRM":""},"marginTablet":{"rMTT":"","rMBT":"","rMLT":"","rMRT":""},"marginMobile":{"rMTM":"","rMBM":"","rMLM":"","rMRM":""},"width":"45","widthTablet":"","widthMobile":"","columnCSS":"/* Add column custom styling here */","columnCustomClass":"","colHideOnDesktop":null,"colHideOnTablet":null,"colHideOnMobile":null,"colBoxShadow":{"colBoxShadowH":"","colBoxShadowV":"","colBoxShadowBlur":"","colBoxShadowColor":""},"colBorder":{"colBorderWidth":"","colBorderStyle":null,"colBorderColor":"","colBorderRadius":""},"colBgImg":"","colBackgroundType":"solid","colGradient":{"colGradientColorFirst":"#dd9933","colGradientLocationFirst":"55","colGradientColorSecond":"#eeee22","colGradientLocationSecond":"50","colGradientType":"linear","colGradientPosition":"top left","colGradientAngle":"135"},"colHoverOptions":{"colBgColorHover":"","colHoverTransitionDuration":"","colGradientHover":{"colGradientColorFirstHover":"","colGradientLocationFirstHover":"","colGradientColorSecondHover":"","colGradientLocationSecondHover":"","colGradientTypeHover":"linear","colGradientPositionHover":"top left","colGradientAngleHover":""}}}},"column3":{"colWidgets":[],"columnOptions":{"bg_color":"transparent","margin":{"columnMarginTop":0,"columnMarginBottom":0,"columnMarginLeft":0,"columnMarginRight":0},"padding":{"columnPaddingTop":0,"columnPaddingBottom":0,"columnPaddingLeft":0,"columnPaddingRight":0},"paddingTablet":{"rPTT":"","rPBT":"","rPLT":"","rPRT":""},"paddingMobile":{"rPTM":"","rPBM":"","rPLM":"","rPRM":""},"marginTablet":{"rMTT":"","rMBT":"","rMLT":"","rMRT":""},"marginMobile":{"rMTM":"","rMBM":"","rMLM":"","rMRM":""},"width":"","widthTablet":"","widthMobile":"","columnCSS":"/* Add column custom styling here */","columnCustomClass":"","colHideOnDesktop":"","colHideOnTablet":"","colHideOnMobile":"","colBoxShadow":{"colBoxShadowH":"","colBoxShadowV":"","colBoxShadowBlur":"","colBoxShadowColor":""},"colBgImg":"","colBackgroundType":"solid","colGradient":{"colGradientColorFirst":"#dd9933","colGradientLocationFirst":"55","colGradientColorSecond":"#eeee22","colGradientLocationSecond":"50","colGradientType":"linear","colGradientPosition":"top left","colGradientAngle":"135"},"colHoverOptions":{"colBgColorHover":"","colBackgroundTypeHover":"","colHoverTransitionDuration":"","colGradientHover":{"colGradientColorFirstHover":"","colGradientLocationFirstHover":"","colGradientColorSecondHover":"","colGradientLocationSecondHover":"","colGradientTypeHover":"linear","colGradientPositionHover":"top left","colGradientAngleHover":""}}}},"column4":{"colWidgets":[],"columnOptions":{"bg_color":"transparent","margin":{"columnMarginTop":0,"columnMarginBottom":0,"columnMarginLeft":0,"columnMarginRight":0},"padding":{"columnPaddingTop":0,"columnPaddingBottom":0,"columnPaddingLeft":0,"columnPaddingRight":0},"paddingTablet":{"rPTT":"","rPBT":"","rPLT":"","rPRT":""},"paddingMobile":{"rPTM":"","rPBM":"","rPLM":"","rPRM":""},"marginTablet":{"rMTT":"","rMBT":"","rMLT":"","rMRT":""},"marginMobile":{"rMTM":"","rMBM":"","rMLM":"","rMRM":""},"width":"","widthTablet":"","widthMobile":"","columnCSS":"/* Add column custom styling here */","columnCustomClass":"","colHideOnDesktop":"","colHideOnTablet":"","colHideOnMobile":"","colBoxShadow":{"colBoxShadowH":"","colBoxShadowV":"","colBoxShadowBlur":"","colBoxShadowColor":""},"colBgImg":"","colBackgroundType":"solid","colGradient":{"colGradientColorFirst":"#dd9933","colGradientLocationFirst":"55","colGradientColorSecond":"#eeee22","colGradientLocationSecond":"50","colGradientType":"linear","colGradientPosition":"top left","colGradientAngle":"135"},"colHoverOptions":{"colBgColorHover":"","colBackgroundTypeHover":"","colHoverTransitionDuration":"","colGradientHover":{"colGradientColorFirstHover":"","colGradientLocationFirstHover":"","colGradientColorSecondHover":"","colGradientLocationSecondHover":"","colGradientTypeHover":"linear","colGradientPositionHover":"top left","colGradientAngleHover":""}}}},"column5":{"colWidgets":[],"columnOptions":{"bg_color":"transparent","margin":{"columnMarginTop":0,"columnMarginBottom":0,"columnMarginLeft":0,"columnMarginRight":0},"padding":{"columnPaddingTop":0,"columnPaddingBottom":0,"columnPaddingLeft":0,"columnPaddingRight":0},"paddingTablet":{"rPTT":"","rPBT":"","rPLT":"","rPRT":""},"paddingMobile":{"rPTM":"","rPBM":"","rPLM":"","rPRM":""},"marginTablet":{"rMTT":"","rMBT":"","rMLT":"","rMRT":""},"marginMobile":{"rMTM":"","rMBM":"","rMLM":"","rMRM":""},"width":"","widthTablet":"","widthMobile":"","columnCSS":"/* Add column custom styling here */","columnCustomClass":"","colHideOnDesktop":"","colHideOnTablet":"","colHideOnMobile":"","colBoxShadow":{"colBoxShadowH":"","colBoxShadowV":"","colBoxShadowBlur":"","colBoxShadowColor":""},"colBgImg":"","colBackgroundType":"solid","colGradient":{"colGradientColorFirst":"#dd9933","colGradientLocationFirst":"55","colGradientColorSecond":"#eeee22","colGradientLocationSecond":"50","colGradientType":"linear","colGradientPosition":"top left","colGradientAngle":"135"},"colHoverOptions":{"colBgColorHover":"","colBackgroundTypeHover":"","colHoverTransitionDuration":"","colGradientHover":{"colGradientColorFirstHover":"","colGradientLocationFirstHover":"","colGradientColorSecondHover":"","colGradientLocationSecondHover":"","colGradientTypeHover":"linear","colGradientPositionHover":"top left","colGradientAngleHover":""}}}},"column6":{"colWidgets":[],"columnOptions":{"bg_color":"transparent","margin":{"columnMarginTop":0,"columnMarginBottom":0,"columnMarginLeft":0,"columnMarginRight":0},"padding":{"columnPaddingTop":0,"columnPaddingBottom":0,"columnPaddingLeft":0,"columnPaddingRight":0},"paddingTablet":{"rPTT":"","rPBT":"","rPLT":"","rPRT":""},"paddingMobile":{"rPTM":"","rPBM":"","rPLM":"","rPRM":""},"marginTablet":{"rMTT":"","rMBT":"","rMLT":"","rMRT":""},"marginMobile":{"rMTM":"","rMBM":"","rMLM":"","rMRM":""},"width":"","widthTablet":"","widthMobile":"","columnCSS":"/* Add column custom styling here */","columnCustomClass":"","colHideOnDesktop":"","colHideOnTablet":"","colHideOnMobile":"","colBoxShadow":{"colBoxShadowH":"","colBoxShadowV":"","colBoxShadowBlur":"","colBoxShadowColor":""},"colBgImg":"","colBackgroundType":"solid","colGradient":{"colGradientColorFirst":"#dd9933","colGradientLocationFirst":"55","colGradientColorSecond":"#eeee22","colGradientLocationSecond":"50","colGradientType":"linear","colGradientPosition":"top left","colGradientAngle":"135"},"colHoverOptions":{"colBgColorHover":"","colBackgroundTypeHover":"","colHoverTransitionDuration":"","colGradientHover":{"colGradientColorFirstHover":"","colGradientLocationFirstHover":"","colGradientColorSecondHover":"","colGradientLocationSecondHover":"","colGradientTypeHover":"linear","colGradientPositionHover":"top left","colGradientAngleHover":""}}}},"column7":{"colWidgets":[],"columnOptions":{"bg_color":"transparent","margin":{"columnMarginTop":0,"columnMarginBottom":0,"columnMarginLeft":0,"columnMarginRight":0},"padding":{"columnPaddingTop":0,"columnPaddingBottom":0,"columnPaddingLeft":0,"columnPaddingRight":0},"paddingTablet":{"rPTT":"","rPBT":"","rPLT":"","rPRT":""},"paddingMobile":{"rPTM":"","rPBM":"","rPLM":"","rPRM":""},"marginTablet":{"rMTT":"","rMBT":"","rMLT":"","rMRT":""},"marginMobile":{"rMTM":"","rMBM":"","rMLM":"","rMRM":""},"width":"","widthTablet":"","widthMobile":"","columnCSS":"/* Add column custom styling here */","columnCustomClass":"","colHideOnDesktop":"","colHideOnTablet":"","colHideOnMobile":"","colBoxShadow":{"colBoxShadowH":"","colBoxShadowV":"","colBoxShadowBlur":"","colBoxShadowColor":""},"colBgImg":"","colBackgroundType":"solid","colGradient":{"colGradientColorFirst":"#dd9933","colGradientLocationFirst":"55","colGradientColorSecond":"#eeee22","colGradientLocationSecond":"50","colGradientType":"linear","colGradientPosition":"top left","colGradientAngle":"135"},"colHoverOptions":{"colBgColorHover":"","colBackgroundTypeHover":"","colHoverTransitionDuration":"","colGradientHover":{"colGradientColorFirstHover":"","colGradientLocationFirstHover":"","colGradientColorSecondHover":"","colGradientLocationSecondHover":"","colGradientTypeHover":"linear","colGradientPositionHover":"top left","colGradientAngleHover":""}}}},"column8":{"colWidgets":[],"columnOptions":{"bg_color":"transparent","margin":{"columnMarginTop":0,"columnMarginBottom":0,"columnMarginLeft":0,"columnMarginRight":0},"padding":{"columnPaddingTop":0,"columnPaddingBottom":0,"columnPaddingLeft":0,"columnPaddingRight":0},"paddingTablet":{"rPTT":"","rPBT":"","rPLT":"","rPRT":""},"paddingMobile":{"rPTM":"","rPBM":"","rPLM":"","rPRM":""},"marginTablet":{"rMTT":"","rMBT":"","rMLT":"","rMRT":""},"marginMobile":{"rMTM":"","rMBM":"","rMLM":"","rMRM":""},"width":"","widthTablet":"","widthMobile":"","columnCSS":"/* Add column custom styling here */","columnCustomClass":"","colHideOnDesktop":"","colHideOnTablet":"","colHideOnMobile":"","colBoxShadow":{"colBoxShadowH":"","colBoxShadowV":"","colBoxShadowBlur":"","colBoxShadowColor":""},"colBgImg":"","colBackgroundType":"solid","colGradient":{"colGradientColorFirst":"#dd9933","colGradientLocationFirst":"55","colGradientColorSecond":"#eeee22","colGradientLocationSecond":"50","colGradientType":"linear","colGradientPosition":"top left","colGradientAngle":"135"},"colHoverOptions":{"colBgColorHover":"","colBackgroundTypeHover":"","colHoverTransitionDuration":"","colGradientHover":{"colGradientColorFirstHover":"","colGradientLocationFirstHover":"","colGradientColorSecondHover":"","colGradientLocationSecondHover":"","colGradientTypeHover":"linear","colGradientPositionHover":"top left","colGradientAngleHover":""}}}}}],"":{"parse":true,"emulateHTTP":false,"emulateJSON":false,"xhr":{"readyState":4,"responseText":"\"\"","responseJSON":"","status":200,"statusText":"OK"}},"wait":true,"Data Saved":{"validate":true,"parse":true,"emulateHTTP":false,"emulateJSON":false,"xhr":{"readyState":4,"responseText":"\"Data Saved\"","responseJSON":"Data Saved","status":200,"statusText":"OK"}},"RowsDivided":0}