{"pageID":"1544","postType":"landingpagetemplates","pageLink":"","pageTitle":"","pageStatus":"publish","pageBuilderVersion":"1.4.6.3","pageOptions":{"setFrontPage":"false","loadWpHead":"false","loadWpFooter":"true","pageBgImage":"https://smuzthemes.com/wp-content/uploads/2017/02/5f468e98-compressor.jpg","pageBgColor":" ","pageLink":"template-6","pagePadding":{"pagePaddingTop":"0","pagePaddingBottom":"0","pagePaddingLeft":"0","pagePaddingRight":"0"},"pagePaddingTablet":{"pagePaddingTopTablet":"","pagePaddingBottomTablet":"","pagePaddingLeftTablet":"","pagePaddingRightTablet":""},"pagePaddingMobile":{"pagePaddingTopMobile":"","pagePaddingBottomMobile":"","pagePaddingLeftMobile":"","pagePaddingRightMobile":""},"pageSeoName":"Template 6","pageSeoDescription":"","pageSeoKeywords":"","pageLogoUrl":"","pageFavIconUrl":"","MultiVariantTesting":{"VariantB":"none","VariantC":"none","VariantD":"none"},"POcustomCSS":"/*Add your custom CSS here.*/","POcustomJS":"/*Add your custom CSS here.*/","POPBDefaults":{"POPBDefaultsEnable":"false","POPB_typefaces":{"typefaceHOne":"","typefaceHTwo":"","typefaceParagraph":"","typefaceButton":"","typefaceAnchorLink":""},"POPB_typeSizes":{"typeSizeHOne":"","typeSizeHTwo":"","typeSizeParagraph":"","typeSizeButton":"","typeSizeAnchorLink":"","typeSizeHOneTablet":"","typeSizeHOneMobile":"","typeSizeHTwoTablet":"","typeSizeHTwoMobile":"","typeSizeParagraphTablet":"","typeSizeParagraphMobile":"","typeSizeButtonTablet":"","typeSizeButtonMobile":"","typeSizeAnchorLinkTablet":"","typeSizeAnchorLinkMobile":""}},"bodyBackgroundType":"solid","bodyGradient":{"bodyGradientColorFirst":"","bodyGradientLocationFirst":"","bodyGradientColorSecond":"","bodyGradientLocationSecond":"","bodyGradientType":null,"bodyGradientPosition":null,"bodyGradientAngle":""},"bodyHoverOptions":{"bodyBgColorHover":"","bodyHoverTransitionDuration":"","bodyGradientHover":{"bodyGradientColorFirstHover":"","bodyGradientLocationFirstHover":"","bodyGradientColorSecondHover":"","bodyGradientLocationSecondHover":"","bodyGradientTypeHover":null,"bodyGradientPositionHover":null,"bodyGradientAngleHover":""}},"bodyOverlayGradient":{"bodyOverlayGradientColorFirst":"","bodyOverlayGradientLocationFirst":"","bodyOverlayGradientColorSecond":"","bodyOverlayGradientLocationSecond":"","bodyOverlayGradientType":null,"bodyOverlayGradientPosition":null,"bodyOverlayGradientAngle":""},"bodyBgOverlayColor":"","bodyBorderRadius":[]},"formMailchimp":{"listId":"","apiKey":""},"Rows":[{"rowID":"ulpb_Row109575","rowHeight":"80","rowHeightUnit":"px","rowHeightTablet":"","rowHeightUnitTablet":null,"rowHeightMobile":"10","rowHeightUnitMobile":null,"columns":"2","columnsDivRule":"none","rowData":{"rowCustomClass":"","bg_color":"#7c704d","bg_img":"","margin":{"rowMarginTop":"0","rowMarginBottom":"0","rowMarginLeft":"0","rowMarginRight":"0"},"marginTablet":{"rMTT":"0","rMBT":"0","rMLT":"0","rMRT":"0"},"marginMobile":{"rMTM":"0","rMBM":"0","rMLM":"0","rMRM":"0"},"padding":{"rowPaddingTop":"0","rowPaddingBottom":"0","rowPaddingLeft":"0","rowPaddingRight":"0"},"paddingTablet":{"rPTT":"0","rPBT":"0","rPLT":"0","rPRT":"0"},"paddingMobile":{"rPTM":"0","rPBM":"0","rPLM":"0","rPRM":"0"},"video":{"rowBgVideoEnable":null,"rowBgVideoLoop":null,"rowVideoMpfour":"","rowVideoWebM":"","rowVideoThumb":"","rowVideoType":"mp4","rowVideoYtUrl":""},"customStyling":"/* Insert your custom CSS here. */","customJS":"/* Insert your JS codes here. */","rowBackgroundType":"solid","rowBackgroundParallax":"false","rowGradient":{"rowGradientColorFirst":"","rowGradientLocationFirst":"","rowGradientColorSecond":"","rowGradientLocationSecond":"","rowGradientType":null,"rowGradientPosition":null,"rowGradientAngle":""},"rowHoverOptions":{"rowBgColorHover":"","rowHoverTransitionDuration":"","rowGradientHover":{"rowGradientColorFirstHover":"","rowGradientLocationFirstHover":"","rowGradientColorSecondHover":"","rowGradientLocationSecondHover":"","rowGradientTypeHover":null,"rowGradientPositionHover":null,"rowGradientAngleHover":""}},"rowOverlayGradient":{"rowOverlayGradientColorFirst":"","rowOverlayGradientLocationFirst":"","rowOverlayGradientColorSecond":"","rowOverlayGradientLocationSecond":"","rowOverlayGradientType":null,"rowOverlayGradientPosition":null,"rowOverlayGradientAngle":""},"rowBgOverlayColor":"","rowHideOnDesktop":null,"rowHideOnTablet":null,"rowHideOnMobile":null,"bgSTop":{"rbgstType":"none","rbgstColor":"#fff","rbgstWidth":"100","rbgstWidtht":"","rbgstWidthm":"","rbgstHeight":"200","rbgstHeightt":"","rbgstHeightm":"","rbgstFlipped":"false","rbgstFront":"false"},"bgSBottom":{"rbgsbType":"none","rbgsbColor":"#fff","rbgsbWidth":"100","rbgsbWidtht":"","rbgsbWidthm":"","rbgsbHeight":"200","rbgsbHeightt":"","rbgsbHeightm":"","rbgsbFlipped":"false","rbgsbFront":"false"}},"column1":{"colWidgets":[{"widgetType":"wigt-pb-text","widgetStyling":"/* Custom CSS for widget here. */","widgetMtop":"0","widgetMleft":"25","widgetMbottom":"0","widgetMright":"0","widgetPtop":"0","widgetPleft":"0","widgetPbottom":"0","widgetPright":"0","widgetPaddingTablet":{"rPTT":"1.5","rPBT":"1.5","rPLT":"1.5","rPRT":"1.5"},"widgetPaddingMobile":{"rPTM":"1.5","rPBM":"1.5","rPLM":"1.5","rPRM":"1.5"},"widgetMarginTablet":{"rMTT":"0","rMBT":"0","rMLT":"0","rMRT":"0"},"widgetMarginMobile":{"rMTM":"0","rMBM":"0","rMLM":"0","rMRM":"0"},"widgetBgColor":"transparent","widgetAnimation":"","widgetBorderStyle":null,"widgetBorderColor":"","widgetBoxShadowH":"","widgetBoxShadowV":"","widgetBoxShadowBlur":"","widgetBoxShadowColor":"","widgetIsInline":null,"widgetIsInlineTablet":null,"widgetIsInlineMobile":null,"widgetCustomClass":"","widgBgImg":"","widgGradient":{"widgGradientColorFirst":"#dd9933","widgGradientLocationFirst":"55","widgGradientColorSecond":"#eeee22","widgGradientLocationSecond":"50","widgGradientType":"linear","widgGradientPosition":"top left","widgGradientAngle":"135"},"widgHoverOptions":{"widgBgColorHover":"","widgHoverTransitionDuration":"","widgetHoverAnimation":"","widgGradientHover":{"widgGradientColorFirstHover":"","widgGradientLocationFirstHover":"","widgGradientColorSecondHover":"","widgGradientLocationSecondHover":"","widgGradientTypeHover":"linear","widgGradientPositionHover":"top left","widgGradientAngleHover":""}},"widgHideOnDesktop":null,"widgHideOnTablet":null,"widgHideOnMobile":null,"widgetText":{"widgetTextContent":" WONDERPATH ","widgetTextAlignment":"left","widgetTextAlignmentTablet":"center","widgetTextAlignmentMobile":"center","widgetTextTag":"h1","widgetTextColor":"#eae727","widgetTextSize":"","widgetTextFamily":"select","widgetTextWeight":"200","widgetTextTransform":null,"widgetTextLineHeight":"","widgetTextSpacing":"","widgetTextBold":false,"widgetTextItalic":false,"widgetTextUnderlined":false,"widgetTextSizeTablet":" ","widgetTextSizeMobile":" ","widgetTextLineHeightTablet":"","widgetTextLineHeightMobile":"","widgetTextSpacingTablet":"","widgetTextSpacingMobile":""},"borderRadius":{"wbrt":"","wbrb":"","wbrl":"","wbrr":""},"borderWidth":{"wbwt":"","wbwb":"","wbwl":"","wbwr":""},"widgetMenu":{"menuName":"Select","menuColor":""},"widgetImg":{"imgUrl":"/","imgSize":"original","imgAlignment":"default"},"widgetForm":[],"widgetSlider":[],"widgetSform":[],"widgetPostSlider":[],"widgetTestimonialSlider":[],"widgetSocialFeed":[],"widgetButton":{"btnText":"Click Me","btnLink":"https://pluginops.com/page-builder/?ref=LPBTempButton","btnTextColor":"#fff","btnFontSize":"","btnBgColor":"#333","btnWidth":"40","btnHeight":"20","btnHoverBgColor":"#222","btnBorderColor":"","btnBorderWidth":"","btnBorderRadius":"10","btnButtonAlignment":null},"widgetSubscribeForm":{"pbFormID":"ulpb_form5178","formLayout":"stacked","showNameField":"block","successAction":"showMessage","successURL":"","successMessage":"Thanks for subscribing! Please check your email for further instructions.","formBtnText":"Subscribe","formBtnHeight":"20","formBtnWidth":"40","formBtnBgColor":"#333","formBtnColor":"#fff","formBtnHoverBgColor":"#e3e3e3","formBtnFontSize":"16","formBtnBorderWidth":"1","formBtnBorderColor":"#111","formBtnBorderRadius":"5"},"widgetVideo":{"videoWebM":"","videoMpfour":"","videoThumb":"","vidAutoPlay":"no","vidLoop":"no","vidControls":"controls"},"widgetPBPostsSlider":{"psAutoplay":"false","psSlideDelay":"1","psSlideLoop":"true","psSlideTransition":"fade","psPostsNumber":"10","psDots":"true","psArrows":"true","psFtrImage":"true","psFtrImageSize":"medium","psExcerpt":"true","psReadMore":"false","psMoreLinkText":"Read More","psHeadingSize":"24","psTextAlignment":"left","psBgColor":"#333","psTxtColor":"#fff","psHeadingTxtColor":"#fff","psPostType":"post","psPostsOrderBy":"date","psPostsOrder":"Descending","psPostsFilterBy":"none","psFilterValue":" "},"widgetIcons":{"pbSelectedIcon":"fa-archive","pbIconSize":"55","pbIconRotation":"0","pbIconColor":"#333"},"widgetCounter":{"pbCounterID":"ulpb_counter13770","counterStartingNumber":"0","counterEndingNumber":"100","counterNumberPrefix":"","counterNumberSuffix":"","counterAnimationTime":"1000","counterTitle":"Cool Counter","counterTextColor":"#333","counterTitleColor":"#333","counterNumberFontSize":"36","counterTitleFontSize":"34"}}],"columnOptions":{"bg_color":"transparent","margin":{"columnMarginTop":"0","columnMarginBottom":"0","columnMarginLeft":"0","columnMarginRight":"0"},"padding":{"columnPaddingTop":"0","columnPaddingBottom":"0","columnPaddingLeft":"0","columnPaddingRight":"0"},"paddingTablet":{"rPTT":"","rPBT":"","rPLT":"","rPRT":""},"paddingMobile":{"rPTM":"","rPBM":"","rPLM":"","rPRM":""},"marginTablet":{"rMTT":"","rMBT":"","rMLT":"","rMRT":""},"marginMobile":{"rMTM":"","rMBM":"","rMLM":"","rMRM":""},"width":"75.48","widthTablet":"","widthMobile":"","columnCSS":"/* Add your custom CSS for this column here.*/","columnCustomClass":"","colHideOnDesktop":null,"colHideOnTablet":null,"colHideOnMobile":null,"colBoxShadow":{"colBoxShadowH":"","colBoxShadowV":"","colBoxShadowBlur":"","colBoxShadowColor":""},"colBorder":{"colBorderWidth":"","colBorderStyle":null,"colBorderColor":"","colBorderRadius":""},"colBgImg":"","colBackgroundType":"solid","colGradient":{"colGradientColorFirst":"","colGradientLocationFirst":"","colGradientColorSecond":"","colGradientLocationSecond":"","colGradientType":null,"colGradientPosition":null,"colGradientAngle":""},"colHoverOptions":{"colBgColorHover":"","colHoverTransitionDuration":"","colGradientHover":{"colGradientColorFirstHover":"","colGradientLocationFirstHover":"","colGradientColorSecondHover":"","colGradientLocationSecondHover":"","colGradientTypeHover":null,"colGradientPositionHover":null,"colGradientAngleHover":""}}}},"column2":{"colWidgets":[{"widgetType":"wigt-pb-text","widgetStyling":"/* Custom CSS for widget here. */","widgetMtop":"0","widgetMleft":"0","widgetMbottom":"0","widgetMright":"0","widgetPtop":"0","widgetPleft":"0","widgetPbottom":"0","widgetPright":"0","widgetPaddingTablet":{"rPTT":"1.5","rPBT":"1.5","rPLT":"1.5","rPRT":"1.5"},"widgetPaddingMobile":{"rPTM":"1.5","rPBM":"1.5","rPLM":"1.5","rPRM":"1.5"},"widgetMarginTablet":{"rMTT":"0","rMBT":"0","rMLT":"0","rMRT":"0"},"widgetMarginMobile":{"rMTM":"0","rMBM":"0","rMLM":"0","rMRM":"0"},"widgetBgColor":"transparent","widgetAnimation":"","widgetBorderStyle":null,"widgetBorderColor":"","widgetBoxShadowH":"","widgetBoxShadowV":"","widgetBoxShadowBlur":"","widgetBoxShadowColor":"","widgetIsInline":null,"widgetIsInlineTablet":null,"widgetIsInlineMobile":null,"widgetCustomClass":"","widgBgImg":"","widgGradient":{"widgGradientColorFirst":"#dd9933","widgGradientLocationFirst":"55","widgGradientColorSecond":"#eeee22","widgGradientLocationSecond":"50","widgGradientType":"linear","widgGradientPosition":"top left","widgGradientAngle":"135"},"widgHoverOptions":{"widgBgColorHover":"","widgHoverTransitionDuration":"","widgetHoverAnimation":"","widgGradientHover":{"widgGradientColorFirstHover":"","widgGradientLocationFirstHover":"","widgGradientColorSecondHover":"","widgGradientLocationSecondHover":"","widgGradientTypeHover":"linear","widgGradientPositionHover":"top left","widgGradientAngleHover":""}},"widgHideOnDesktop":null,"widgHideOnTablet":null,"widgHideOnMobile":null,"widgetText":{"widgetTextContent":"Need Help ?","widgetTextAlignment":"left","widgetTextAlignmentTablet":"center","widgetTextAlignmentMobile":"center","widgetTextTag":"h2","widgetTextColor":"rgb(255, 255, 255)","widgetTextSize":"","widgetTextFamily":"select","widgetTextWeight":"200","widgetTextTransform":null,"widgetTextLineHeight":"","widgetTextSpacing":"","widgetTextBold":false,"widgetTextItalic":false,"widgetTextUnderlined":false,"widgetTextSizeTablet":" ","widgetTextSizeMobile":" ","widgetTextLineHeightTablet":"","widgetTextLineHeightMobile":"","widgetTextSpacingTablet":"","widgetTextSpacingMobile":""},"borderRadius":{"wbrt":"","wbrb":"","wbrl":"","wbrr":""},"borderWidth":{"wbwt":"","wbwb":"","wbwl":"","wbwr":""}}],"columnOptions":{"bg_color":"transparent","margin":{"columnMarginTop":"0","columnMarginBottom":"0","columnMarginLeft":"0","columnMarginRight":"0"},"padding":{"columnPaddingTop":"0","columnPaddingBottom":"0","columnPaddingLeft":"0","columnPaddingRight":"0"},"paddingTablet":{"rPTT":"","rPBT":"","rPLT":"","rPRT":""},"paddingMobile":{"rPTM":"","rPBM":"","rPLM":"","rPRM":""},"marginTablet":{"rMTT":"","rMBT":"","rMLT":"","rMRT":""},"marginMobile":{"rMTM":"","rMBM":"","rMLM":"","rMRM":""},"width":"21.84","widthTablet":"","widthMobile":"","columnCSS":"/* Add your custom CSS for this column here.*/","columnCustomClass":"","colHideOnDesktop":null,"colHideOnTablet":null,"colHideOnMobile":null,"colBoxShadow":{"colBoxShadowH":"","colBoxShadowV":"","colBoxShadowBlur":"","colBoxShadowColor":""},"colBorder":{"colBorderWidth":"","colBorderStyle":null,"colBorderColor":"","colBorderRadius":""},"colBgImg":"","colBackgroundType":"solid","colGradient":{"colGradientColorFirst":"","colGradientLocationFirst":"","colGradientColorSecond":"","colGradientLocationSecond":"","colGradientType":null,"colGradientPosition":null,"colGradientAngle":""},"colHoverOptions":{"colBgColorHover":"","colHoverTransitionDuration":"","colGradientHover":{"colGradientColorFirstHover":"","colGradientLocationFirstHover":"","colGradientColorSecondHover":"","colGradientLocationSecondHover":"","colGradientTypeHover":null,"colGradientPositionHover":null,"colGradientAngleHover":""}}}},"column3":{"colWidgets":0,"columnOptions":{"bg_color":"transparent","margin":{"columnMarginTop":0,"columnMarginBottom":0,"columnMarginLeft":0,"columnMarginRight":0},"padding":{"columnPaddingTop":0,"columnPaddingBottom":0,"columnPaddingLeft":0,"columnPaddingRight":0},"width":""}},"column4":{"colWidgets":0,"columnOptions":{"bg_color":"transparent","margin":{"columnMarginTop":0,"columnMarginBottom":0,"columnMarginLeft":0,"columnMarginRight":0},"padding":{"columnPaddingTop":0,"columnPaddingBottom":0,"columnPaddingLeft":0,"columnPaddingRight":0},"width":""}},"column5":{"colWidgets":0,"columnOptions":{"bg_color":"transparent","margin":{"columnMarginTop":0,"columnMarginBottom":0,"columnMarginLeft":0,"columnMarginRight":0},"padding":{"columnPaddingTop":0,"columnPaddingBottom":0,"columnPaddingLeft":0,"columnPaddingRight":0},"width":""}},"column6":{"colWidgets":0,"columnOptions":{"bg_color":"transparent","margin":{"columnMarginTop":0,"columnMarginBottom":0,"columnMarginLeft":0,"columnMarginRight":0},"padding":{"columnPaddingTop":0,"columnPaddingBottom":0,"columnPaddingLeft":0,"columnPaddingRight":0},"width":""}},"column7":{"colWidgets":0,"columnOptions":{"bg_color":"transparent","margin":{"columnMarginTop":0,"columnMarginBottom":0,"columnMarginLeft":0,"columnMarginRight":0},"padding":{"columnPaddingTop":0,"columnPaddingBottom":0,"columnPaddingLeft":0,"columnPaddingRight":0},"width":""}},"column8":{"colWidgets":0,"columnOptions":{"bg_color":"transparent","margin":{"columnMarginTop":0,"columnMarginBottom":0,"columnMarginLeft":0,"columnMarginRight":0},"padding":{"columnPaddingTop":0,"columnPaddingBottom":0,"columnPaddingLeft":0,"columnPaddingRight":0},"width":""}}},{"rowID":"ulpb_Row118934","rowHeight":"350","rowHeightUnit":"px","rowHeightTablet":"150","rowHeightUnitTablet":"px","rowHeightMobile":"200","rowHeightUnitMobile":"px","columns":"2","columnsDivRule":"none","rowData":{"rowCustomClass":"","bg_color":"transparent","bg_img":"","margin":{"rowMarginTop":"0","rowMarginBottom":"0","rowMarginLeft":"0","rowMarginRight":"0"},"marginTablet":{"rMTT":"0","rMBT":"0","rMLT":"0","rMRT":"0"},"marginMobile":{"rMTM":"0","rMBM":"0","rMLM":"0","rMRM":"0"},"padding":{"rowPaddingTop":"4","rowPaddingBottom":"8","rowPaddingLeft":"0","rowPaddingRight":"0"},"paddingTablet":{"rPTT":"0","rPBT":"0","rPLT":"5","rPRT":"5"},"paddingMobile":{"rPTM":"1","rPBM":"1","rPLM":"1","rPRM":"1"},"video":{"rowBgVideoEnable":null,"rowBgVideoLoop":null,"rowVideoMpfour":"","rowVideoWebM":"","rowVideoThumb":"","rowVideoType":"mp4","rowVideoYtUrl":""},"customStyling":"/* Insert your custom CSS here. */","customJS":"/* Insert your JS codes here. */","rowBackgroundType":"solid","rowBackgroundParallax":"false","rowGradient":{"rowGradientColorFirst":"","rowGradientLocationFirst":"","rowGradientColorSecond":"","rowGradientLocationSecond":"","rowGradientType":null,"rowGradientPosition":null,"rowGradientAngle":""},"rowHoverOptions":{"rowBgColorHover":"","rowHoverTransitionDuration":"","rowGradientHover":{"rowGradientColorFirstHover":"","rowGradientLocationFirstHover":"","rowGradientColorSecondHover":"","rowGradientLocationSecondHover":"","rowGradientTypeHover":null,"rowGradientPositionHover":null,"rowGradientAngleHover":""}},"rowOverlayGradient":{"rowOverlayGradientColorFirst":"","rowOverlayGradientLocationFirst":"","rowOverlayGradientColorSecond":"","rowOverlayGradientLocationSecond":"","rowOverlayGradientType":null,"rowOverlayGradientPosition":null,"rowOverlayGradientAngle":""},"rowBgOverlayColor":"rgba(69, 120, 14, 0.37)","rowHideOnDesktop":null,"rowHideOnTablet":null,"rowHideOnMobile":null,"bgSTop":{"rbgstType":"none","rbgstColor":"#fff","rbgstWidth":"100","rbgstWidtht":"","rbgstWidthm":"","rbgstHeight":"200","rbgstHeightt":"","rbgstHeightm":"","rbgstFlipped":"false","rbgstFront":"false"},"bgSBottom":{"rbgsbType":"none","rbgsbColor":"#fff","rbgsbWidth":"100","rbgsbWidtht":"","rbgsbWidthm":"","rbgsbHeight":"200","rbgsbHeightt":"","rbgsbHeightm":"","rbgsbFlipped":"false","rbgsbFront":"false"}},"column1":{"colWidgets":[{"widgetType":"wigt-WYSIWYG","widgetStyling":"/* Custom CSS for widget here. */","widgetMtop":"4","widgetMleft":"35","widgetMbottom":"0","widgetMright":"0","widgetPtop":"0","widgetPleft":"0","widgetPbottom":"0","widgetPright":"0","widgetPaddingTablet":{"rPTT":"1.5","rPBT":"1.5","rPLT":"1.5","rPRT":"1.5"},"widgetPaddingMobile":{"rPTM":"1.5","rPBM":"1.5","rPLM":"1.5","rPRM":"1.5"},"widgetMarginTablet":{"rMTT":"0","rMBT":"0","rMLT":"0","rMRT":"0"},"widgetMarginMobile":{"rMTM":"0","rMBM":"0","rMLM":"0","rMRM":"0"},"widgetBgColor":"transparent","widgetAnimation":"","widgetBorderStyle":null,"widgetBorderColor":"","widgetBoxShadowH":"","widgetBoxShadowV":"","widgetBoxShadowBlur":"","widgetBoxShadowColor":"","widgetIsInline":null,"widgetIsInlineTablet":null,"widgetIsInlineMobile":null,"widgetCustomClass":"","widgBgImg":"","widgGradient":{"widgGradientColorFirst":"#dd9933","widgGradientLocationFirst":"55","widgGradientColorSecond":"#eeee22","widgGradientLocationSecond":"50","widgGradientType":"linear","widgGradientPosition":"top left","widgGradientAngle":"135"},"widgHoverOptions":{"widgBgColorHover":"","widgHoverTransitionDuration":"","widgetHoverAnimation":"","widgGradientHover":{"widgGradientColorFirstHover":"","widgGradientLocationFirstHover":"","widgGradientColorSecondHover":"","widgGradientLocationSecondHover":"","widgGradientTypeHover":"linear","widgGradientPositionHover":"top left","widgGradientAngleHover":""}},"widgHideOnDesktop":null,"widgHideOnTablet":null,"widgHideOnMobile":null,"widgetWYSIWYG":{"widgetContent":"<h1 style=\"font-size: 5em;\" data-mce-style=\"font-size: 5em;\"><span style=\"color: #ffffff; font-family: serif;\" data-mce-style=\"color: #ffffff; font-family: serif;\">Get another year of Path Magazine</span></h1>"},"widgetMenu":{"menuName":"Select","menuColor":""},"widgetImg":{"imgUrl":"/","imgSize":"original","imgAlignment":"default"},"widgetForm":[],"widgetSlider":[],"widgetSform":[],"widgetPostSlider":[],"widgetTestimonialSlider":[],"widgetSocialFeed":[],"widgetButton":{"btnText":"Click Me","btnLink":"https://pluginops.com/page-builder/?ref=LPBTempButton","btnTextColor":"#fff","btnFontSize":"","btnBgColor":"#333","btnWidth":"40","btnHeight":"20","btnHoverBgColor":"#222","btnBorderColor":"","btnBorderWidth":"","btnBorderRadius":"10","btnButtonAlignment":null},"widgetSubscribeForm":{"pbFormID":"ulpb_form5178","formLayout":"stacked","showNameField":"block","successAction":"showMessage","successURL":"","successMessage":"Thanks for subscribing! Please check your email for further instructions.","formBtnText":"Subscribe","formBtnHeight":"20","formBtnWidth":"40","formBtnBgColor":"#333","formBtnColor":"#fff","formBtnHoverBgColor":"#e3e3e3","formBtnFontSize":"16","formBtnBorderWidth":"1","formBtnBorderColor":"#111","formBtnBorderRadius":"5"},"widgetVideo":{"videoWebM":"","videoMpfour":"","videoThumb":"","vidAutoPlay":"no","vidLoop":"no","vidControls":"controls"},"widgetPBPostsSlider":{"psAutoplay":"false","psSlideDelay":"1","psSlideLoop":"true","psSlideTransition":"fade","psPostsNumber":"10","psDots":"true","psArrows":"true","psFtrImage":"true","psFtrImageSize":"medium","psExcerpt":"true","psReadMore":"false","psMoreLinkText":"Read More","psHeadingSize":"24","psTextAlignment":"left","psBgColor":"#333","psTxtColor":"#fff","psHeadingTxtColor":"#fff","psPostType":"post","psPostsOrderBy":"date","psPostsOrder":"Descending","psPostsFilterBy":"none","psFilterValue":" "},"widgetIcons":{"pbSelectedIcon":"fa-archive","pbIconSize":"55","pbIconRotation":"0","pbIconColor":"#333"},"widgetCounter":{"pbCounterID":"ulpb_counter13770","counterStartingNumber":"0","counterEndingNumber":"100","counterNumberPrefix":"","counterNumberSuffix":"","counterAnimationTime":"1000","counterTitle":"Cool Counter","counterTextColor":"#333","counterTitleColor":"#333","counterNumberFontSize":"36","counterTitleFontSize":"34"},"borderRadius":{"wbrt":"","wbrb":"","wbrl":"","wbrr":""},"borderWidth":{"wbwt":"","wbwb":"","wbwl":"","wbwr":""}},{"widgetType":"wigt-WYSIWYG","widgetStyling":"/* Custom CSS for widget here. */","widgetMtop":"-1","widgetMleft":"35","widgetMbottom":"0","widgetMright":"0","widgetPtop":"0","widgetPleft":"0","widgetPbottom":"0","widgetPright":"0","widgetPaddingTablet":{"rPTT":"1.5","rPBT":"1.5","rPLT":"1.5","rPRT":"1.5"},"widgetPaddingMobile":{"rPTM":"1.5","rPBM":"1.5","rPLM":"1.5","rPRM":"1.5"},"widgetMarginTablet":{"rMTT":"0","rMBT":"0","rMLT":"0","rMRT":"0"},"widgetMarginMobile":{"rMTM":"0","rMBM":"0","rMLM":"0","rMRM":"0"},"widgetBgColor":"transparent","widgetAnimation":"","widgetBorderWidth":"","widgetBorderStyle":null,"widgetBorderColor":"","widgetBoxShadowH":"","widgetBoxShadowV":"","widgetBoxShadowBlur":"","widgetBoxShadowColor":"","widgetIsInline":null,"widgetIsInlineTablet":null,"widgetIsInlineMobile":null,"widgetCustomClass":"","widgBgImg":"","widgBackgroundType":"solid","widgGradient":{"widgGradientColorFirst":"#dd9933","widgGradientLocationFirst":"55","widgGradientColorSecond":"#eeee22","widgGradientLocationSecond":"50","widgGradientType":"linear","widgGradientPosition":"top left","widgGradientAngle":"135"},"widgHoverOptions":{"widgBgColorHover":"","widgHoverTransitionDuration":"","widgetHoverAnimation":"","widgGradientHover":{"widgGradientColorFirstHover":"","widgGradientLocationFirstHover":"","widgGradientColorSecondHover":"","widgGradientLocationSecondHover":"","widgGradientTypeHover":"linear","widgGradientPositionHover":"top left","widgGradientAngleHover":""}},"widgHideOnDesktop":null,"widgHideOnTablet":null,"widgHideOnMobile":null,"widgetWYSIWYG":{"widgetContent":"<h1 style=\"font-size: 3em;\" data-mce-style=\"font-size: 3em;\"><span style=\"color: #d9ff00;\" data-mce-style=\"color: #d9ff00;\">Limited Time Offer</span></h1><h1 style=\"font-size: 5em; font-weight: 500; margin-top: -4%;\" data-mce-style=\"font-size: 5em; font-weight: 500; margin-top: -4%;\"><strong><span style=\"color: #ffffff;\" data-mce-style=\"color: #ffffff;\">$99.00</span></strong></h1><h5><strong><span style=\"color: #ffffff;\" data-mce-style=\"color: #ffffff;\">for 12 Months +</span> <span style=\"color: #d9ff00;\" data-mce-style=\"color: #d9ff00;\">6 Bonus Months</span></strong></h5>"},"widgetMenu":{"menuName":"Select","menuColor":""},"widgetImg":{"imgUrl":"/","imgSize":"original","imgAlignment":"default"},"widgetForm":{"formName":null},"widgetSlider":[],"widgetSform":[],"widgetPostSlider":[],"widgetTestimonialSlider":{"testimonialSliderName":null},"widgetSocialFeed":[],"widgetButton":{"btnText":"Click Me","btnLink":"https://pluginops.com/page-builder/?ref=LPBTempButton","btnTextColor":"#fff","btnFontSize":"","btnBgColor":"#333","btnWidth":"40","btnHeight":"20","btnHoverBgColor":"#222","btnBorderColor":"","btnBorderWidth":"","btnBorderRadius":"10","btnButtonAlignment":null},"widgetSubscribeForm":{"pbFormID":"ulpb_form5178","formLayout":"stacked","showNameField":"block","successAction":"showMessage","successURL":"","successMessage":"Thanks for subscribing! Please check your email for further instructions.","formBtnText":"Subscribe","formBtnHeight":"20","formBtnWidth":"40","formBtnBgColor":"#333","formBtnColor":"#fff","formBtnHoverBgColor":"#e3e3e3","formBtnFontSize":"16","formBtnBorderWidth":"1","formBtnBorderColor":"#111","formBtnBorderRadius":"5"},"widgetVideo":{"videoWebM":"","videoMpfour":"","videoThumb":"","vidAutoPlay":"no","vidLoop":"no","vidControls":"controls"},"widgetPBPostsSlider":{"psAutoplay":"false","psSlideDelay":"1","psSlideLoop":"true","psSlideTransition":"fade","psPostsNumber":"10","psDots":"true","psArrows":"true","psFtrImage":null,"psFtrImageSize":"medium","psExcerpt":null,"psReadMore":null,"psMoreLinkText":"Read More","psHeadingSize":"24","psTextAlignment":"left","psBgColor":"transparent","psTxtColor":"#fff","psHeadingTxtColor":"#fff","psPostType":"post","psPostsOrderBy":null,"psPostsOrder":"Descending","psPostsFilterBy":"none","psFilterValue":" "},"widgetIcons":{"pbSelectedIcon":"fa-archive","pbIconSize":"55","pbIconRotation":"0","pbIconColor":"#333"},"widgetCounter":{"pbCounterID":"ulpb_counter13770","counterStartingNumber":"0","counterEndingNumber":"100","counterNumberPrefix":"","counterNumberSuffix":"","counterAnimationTime":"1000","counterTitle":"Cool Counter","counterTextColor":"#333","counterTitleColor":"[object HTMLInputElement]","counterNumberFontSize":"36","counterTitleFontSize":"34"},"borderRadius":{"wbrt":"","wbrb":"","wbrl":"","wbrr":""},"borderWidth":{"wbwt":"","wbwb":"","wbwl":"","wbwr":""}},{"widgetType":"wigt-btn-gen","widgetStyling":"/* Custom CSS for widget here. */","widgetMtop":"-1","widgetMleft":"35","widgetMbottom":"0","widgetMright":"0","widgetPtop":"0","widgetPleft":"0","widgetPbottom":"0","widgetPright":"0","widgetPaddingTablet":{"rPTT":"1.5","rPBT":"1.5","rPLT":"1.5","rPRT":"1.5"},"widgetPaddingMobile":{"rPTM":"1.5","rPBM":"1.5","rPLM":"1.5","rPRM":"1.5"},"widgetMarginTablet":{"rMTT":"0","rMBT":"0","rMLT":"0","rMRT":"0"},"widgetMarginMobile":{"rMTM":"0","rMBM":"0","rMLM":"0","rMRM":"0"},"widgetBgColor":"transparent","widgetAnimation":"none","widgetBorderWidth":"","widgetBorderStyle":"","widgetBorderColor":"","widgetBoxShadowH":"","widgetBoxShadowV":"","widgetBoxShadowBlur":"","widgetBoxShadowColor":"","widgetIsInline":false,"widgetIsInlineTablet":"","widgetIsInlineMobile":"","widgetCustomClass":"","widgBgImg":"","widgBackgroundType":"solid","widgGradient":{"widgGradientColorFirst":"#dd9933","widgGradientLocationFirst":"55","widgGradientColorSecond":"#eeee22","widgGradientLocationSecond":"50","widgGradientType":"linear","widgGradientPosition":"top left","widgGradientAngle":"135"},"widgHoverOptions":{"widgBgColorHover":"","widgBackgroundTypeHover":"","widgHoverTransitionDuration":"","widgGradientHover":{"widgGradientColorFirstHover":"","widgGradientLocationFirstHover":"","widgGradientColorSecondHover":"","widgGradientLocationSecondHover":"","widgGradientTypeHover":"linear","widgGradientPositionHover":"top left","widgGradientAngleHover":""}},"widgHideOnDesktop":"","widgHideOnTablet":"","widgHideOnMobile":"","widgetWYSIWYG":{"widgetContent":"<p>Some Text</p>"},"widgetMenu":{"menuName":"Select","menuColor":""},"widgetImg":{"imgUrl":"/","imgSize":"original","imgAlignment":"default"},"widgetForm":[],"widgetSlider":[],"widgetSform":[],"widgetPostSlider":[],"widgetTestimonialSlider":[],"widgetSocialFeed":[],"widgetButton":{"btnText":"SAVE NOW","btnLink":"https://pluginops.com/page-builder/?ref=LPBTempButton","btnTextColor":"#fff","btnFontSize":"30","btnBgColor":"#ffa100","btnWidth":"90","btnHeight":"10","btnHoverBgColor":"#ffac1e","btnBorderColor":"#ffffff","btnBorderWidth":"0","btnBorderRadius":"4","btnButtonAlignment":"left"},"widgetSubscribeForm":{"pbFormID":"ulpb_form5178","formLayout":"stacked","showNameField":"block","successAction":"showMessage","successURL":"","successMessage":"Thanks for subscribing! Please check your email for further instructions.","formBtnText":"Subscribe","formBtnHeight":"20","formBtnWidth":"40","formBtnBgColor":"#333","formBtnColor":"#fff","formBtnHoverBgColor":"#e3e3e3","formBtnFontSize":"16","formBtnBorderWidth":"1","formBtnBorderColor":"#111","formBtnBorderRadius":"5"},"widgetVideo":{"videoWebM":"","videoMpfour":"","videoThumb":"","vidAutoPlay":"no","vidLoop":"no","vidControls":"controls"},"widgetPBPostsSlider":{"psAutoplay":"false","psSlideDelay":"1","psSlideLoop":"true","psSlideTransition":"fade","psPostsNumber":"10","psDots":"true","psArrows":"true","psFtrImage":"true","psFtrImageSize":"medium","psExcerpt":"true","psReadMore":"false","psMoreLinkText":"Read More","psHeadingSize":"24","psTextAlignment":"left","psBgColor":"#333","psTxtColor":"#fff","psHeadingTxtColor":"#fff","psPostType":"post","psPostsOrderBy":"date","psPostsOrder":"Descending","psPostsFilterBy":"none","psFilterValue":" "},"widgetIcons":{"pbSelectedIcon":"fa-archive","pbIconSize":"55","pbIconRotation":"0","pbIconColor":"#333"},"widgetCounter":{"pbCounterID":"ulpb_counter13770","counterStartingNumber":"0","counterEndingNumber":"100","counterNumberPrefix":"","counterNumberSuffix":"","counterAnimationTime":"1000","counterTitle":"Cool Counter","counterTextColor":"#333","counterTitleColor":"#333","counterNumberFontSize":"36","counterTitleFontSize":"34"}},{"widgetType":"wigt-WYSIWYG","widgetStyling":"/* Custom CSS for widget here. */","widgetMtop":"0","widgetMleft":"35","widgetMbottom":"0","widgetMright":"0","widgetPtop":"0","widgetPleft":"0","widgetPbottom":"0","widgetPright":"0","widgetPaddingTablet":{"rPTT":"1.5","rPBT":"1.5","rPLT":"1.5","rPRT":"1.5"},"widgetPaddingMobile":{"rPTM":"1.5","rPBM":"1.5","rPLM":"1.5","rPRM":"1.5"},"widgetMarginTablet":{"rMTT":"0","rMBT":"0","rMLT":"0","rMRT":"0"},"widgetMarginMobile":{"rMTM":"0","rMBM":"0","rMLM":"0","rMRM":"0"},"widgetBgColor":"transparent","widgetAnimation":null,"widgetBorderWidth":"","widgetBorderStyle":null,"widgetBorderColor":"","widgetBoxShadowH":"","widgetBoxShadowV":"","widgetBoxShadowBlur":"","widgetBoxShadowColor":"","widgetIsInline":null,"widgetIsInlineTablet":null,"widgetIsInlineMobile":null,"widgetCustomClass":"","widgBgImg":"","widgBackgroundType":"solid","widgGradient":{"widgGradientColorFirst":"#dd9933","widgGradientLocationFirst":"55","widgGradientColorSecond":"#eeee22","widgGradientLocationSecond":"50","widgGradientType":"linear","widgGradientPosition":"top left","widgGradientAngle":"135"},"widgHoverOptions":{"widgBgColorHover":"","widgHoverTransitionDuration":"","widgetHoverAnimation":"","widgGradientHover":{"widgGradientColorFirstHover":"","widgGradientLocationFirstHover":"","widgGradientColorSecondHover":"","widgGradientLocationSecondHover":"","widgGradientTypeHover":"linear","widgGradientPositionHover":"top left","widgGradientAngleHover":""}},"widgHideOnDesktop":null,"widgHideOnTablet":null,"widgHideOnMobile":null,"widgetWYSIWYG":{"widgetContent":"<p><span style=\"color: rgb(255, 255, 255);\" data-mce-style=\"color: #ffffff;\">For next 24 hours you can get an extra season of WonderPath Free. Claim your 12-month subscription for just $99 and</span> <span style=\"color: rgb(217, 255, 0);\" data-mce-style=\"color: #d9ff00;\">get 6 bonus months free.</span></p><p><span style=\"color: rgb(255, 255, 255);\" data-mce-style=\"color: #ffffff;\">Hurry, this offer is only valid for the next 24 hours!</span></p>"},"widgetMenu":{"menuName":"Select","menuColor":""},"widgetImg":{"imgUrl":"/","imgSize":"original","imgAlignment":"default"},"widgetForm":[],"widgetSlider":[],"widgetSform":[],"widgetPostSlider":[],"widgetTestimonialSlider":[],"widgetSocialFeed":[],"widgetButton":{"btnText":"Click Me","btnLink":"https://pluginops.com/page-builder/?ref=LPBTempButton","btnTextColor":"#fff","btnFontSize":"","btnBgColor":"#333","btnWidth":"40","btnHeight":"20","btnHoverBgColor":"#222","btnBorderColor":"","btnBorderWidth":"","btnBorderRadius":"10","btnButtonAlignment":null},"widgetSubscribeForm":{"pbFormID":"ulpb_form5178","formLayout":"stacked","showNameField":"block","successAction":"showMessage","successURL":"","successMessage":"Thanks for subscribing! Please check your email for further instructions.","formBtnText":"Subscribe","formBtnHeight":"20","formBtnWidth":"40","formBtnBgColor":"#333","formBtnColor":"#fff","formBtnHoverBgColor":"#e3e3e3","formBtnFontSize":"16","formBtnBorderWidth":"1","formBtnBorderColor":"#111","formBtnBorderRadius":"5"},"widgetVideo":{"videoWebM":"","videoMpfour":"","videoThumb":"","vidAutoPlay":"no","vidLoop":"no","vidControls":"controls"},"widgetPBPostsSlider":{"psAutoplay":"false","psSlideDelay":"1","psSlideLoop":"true","psSlideTransition":"fade","psPostsNumber":"10","psDots":"true","psArrows":"true","psFtrImage":"true","psFtrImageSize":"medium","psExcerpt":"true","psReadMore":"false","psMoreLinkText":"Read More","psHeadingSize":"24","psTextAlignment":"left","psBgColor":"#333","psTxtColor":"#fff","psHeadingTxtColor":"#fff","psPostType":"post","psPostsOrderBy":"date","psPostsOrder":"Descending","psPostsFilterBy":"none","psFilterValue":" "},"widgetIcons":{"pbSelectedIcon":"fa-archive","pbIconSize":"55","pbIconRotation":"0","pbIconColor":"#333"},"widgetCounter":{"pbCounterID":"ulpb_counter13770","counterStartingNumber":"0","counterEndingNumber":"100","counterNumberPrefix":"","counterNumberSuffix":"","counterAnimationTime":"1000","counterTitle":"Cool Counter","counterTextColor":"#333","counterTitleColor":"#333","counterNumberFontSize":"36","counterTitleFontSize":"34"},"borderRadius":{"wbrt":"","wbrb":"","wbrl":"","wbrr":""},"borderWidth":{"wbwt":"","wbwb":"","wbwl":"","wbwr":""}}],"columnOptions":{"bg_color":"transparent","margin":{"columnMarginTop":"0","columnMarginBottom":"0","columnMarginLeft":"0","columnMarginRight":"0"},"padding":{"columnPaddingTop":"0","columnPaddingBottom":"0","columnPaddingLeft":"0","columnPaddingRight":"0"},"paddingTablet":{"rPTT":"","rPBT":"","rPLT":"","rPRT":""},"paddingMobile":{"rPTM":"","rPBM":"","rPLM":"","rPRM":""},"marginTablet":{"rMTT":"","rMBT":"","rMLT":"","rMRT":""},"marginMobile":{"rMTM":"","rMBM":"","rMLM":"","rMRM":""},"width":"","widthTablet":"","widthMobile":"","columnCSS":"/* Add your custom CSS for this column here.*/","columnCustomClass":"","colHideOnDesktop":null,"colHideOnTablet":null,"colHideOnMobile":null,"colBoxShadow":{"colBoxShadowH":"","colBoxShadowV":"","colBoxShadowBlur":"","colBoxShadowColor":""},"colBorder":{"colBorderWidth":"","colBorderStyle":null,"colBorderColor":"","colBorderRadius":""},"colBgImg":"","colBackgroundType":"solid","colGradient":{"colGradientColorFirst":"","colGradientLocationFirst":"","colGradientColorSecond":"","colGradientLocationSecond":"","colGradientType":null,"colGradientPosition":null,"colGradientAngle":""},"colHoverOptions":{"colBgColorHover":"","colHoverTransitionDuration":"","colGradientHover":{"colGradientColorFirstHover":"","colGradientLocationFirstHover":"","colGradientColorSecondHover":"","colGradientLocationSecondHover":"","colGradientTypeHover":null,"colGradientPositionHover":null,"colGradientAngleHover":""}}}},"column2":{"colWidgets":[{"widgetType":"wigt-WYSIWYG","widgetStyling":"/* Custom CSS for widget here. */","widgetMtop":"10","widgetMleft":"0","widgetMbottom":"0","widgetMright":"0","widgetPtop":"0","widgetPleft":"0","widgetPbottom":"0","widgetPright":"0","widgetPaddingTablet":{"rPTT":"1.5","rPBT":"1.5","rPLT":"1.5","rPRT":"1.5"},"widgetPaddingMobile":{"rPTM":"1.5","rPBM":"1.5","rPLM":"1.5","rPRM":"1.5"},"widgetMarginTablet":{"rMTT":"0","rMBT":"0","rMLT":"0","rMRT":"0"},"widgetMarginMobile":{"rMTM":"0","rMBM":"0","rMLM":"0","rMRM":"0"},"widgetBgColor":"transparent","widgetAnimation":"none","widgetBorderWidth":"","widgetBorderStyle":"","widgetBorderColor":"","widgetBoxShadowH":"","widgetBoxShadowV":"","widgetBoxShadowBlur":"","widgetBoxShadowColor":"","widgetIsInline":false,"widgetIsInlineTablet":"","widgetIsInlineMobile":"","widgetCustomClass":"","widgBgImg":"","widgBackgroundType":"solid","widgGradient":{"widgGradientColorFirst":"#dd9933","widgGradientLocationFirst":"55","widgGradientColorSecond":"#eeee22","widgGradientLocationSecond":"50","widgGradientType":"linear","widgGradientPosition":"top left","widgGradientAngle":"135"},"widgHoverOptions":{"widgBgColorHover":"","widgBackgroundTypeHover":"","widgHoverTransitionDuration":"","widgGradientHover":{"widgGradientColorFirstHover":"","widgGradientLocationFirstHover":"","widgGradientColorSecondHover":"","widgGradientLocationSecondHover":"","widgGradientTypeHover":"linear","widgGradientPositionHover":"top left","widgGradientAngleHover":""}},"widgHideOnDesktop":"","widgHideOnTablet":"","widgHideOnMobile":"","widgetWYSIWYG":{"widgetContent":""},"widgetMenu":{"menuName":"Select","menuColor":""},"widgetImg":{"imgUrl":"/","imgSize":"original","imgAlignment":"default"},"widgetForm":[],"widgetSlider":[],"widgetSform":[],"widgetPostSlider":[],"widgetTestimonialSlider":[],"widgetSocialFeed":[],"widgetButton":{"btnText":"Click Me","btnLink":"https://pluginops.com/page-builder/?ref=LPBTempButton","btnTextColor":"#fff","btnFontSize":"","btnBgColor":"#333","btnWidth":"40","btnHeight":"20","btnHoverBgColor":"#222","btnBorderColor":"","btnBorderWidth":"","btnBorderRadius":"10","btnButtonAlignment":null},"widgetSubscribeForm":{"pbFormID":"ulpb_form5178","formLayout":"stacked","showNameField":"block","successAction":"showMessage","successURL":"","successMessage":"Thanks for subscribing! Please check your email for further instructions.","formBtnText":"Subscribe","formBtnHeight":"20","formBtnWidth":"40","formBtnBgColor":"#333","formBtnColor":"#fff","formBtnHoverBgColor":"#e3e3e3","formBtnFontSize":"16","formBtnBorderWidth":"1","formBtnBorderColor":"#111","formBtnBorderRadius":"5"},"widgetVideo":{"videoWebM":"","videoMpfour":"","videoThumb":"","vidAutoPlay":"no","vidLoop":"no","vidControls":"controls"},"widgetPBPostsSlider":{"psAutoplay":"false","psSlideDelay":"1","psSlideLoop":"true","psSlideTransition":"fade","psPostsNumber":"10","psDots":"true","psArrows":"true","psFtrImage":"true","psFtrImageSize":"medium","psExcerpt":"true","psReadMore":"false","psMoreLinkText":"Read More","psHeadingSize":"24","psTextAlignment":"left","psBgColor":"#333","psTxtColor":"#fff","psHeadingTxtColor":"#fff","psPostType":"post","psPostsOrderBy":"date","psPostsOrder":"Descending","psPostsFilterBy":"none","psFilterValue":" "},"widgetIcons":{"pbSelectedIcon":"fa-archive","pbIconSize":"55","pbIconRotation":"0","pbIconColor":"#333"},"widgetCounter":{"pbCounterID":"ulpb_counter13770","counterStartingNumber":"0","counterEndingNumber":"100","counterNumberPrefix":"","counterNumberSuffix":"","counterAnimationTime":"1000","counterTitle":"Cool Counter","counterTextColor":"#333","counterTitleColor":"#333","counterNumberFontSize":"36","counterTitleFontSize":"34"}},{"widgetType":"wigt-WYSIWYG","widgetStyling":"width:250px;\nheight:250px;\nbox-shadow: 0 0 0 24px #77b276;","widgetMtop":"0","widgetMleft":"30","widgetMbottom":"0","widgetMright":"0","widgetPtop":"0","widgetPleft":"0","widgetPbottom":"0","widgetPright":"0","widgetPaddingTablet":{"rPTT":"1.5","rPBT":"1.5","rPLT":"1.5","rPRT":"1.5"},"widgetPaddingMobile":{"rPTM":"1.5","rPBM":"1.5","rPLM":"1.5","rPRM":"1.5"},"widgetMarginTablet":{"rMTT":"5","rMBT":"10","rMLT":"15","rMRT":"0"},"widgetMarginMobile":{"rMTM":"5","rMBM":"15","rMLM":"10","rMRM":"0"},"widgetBgColor":"#77b276","widgetAnimation":"","widgetBorderStyle":"solid","widgetBorderColor":"#d9ff00","widgetBoxShadowH":"0","widgetBoxShadowV":"0","widgetBoxShadowBlur":"0","widgetBoxShadowColor":"#77b276","widgetIsInline":null,"widgetIsInlineTablet":null,"widgetIsInlineMobile":null,"widgetCustomClass":"","widgBgImg":"","widgGradient":{"widgGradientColorFirst":"#dd9933","widgGradientLocationFirst":"55","widgGradientColorSecond":"#eeee22","widgGradientLocationSecond":"50","widgGradientType":"linear","widgGradientPosition":"top left","widgGradientAngle":"135"},"widgHoverOptions":{"widgBgColorHover":"","widgHoverTransitionDuration":"","widgetHoverAnimation":"","widgGradientHover":{"widgGradientColorFirstHover":"","widgGradientLocationFirstHover":"","widgGradientColorSecondHover":"","widgGradientLocationSecondHover":"","widgGradientTypeHover":"linear","widgGradientPositionHover":"top left","widgGradientAngleHover":""}},"widgHideOnDesktop":null,"widgHideOnTablet":null,"widgHideOnMobile":null,"widgetWYSIWYG":{"widgetContent":"<h2 style=\"text-align: center; margin-bottom: -20px; font-weight: bold; margin-top: 57px;\" data-mce-style=\"text-align: center; margin-bottom: -20px; font-weight: bold; margin-top: 57px;\"><span style=\"color: #ffffff;\" data-mce-style=\"color: #ffffff;\">SAVE OVER</span></h2><h1 style=\"text-align: center; font-size: 5em; font-weight: 800;\" data-mce-style=\"text-align: center; font-size: 5em; font-weight: 800;\"><span style=\"color: #d9ff00;\" data-mce-style=\"color: #d9ff00;\">$80</span></h1>"},"widgetMenu":{"menuName":"Select","menuColor":""},"widgetImg":{"imgUrl":"/","imgSize":"original","imgAlignment":"default"},"widgetForm":[],"widgetSlider":[],"widgetSform":[],"widgetPostSlider":[],"widgetTestimonialSlider":[],"widgetSocialFeed":[],"widgetButton":{"btnText":"Click Me","btnLink":"https://pluginops.com/page-builder/?ref=LPBTempButton","btnTextColor":"#fff","btnFontSize":"","btnBgColor":"#333","btnWidth":"40","btnHeight":"20","btnHoverBgColor":"#222","btnBorderColor":"","btnBorderWidth":"","btnBorderRadius":"10","btnButtonAlignment":null},"widgetSubscribeForm":{"pbFormID":"ulpb_form5178","formLayout":"stacked","showNameField":"block","successAction":"showMessage","successURL":"","successMessage":"Thanks for subscribing! Please check your email for further instructions.","formBtnText":"Subscribe","formBtnHeight":"20","formBtnWidth":"40","formBtnBgColor":"#333","formBtnColor":"#fff","formBtnHoverBgColor":"#e3e3e3","formBtnFontSize":"16","formBtnBorderWidth":"1","formBtnBorderColor":"#111","formBtnBorderRadius":"5"},"widgetVideo":{"videoWebM":"","videoMpfour":"","videoThumb":"","vidAutoPlay":"no","vidLoop":"no","vidControls":"controls"},"widgetPBPostsSlider":{"psAutoplay":"false","psSlideDelay":"1","psSlideLoop":"true","psSlideTransition":"fade","psPostsNumber":"10","psDots":"true","psArrows":"true","psFtrImage":"true","psFtrImageSize":"medium","psExcerpt":"true","psReadMore":"false","psMoreLinkText":"Read More","psHeadingSize":"24","psTextAlignment":"left","psBgColor":"#333","psTxtColor":"#fff","psHeadingTxtColor":"#fff","psPostType":"post","psPostsOrderBy":"date","psPostsOrder":"Descending","psPostsFilterBy":"none","psFilterValue":" "},"widgetIcons":{"pbSelectedIcon":"fa-archive","pbIconSize":"55","pbIconRotation":"0","pbIconColor":"#333"},"widgetCounter":{"pbCounterID":"ulpb_counter13770","counterStartingNumber":"0","counterEndingNumber":"100","counterNumberPrefix":"","counterNumberSuffix":"","counterAnimationTime":"1000","counterTitle":"Cool Counter","counterTextColor":"#333","counterTitleColor":"#333","counterNumberFontSize":"36","counterTitleFontSize":"34"},"borderRadius":{"wbrt":"200","wbrb":"200","wbrl":"200","wbrr":"200"},"borderWidth":{"wbwt":"3","wbwb":"3","wbwl":"3","wbwr":"3"}}],"columnOptions":{"bg_color":"transparent","margin":{"columnMarginTop":"0","columnMarginBottom":"0","columnMarginLeft":"0","columnMarginRight":"0"},"padding":{"columnPaddingTop":"0","columnPaddingBottom":"0","columnPaddingLeft":"0","columnPaddingRight":"0"},"paddingTablet":{"rPTT":"","rPBT":"","rPLT":"","rPRT":""},"paddingMobile":{"rPTM":"","rPBM":"","rPLM":"","rPRM":""},"marginTablet":{"rMTT":"","rMBT":"","rMLT":"","rMRT":""},"marginMobile":{"rMTM":"","rMBM":"","rMLM":"","rMRM":""},"width":"","widthTablet":"","widthMobile":"","columnCSS":"/* Add your custom CSS for this column here.*/","columnCustomClass":"","colHideOnDesktop":null,"colHideOnTablet":null,"colHideOnMobile":null,"colBoxShadow":{"colBoxShadowH":"","colBoxShadowV":"","colBoxShadowBlur":"","colBoxShadowColor":""},"colBorder":{"colBorderWidth":"","colBorderStyle":null,"colBorderColor":"","colBorderRadius":""},"colBgImg":"","colBackgroundType":"solid","colGradient":{"colGradientColorFirst":"","colGradientLocationFirst":"","colGradientColorSecond":"","colGradientLocationSecond":"","colGradientType":null,"colGradientPosition":null,"colGradientAngle":""},"colHoverOptions":{"colBgColorHover":"","colHoverTransitionDuration":"","colGradientHover":{"colGradientColorFirstHover":"","colGradientLocationFirstHover":"","colGradientColorSecondHover":"","colGradientLocationSecondHover":"","colGradientTypeHover":null,"colGradientPositionHover":null,"colGradientAngleHover":""}}}},"column3":{"colWidgets":0,"columnOptions":{"bg_color":"transparent","margin":{"columnMarginTop":0,"columnMarginBottom":0,"columnMarginLeft":0,"columnMarginRight":0},"padding":{"columnPaddingTop":0,"columnPaddingBottom":0,"columnPaddingLeft":0,"columnPaddingRight":0},"width":""}},"column4":{"colWidgets":0,"columnOptions":{"bg_color":"transparent","margin":{"columnMarginTop":0,"columnMarginBottom":0,"columnMarginLeft":0,"columnMarginRight":0},"padding":{"columnPaddingTop":0,"columnPaddingBottom":0,"columnPaddingLeft":0,"columnPaddingRight":0},"width":""}},"column5":{"colWidgets":0,"columnOptions":{"bg_color":"transparent","margin":{"columnMarginTop":0,"columnMarginBottom":0,"columnMarginLeft":0,"columnMarginRight":0},"padding":{"columnPaddingTop":0,"columnPaddingBottom":0,"columnPaddingLeft":0,"columnPaddingRight":0},"width":""}},"column6":{"colWidgets":0,"columnOptions":{"bg_color":"transparent","margin":{"columnMarginTop":0,"columnMarginBottom":0,"columnMarginLeft":0,"columnMarginRight":0},"padding":{"columnPaddingTop":0,"columnPaddingBottom":0,"columnPaddingLeft":0,"columnPaddingRight":0},"width":""}},"column7":{"colWidgets":0,"columnOptions":{"bg_color":"transparent","margin":{"columnMarginTop":0,"columnMarginBottom":0,"columnMarginLeft":0,"columnMarginRight":0},"padding":{"columnPaddingTop":0,"columnPaddingBottom":0,"columnPaddingLeft":0,"columnPaddingRight":0},"width":""}},"column8":{"colWidgets":0,"columnOptions":{"bg_color":"transparent","margin":{"columnMarginTop":0,"columnMarginBottom":0,"columnMarginLeft":0,"columnMarginRight":0},"padding":{"columnPaddingTop":0,"columnPaddingBottom":0,"columnPaddingLeft":0,"columnPaddingRight":0},"width":""}}},{"rowID":"ulpb_Row104211","rowHeight":"80","rowHeightUnit":"px","rowHeightTablet":"","rowHeightUnitTablet":null,"rowHeightMobile":"","rowHeightUnitMobile":null,"columns":"2","columnsDivRule":"none","rowData":{"rowCustomClass":"","bg_color":"#7c704a","bg_img":"","margin":{"rowMarginTop":"0","rowMarginBottom":"0","rowMarginLeft":"0","rowMarginRight":"0"},"marginTablet":{"rMTT":"0","rMBT":"0","rMLT":"0","rMRT":"0"},"marginMobile":{"rMTM":"0","rMBM":"0","rMLM":"0","rMRM":"0"},"padding":{"rowPaddingTop":"0","rowPaddingBottom":"0","rowPaddingLeft":"0","rowPaddingRight":"0"},"paddingTablet":{"rPTT":"1.5","rPBT":"1.5","rPLT":"1.5","rPRT":"1.5"},"paddingMobile":{"rPTM":"1.5","rPBM":"1.5","rPLM":"1.5","rPRM":"1.5"},"video":{"rowBgVideoEnable":null,"rowBgVideoLoop":null,"rowVideoMpfour":"","rowVideoWebM":"","rowVideoThumb":"","rowVideoType":"mp4","rowVideoYtUrl":""},"customStyling":"/* Insert your custom CSS here. */","customJS":"/* Insert your JS codes here. */","rowBackgroundType":"solid","rowBackgroundParallax":"false","rowGradient":{"rowGradientColorFirst":"","rowGradientLocationFirst":"","rowGradientColorSecond":"","rowGradientLocationSecond":"","rowGradientType":null,"rowGradientPosition":null,"rowGradientAngle":""},"rowHoverOptions":{"rowBgColorHover":"","rowHoverTransitionDuration":"","rowGradientHover":{"rowGradientColorFirstHover":"","rowGradientLocationFirstHover":"","rowGradientColorSecondHover":"","rowGradientLocationSecondHover":"","rowGradientTypeHover":null,"rowGradientPositionHover":null,"rowGradientAngleHover":""}},"rowOverlayGradient":{"rowOverlayGradientColorFirst":"","rowOverlayGradientLocationFirst":"","rowOverlayGradientColorSecond":"","rowOverlayGradientLocationSecond":"","rowOverlayGradientType":null,"rowOverlayGradientPosition":null,"rowOverlayGradientAngle":""},"rowBgOverlayColor":"","rowHideOnDesktop":null,"rowHideOnTablet":null,"rowHideOnMobile":null,"bgSTop":{"rbgstType":"none","rbgstColor":"#fff","rbgstWidth":"100","rbgstWidtht":"","rbgstWidthm":"","rbgstHeight":"200","rbgstHeightt":"","rbgstHeightm":"","rbgstFlipped":"false","rbgstFront":"false"},"bgSBottom":{"rbgsbType":"none","rbgsbColor":"#fff","rbgsbWidth":"100","rbgsbWidtht":"","rbgsbWidthm":"","rbgsbHeight":"200","rbgsbHeightt":"","rbgsbHeightm":"","rbgsbFlipped":"false","rbgsbFront":"false"}},"column1":{"colWidgets":[{"widgetType":"wigt-pb-text","widgetStyling":"/* Custom CSS for widget here. */","widgetMtop":"0","widgetMleft":"35","widgetMbottom":"0","widgetMright":"0","widgetPtop":"0","widgetPleft":"0","widgetPbottom":"0","widgetPright":"0","widgetPaddingTablet":{"rPTT":"1.5","rPBT":"1.5","rPLT":"1.5","rPRT":"1.5"},"widgetPaddingMobile":{"rPTM":"1.5","rPBM":"1.5","rPLM":"1.5","rPRM":"1.5"},"widgetMarginTablet":{"rMTT":"0","rMBT":"0","rMLT":"0","rMRT":"0"},"widgetMarginMobile":{"rMTM":"0","rMBM":"0","rMLM":"0","rMRM":"0"},"widgetBgColor":"transparent","widgetAnimation":"none","widgetBorderWidth":"","widgetBorderStyle":"","widgetBorderColor":"","widgetBoxShadowH":"","widgetBoxShadowV":"","widgetBoxShadowBlur":"","widgetBoxShadowColor":"","widgetIsInline":false,"widgetIsInlineTablet":"","widgetIsInlineMobile":"","widgetCustomClass":"","widgBgImg":"","widgBackgroundType":"solid","widgGradient":{"widgGradientColorFirst":"#dd9933","widgGradientLocationFirst":"55","widgGradientColorSecond":"#eeee22","widgGradientLocationSecond":"50","widgGradientType":"linear","widgGradientPosition":"top left","widgGradientAngle":"135"},"widgHoverOptions":{"widgBgColorHover":"","widgBackgroundTypeHover":"","widgHoverTransitionDuration":"","widgGradientHover":{"widgGradientColorFirstHover":"","widgGradientLocationFirstHover":"","widgGradientColorSecondHover":"","widgGradientLocationSecondHover":"","widgGradientTypeHover":"linear","widgGradientPositionHover":"top left","widgGradientAngleHover":""}},"widgHideOnDesktop":"","widgHideOnTablet":"","widgHideOnMobile":"","widgetText":{"widgetTextContent":" WONDERPATH ","widgetTextAlignment":"left","widgetTextAlignmentTablet":"center","widgetTextAlignmentMobile":"center","widgetTextTag":"h1","widgetTextColor":"#eae727","widgetTextSize":"","widgetTextFamily":"select","widgetTextWeight":"200","widgetTextTransform":null,"widgetTextLineHeight":"","widgetTextSpacing":"","widgetTextBold":false,"widgetTextItalic":false,"widgetTextUnderlined":false,"widgetTextSizeTablet":" ","widgetTextSizeMobile":" ","widgetTextLineHeightTablet":"","widgetTextLineHeightMobile":"","widgetTextSpacingTablet":"","widgetTextSpacingMobile":""},"borderRadius":{"wbrt":"","wbrb":"","wbrl":"","wbrr":""},"borderWidth":{"wbwt":"","wbwb":"","wbwl":"","wbwr":""},"widgetMenu":{"menuName":"Select","menuColor":""},"widgetImg":{"imgUrl":"/","imgSize":"original","imgAlignment":"default"},"widgetForm":[],"widgetSlider":[],"widgetSform":[],"widgetPostSlider":[],"widgetTestimonialSlider":[],"widgetSocialFeed":[],"widgetButton":{"btnText":"Click Me","btnLink":"https://pluginops.com/page-builder/?ref=LPBTempButton","btnTextColor":"#fff","btnFontSize":"","btnBgColor":"#333","btnWidth":"40","btnHeight":"20","btnHoverBgColor":"#222","btnBorderColor":"","btnBorderWidth":"","btnBorderRadius":"10","btnButtonAlignment":null},"widgetSubscribeForm":{"pbFormID":"ulpb_form5178","formLayout":"stacked","showNameField":"block","successAction":"showMessage","successURL":"","successMessage":"Thanks for subscribing! Please check your email for further instructions.","formBtnText":"Subscribe","formBtnHeight":"20","formBtnWidth":"40","formBtnBgColor":"#333","formBtnColor":"#fff","formBtnHoverBgColor":"#e3e3e3","formBtnFontSize":"16","formBtnBorderWidth":"1","formBtnBorderColor":"#111","formBtnBorderRadius":"5"},"widgetVideo":{"videoWebM":"","videoMpfour":"","videoThumb":"","vidAutoPlay":"no","vidLoop":"no","vidControls":"controls"},"widgetPBPostsSlider":{"psAutoplay":"false","psSlideDelay":"1","psSlideLoop":"true","psSlideTransition":"fade","psPostsNumber":"10","psDots":"true","psArrows":"true","psFtrImage":"true","psFtrImageSize":"medium","psExcerpt":"true","psReadMore":"false","psMoreLinkText":"Read More","psHeadingSize":"24","psTextAlignment":"left","psBgColor":"#333","psTxtColor":"#fff","psHeadingTxtColor":"#fff","psPostType":"post","psPostsOrderBy":"date","psPostsOrder":"Descending","psPostsFilterBy":"none","psFilterValue":" "},"widgetIcons":{"pbSelectedIcon":"fa-archive","pbIconSize":"55","pbIconRotation":"0","pbIconColor":"#333"},"widgetCounter":{"pbCounterID":"ulpb_counter13770","counterStartingNumber":"0","counterEndingNumber":"100","counterNumberPrefix":"","counterNumberSuffix":"","counterAnimationTime":"1000","counterTitle":"Cool Counter","counterTextColor":"#333","counterTitleColor":"#333","counterNumberFontSize":"36","counterTitleFontSize":"34"}}],"columnOptions":{"bg_color":"transparent","margin":{"columnMarginTop":"0","columnMarginBottom":"0","columnMarginLeft":"0","columnMarginRight":"0"},"padding":{"columnPaddingTop":"0","columnPaddingBottom":"0","columnPaddingLeft":"0","columnPaddingRight":"0"},"paddingTablet":{"rPTT":"","rPBT":"","rPLT":"","rPRT":""},"paddingMobile":{"rPTM":"","rPBM":"","rPLM":"","rPRM":""},"marginTablet":{"rMTT":"","rMBT":"","rMLT":"","rMRT":""},"marginMobile":{"rMTM":"","rMBM":"","rMLM":"","rMRM":""},"width":"","widthTablet":"","widthMobile":"","columnCSS":"/* Add your custom CSS for this column here.*/","columnCustomClass":"","colHideOnDesktop":null,"colHideOnTablet":null,"colHideOnMobile":null,"colBoxShadow":{"colBoxShadowH":"","colBoxShadowV":"","colBoxShadowBlur":"","colBoxShadowColor":""},"colBorder":{"colBorderWidth":"","colBorderStyle":null,"colBorderColor":"","colBorderRadius":""},"colBgImg":"","colBackgroundType":"solid","colGradient":{"colGradientColorFirst":"","colGradientLocationFirst":"","colGradientColorSecond":"","colGradientLocationSecond":"","colGradientType":null,"colGradientPosition":null,"colGradientAngle":""},"colHoverOptions":{"colBgColorHover":"","colHoverTransitionDuration":"","colGradientHover":{"colGradientColorFirstHover":"","colGradientLocationFirstHover":"","colGradientColorSecondHover":"","colGradientLocationSecondHover":"","colGradientTypeHover":null,"colGradientPositionHover":null,"colGradientAngleHover":""}}}},"column2":{"colWidgets":[{"widgetType":"wigt-WYSIWYG","widgetStyling":"/* Custom CSS for widget here. */","widgetMtop":"3","widgetMleft":"0","widgetMbottom":"0","widgetMright":"0","widgetPtop":"0","widgetPleft":"0","widgetPbottom":"0","widgetPright":"0","widgetPaddingTablet":{"rPTT":"1.5","rPBT":"1.5","rPLT":"1.5","rPRT":"1.5"},"widgetPaddingMobile":{"rPTM":"1.5","rPBM":"1.5","rPLM":"1.5","rPRM":"1.5"},"widgetMarginTablet":{"rMTT":"0","rMBT":"0","rMLT":"0","rMRT":"0"},"widgetMarginMobile":{"rMTM":"0","rMBM":"0","rMLM":"0","rMRM":"0"},"widgetBgColor":"transparent","widgetAnimation":null,"widgetBorderStyle":null,"widgetBorderColor":"","widgetBoxShadowH":"","widgetBoxShadowV":"","widgetBoxShadowBlur":"","widgetBoxShadowColor":"","widgetIsInline":null,"widgetIsInlineTablet":null,"widgetIsInlineMobile":null,"widgetCustomClass":"","widgBgImg":"","widgGradient":{"widgGradientColorFirst":"#dd9933","widgGradientLocationFirst":"55","widgGradientColorSecond":"#eeee22","widgGradientLocationSecond":"50","widgGradientType":"linear","widgGradientPosition":"top left","widgGradientAngle":"135"},"widgHoverOptions":{"widgBgColorHover":"","widgHoverTransitionDuration":"","widgetHoverAnimation":"","widgGradientHover":{"widgGradientColorFirstHover":"","widgGradientLocationFirstHover":"","widgGradientColorSecondHover":"","widgGradientLocationSecondHover":"","widgGradientTypeHover":"linear","widgGradientPositionHover":"top left","widgGradientAngleHover":""}},"widgHideOnDesktop":null,"widgHideOnTablet":null,"widgHideOnMobile":null,"widgetWYSIWYG":{"widgetContent":"<p><span style=\"color: rgb(255, 255, 255);\" data-mce-style=\"color: #ffffff;\">Copyright&nbsp;© 2017. A template by PluginOps</span></p>"},"widgetMenu":{"menuName":"Select","menuColor":""},"widgetImg":{"imgUrl":"/","imgSize":"original","imgAlignment":"default"},"widgetForm":[],"widgetSlider":[],"widgetSform":[],"widgetPostSlider":[],"widgetTestimonialSlider":[],"widgetSocialFeed":[],"widgetButton":{"btnText":"Click Me","btnLink":"https://pluginops.com/page-builder/?ref=LPBTempButton","btnTextColor":"#fff","btnFontSize":"","btnBgColor":"#333","btnWidth":"40","btnHeight":"20","btnHoverBgColor":"#222","btnBorderColor":"","btnBorderWidth":"","btnBorderRadius":"10","btnButtonAlignment":null},"widgetSubscribeForm":{"pbFormID":"ulpb_form5178","formLayout":"stacked","showNameField":"block","successAction":"showMessage","successURL":"","successMessage":"Thanks for subscribing! Please check your email for further instructions.","formBtnText":"Subscribe","formBtnHeight":"20","formBtnWidth":"40","formBtnBgColor":"#333","formBtnColor":"#fff","formBtnHoverBgColor":"#e3e3e3","formBtnFontSize":"16","formBtnBorderWidth":"1","formBtnBorderColor":"#111","formBtnBorderRadius":"5"},"widgetVideo":{"videoWebM":"","videoMpfour":"","videoThumb":"","vidAutoPlay":"no","vidLoop":"no","vidControls":"controls"},"widgetPBPostsSlider":{"psAutoplay":"false","psSlideDelay":"1","psSlideLoop":"true","psSlideTransition":"fade","psPostsNumber":"10","psDots":"true","psArrows":"true","psFtrImage":"true","psFtrImageSize":"medium","psExcerpt":"true","psReadMore":"false","psMoreLinkText":"Read More","psHeadingSize":"24","psTextAlignment":"left","psBgColor":"#333","psTxtColor":"#fff","psHeadingTxtColor":"#fff","psPostType":"post","psPostsOrderBy":"date","psPostsOrder":"Descending","psPostsFilterBy":"none","psFilterValue":" "},"widgetIcons":{"pbSelectedIcon":"fa-archive","pbIconSize":"55","pbIconRotation":"0","pbIconColor":"#333"},"widgetCounter":{"pbCounterID":"ulpb_counter13770","counterStartingNumber":"0","counterEndingNumber":"100","counterNumberPrefix":"","counterNumberSuffix":"","counterAnimationTime":"1000","counterTitle":"Cool Counter","counterTextColor":"#333","counterTitleColor":"#333","counterNumberFontSize":"36","counterTitleFontSize":"34"},"borderRadius":{"wbrt":"","wbrb":"","wbrl":"","wbrr":""},"borderWidth":{"wbwt":"","wbwb":"","wbwl":"","wbwr":""}}],"columnOptions":{"bg_color":"transparent","margin":{"columnMarginTop":"0","columnMarginBottom":"0","columnMarginLeft":"0","columnMarginRight":"0"},"padding":{"columnPaddingTop":"0","columnPaddingBottom":"0","columnPaddingLeft":"0","columnPaddingRight":"0"},"paddingTablet":{"rPTT":"","rPBT":"","rPLT":"","rPRT":""},"paddingMobile":{"rPTM":"","rPBM":"","rPLM":"","rPRM":""},"marginTablet":{"rMTT":"","rMBT":"","rMLT":"","rMRT":""},"marginMobile":{"rMTM":"","rMBM":"","rMLM":"","rMRM":""},"width":"","widthTablet":"","widthMobile":"","columnCSS":"/* Add your custom CSS for this column here.*/","columnCustomClass":"","colHideOnDesktop":null,"colHideOnTablet":null,"colHideOnMobile":null,"colBoxShadow":{"colBoxShadowH":"","colBoxShadowV":"","colBoxShadowBlur":"","colBoxShadowColor":""},"colBorder":{"colBorderWidth":"","colBorderStyle":null,"colBorderColor":"","colBorderRadius":""},"colBgImg":"","colBackgroundType":"solid","colGradient":{"colGradientColorFirst":"","colGradientLocationFirst":"","colGradientColorSecond":"","colGradientLocationSecond":"","colGradientType":null,"colGradientPosition":null,"colGradientAngle":""},"colHoverOptions":{"colBgColorHover":"","colHoverTransitionDuration":"","colGradientHover":{"colGradientColorFirstHover":"","colGradientLocationFirstHover":"","colGradientColorSecondHover":"","colGradientLocationSecondHover":"","colGradientTypeHover":null,"colGradientPositionHover":null,"colGradientAngleHover":""}}}},"column3":{"colWidgets":0,"columnOptions":{"bg_color":"transparent","margin":{"columnMarginTop":0,"columnMarginBottom":0,"columnMarginLeft":0,"columnMarginRight":0},"padding":{"columnPaddingTop":0,"columnPaddingBottom":0,"columnPaddingLeft":0,"columnPaddingRight":0},"width":""}},"column4":{"colWidgets":0,"columnOptions":{"bg_color":"transparent","margin":{"columnMarginTop":0,"columnMarginBottom":0,"columnMarginLeft":0,"columnMarginRight":0},"padding":{"columnPaddingTop":0,"columnPaddingBottom":0,"columnPaddingLeft":0,"columnPaddingRight":0},"width":""}},"column5":{"colWidgets":0,"columnOptions":{"bg_color":"transparent","margin":{"columnMarginTop":0,"columnMarginBottom":0,"columnMarginLeft":0,"columnMarginRight":0},"padding":{"columnPaddingTop":0,"columnPaddingBottom":0,"columnPaddingLeft":0,"columnPaddingRight":0},"width":""}},"column6":{"colWidgets":0,"columnOptions":{"bg_color":"transparent","margin":{"columnMarginTop":0,"columnMarginBottom":0,"columnMarginLeft":0,"columnMarginRight":0},"padding":{"columnPaddingTop":0,"columnPaddingBottom":0,"columnPaddingLeft":0,"columnPaddingRight":0},"width":""}},"column7":{"colWidgets":0,"columnOptions":{"bg_color":"transparent","margin":{"columnMarginTop":0,"columnMarginBottom":0,"columnMarginLeft":0,"columnMarginRight":0},"padding":{"columnPaddingTop":0,"columnPaddingBottom":0,"columnPaddingLeft":0,"columnPaddingRight":0},"width":""}},"column8":{"colWidgets":0,"columnOptions":{"bg_color":"transparent","margin":{"columnMarginTop":0,"columnMarginBottom":0,"columnMarginLeft":0,"columnMarginRight":0},"padding":{"columnPaddingTop":0,"columnPaddingBottom":0,"columnPaddingLeft":0,"columnPaddingRight":0},"width":""}}}],"":{"parse":true,"emulateHTTP":false,"emulateJSON":false,"xhr":{"readyState":4,"responseText":"\"\"","responseJSON":"","status":200,"statusText":"OK"}},"wait":true,"RowsDivided":0,"Data Saved":{"validate":true,"parse":true,"emulateHTTP":false,"emulateJSON":false,"xhr":{"readyState":4,"responseText":"\"Data Saved\"","responseJSON":"Data Saved","status":200,"statusText":"OK"}}}