[{"rowID":"ulpb_Row174738","rowHeight":"80","rowHeightUnit":"px","rowHeightTablet":"","rowHeightUnitTablet":"","rowHeightMobile":"","rowHeightUnitMobile":"","columns":"1","columnsDivRule":"none","rowData":{"bg_color":"rgba(255,255,255,0)","bg_img":"","margin":{"rowMarginTop":"0","rowMarginBottom":"0","rowMarginLeft":"0","rowMarginRight":"0"},"padding":{"rowPaddingTop":"0","rowPaddingBottom":"0","rowPaddingLeft":"25","rowPaddingRight":"25"},"video":{"rowBgVideoEnable":"false","rowBgVideoLoop":"loop","rowVideoMpfour":"","rowVideoWebM":"","rowVideoThumb":""},"customStyling":"/* Insert your custom CSS here. */","customJS":"/* Insert your JS codes here. */"},"column1":{"colWidgets":[{"widgetType":"wigt-menu","widgetStyling":"text-align:center;","widgetMtop":"4","widgetMleft":"25","widgetMbottom":"0","widgetMright":"0","widgetPtop":"0","widgetPleft":"0","widgetPbottom":"0","widgetPright":"0","widgetBgColor":"transparent","widgetAnimation":"","widgetBorderWidth":"","widgetBorderStyle":null,"widgetBorderColor":"","widgetBoxShadowH":"","widgetBoxShadowV":"","widgetBoxShadowBlur":"","widgetBoxShadowColor":"","widgetMenu":{"menuName":"Landing Page Builder Nav","menuStyle":"menu-style-3","menuColor":"#686868","pbMenuFontFamily":"sans-serif"}}],"columnOptions":{"bg_color":"transparent","margin":{"columnMarginTop":"0","columnMarginBottom":"0","columnMarginLeft":"0","columnMarginRight":"0"},"padding":{"columnPaddingTop":"0","columnPaddingBottom":"0","columnPaddingLeft":"0","columnPaddingRight":"0"},"width":"100.05","columnCSS":"/* Add column custom styling here */"}},"column2":{"columnOptions":{"bg_color":"transparent","margin":{"columnMarginTop":"0","columnMarginBottom":"0","columnMarginLeft":"0","columnMarginRight":"0"},"padding":{"columnPaddingTop":"0","columnPaddingBottom":"0","columnPaddingLeft":"0","columnPaddingRight":"0"},"width":"","columnCSS":"/* Add column custom styling here */"}},"column3":{"columnOptions":{"bg_color":"transparent","margin":{"columnMarginTop":"0","columnMarginBottom":"0","columnMarginLeft":"0","columnMarginRight":"0"},"padding":{"columnPaddingTop":"0","columnPaddingBottom":"0","columnPaddingLeft":"0","columnPaddingRight":"0"},"width":"","columnCSS":"/* Add column custom styling here */"}},"column4":{"columnOptions":{"bg_color":"transparent","margin":{"columnMarginTop":"0","columnMarginBottom":"0","columnMarginLeft":"0","columnMarginRight":"0"},"padding":{"columnPaddingTop":"0","columnPaddingBottom":"0","columnPaddingLeft":"0","columnPaddingRight":"0"},"width":"","columnCSS":"/* Add column custom styling here */"}},"column5":{"columnOptions":{"bg_color":"transparent","margin":{"columnMarginTop":"0","columnMarginBottom":"0","columnMarginLeft":"0","columnMarginRight":"0"},"padding":{"columnPaddingTop":"0","columnPaddingBottom":"0","columnPaddingLeft":"0","columnPaddingRight":"0"},"width":"","columnCSS":"/* Add column custom styling here */"}},"column6":{"columnOptions":{"bg_color":"transparent","margin":{"columnMarginTop":"0","columnMarginBottom":"0","columnMarginLeft":"0","columnMarginRight":"0"},"padding":{"columnPaddingTop":"0","columnPaddingBottom":"0","columnPaddingLeft":"0","columnPaddingRight":"0"},"width":"","columnCSS":"/* Add column custom styling here */"}},"column7":{"columnOptions":{"bg_color":"transparent","margin":{"columnMarginTop":"0","columnMarginBottom":"0","columnMarginLeft":"0","columnMarginRight":"0"},"padding":{"columnPaddingTop":"0","columnPaddingBottom":"0","columnPaddingLeft":"0","columnPaddingRight":"0"},"width":"","columnCSS":"/* Add column custom styling here */"}},"column8":{"columnOptions":{"bg_color":"transparent","margin":{"columnMarginTop":"0","columnMarginBottom":"0","columnMarginLeft":"0","columnMarginRight":"0"},"padding":{"columnPaddingTop":"0","columnPaddingBottom":"0","columnPaddingLeft":"0","columnPaddingRight":"0"},"width":"","columnCSS":"/* Add column custom styling here */"}}},{"rowID":"ulpb_Row179746","rowHeight":"550","rowHeightUnit":"px","rowHeightTablet":"","rowHeightUnitTablet":"","rowHeightMobile":"","rowHeightUnitMobile":"","columns":"2","columnsDivRule":"none","rowData":{"bg_color":"#84ccb1","bg_img":"","margin":{"rowMarginTop":"0","rowMarginBottom":"0","rowMarginLeft":"0","rowMarginRight":"0"},"padding":{"rowPaddingTop":"0","rowPaddingBottom":"0","rowPaddingLeft":"0","rowPaddingRight":"0"},"video":{"rowBgVideoEnable":"false","rowBgVideoLoop":"loop","rowVideoMpfour":"","rowVideoWebM":"","rowVideoThumb":""},"customStyling":"/* Insert your custom CSS here. */","customJS":"/* Insert your JS codes here. */"},"column1":{"colWidgets":[{"widgetType":"wigt-img","widgetStyling":"/* Custom CSS for widget here. */","widgetMtop":"0","widgetMleft":"0","widgetMbottom":"0","widgetMright":"0","widgetPtop":"0","widgetPleft":"0","widgetPbottom":"0","widgetPright":"0","widgetBgColor":"transparent","widgetAnimation":"","widgetBorderWidth":"","widgetBorderStyle":null,"widgetBorderColor":"","widgetBoxShadowH":"","widgetBoxShadowV":"","widgetBoxShadowBlur":"","widgetBoxShadowColor":"","widgetImg":{"imgUrl":"https://images.unsplash.com/photo-1507875165751-e330e59d8675?auto=format&fit=crop&w=1350&q=60&ixid=dW5zcGxhc2guY29tOzs7Ozs%3D","imgSize":"large","imgAlignment":"center","imgSizeCustomWidth":"","imgSizeCustomHeight":"","imgLightBox":"false","imgLink":""}}],"columnOptions":{"bg_color":"transparent","margin":{"columnMarginTop":"0","columnMarginBottom":"0","columnMarginLeft":"0","columnMarginRight":"0"},"padding":{"columnPaddingTop":"0","columnPaddingBottom":"0","columnPaddingLeft":"0","columnPaddingRight":"0"},"width":"48.34","columnCSS":"/* Add your custom CSS for this column here.*/"}},"column2":{"colWidgets":[{"widgetType":"wigt-WYSIWYG","widgetStyling":"/* Custom CSS for widget here. */","widgetMtop":"15","widgetMleft":"5","widgetMbottom":"0","widgetMright":"5","widgetPtop":"0","widgetPleft":"0","widgetPbottom":"0","widgetPright":"0","widgetBgColor":"transparent","widgetAnimation":"","widgetBorderWidth":"","widgetBorderStyle":null,"widgetBorderColor":"","widgetBoxShadowH":"","widgetBoxShadowV":"","widgetBoxShadowBlur":"","widgetBoxShadowColor":"","widgetWYSIWYG":{"widgetContent":"<h2 style=\"text-align: center;\" data-mce-style=\"text-align: center;\"><span style=\"font-size: 28pt; font-family: 'book antiqua', palatino, serif; color: #ffffff;\" data-mce-style=\"font-size: 28pt; font-family: 'book antiqua', palatino, serif; color: #ffffff;\">Hi! I’m Ava,</span><br> <span style=\"font-size: 28pt; font-family: 'book antiqua', palatino, serif; color: #ffffff;\" data-mce-style=\"font-size: 28pt; font-family: 'book antiqua', palatino, serif; color: #ffffff;\">an expert dog walker</span><br> <span style=\"font-size: 28pt; font-family: 'book antiqua', palatino, serif; color: #ffffff;\" data-mce-style=\"font-size: 28pt; font-family: 'book antiqua', palatino, serif; color: #ffffff;\">based in downtown</span><br> <span style=\"font-size: 28pt; font-family: 'book antiqua', palatino, serif; color: #ffffff;\" data-mce-style=\"font-size: 28pt; font-family: 'book antiqua', palatino, serif; color: #ffffff;\">San-Francisco.</span></h2>"}},{"widgetType":"wigt-btn-gen","widgetStyling":"/* Custom CSS for widget here. */","widgetMtop":"7","widgetMleft":"0","widgetMbottom":"0","widgetMright":"0","widgetPtop":"0","widgetPleft":"0","widgetPbottom":"0","widgetPright":"0","widgetBgColor":"transparent","widgetAnimation":null,"widgetBorderWidth":"","widgetBorderStyle":null,"widgetBorderColor":"","widgetBoxShadowH":"","widgetBoxShadowV":"","widgetBoxShadowBlur":"","widgetBoxShadowColor":"","widgetButton":{"btnText":"CONTACT ME","btnLink":"https://pluginops.com/page-builder/?ref=LPBTempButton","btnTextColor":"#ffffff","btnFontSize":"14","btnBgColor":"rgba(252,252,252,0)","btnWidth":"35","btnHeight":"15","btnHoverBgColor":"#b7b7b7","btnBlankAttr":"_self","btnBorderColor":"#ffffff","btnBorderWidth":"2","btnBorderRadius":"5","btnButtonAlignment":"center","btnButtonFontFamily":"sans"}}],"columnOptions":{"bg_color":"#84ccb1","margin":{"columnMarginTop":"0","columnMarginBottom":"0","columnMarginLeft":"0","columnMarginRight":"0"},"padding":{"columnPaddingTop":"0","columnPaddingBottom":"0","columnPaddingLeft":"0","columnPaddingRight":"0"},"width":"48.77","columnCSS":"/* Add column custom styling here */"}},"column3":{"colWidgets":[],"columnOptions":{"bg_color":"transparent","margin":{"columnMarginTop":0,"columnMarginBottom":0,"columnMarginLeft":0,"columnMarginRight":0},"padding":{"columnPaddingTop":0,"columnPaddingBottom":0,"columnPaddingLeft":0,"columnPaddingRight":0},"width":"","columnCSS":"/* Add column custom styling here */"}},"column4":{"colWidgets":[],"columnOptions":{"bg_color":"transparent","margin":{"columnMarginTop":0,"columnMarginBottom":0,"columnMarginLeft":0,"columnMarginRight":0},"padding":{"columnPaddingTop":0,"columnPaddingBottom":0,"columnPaddingLeft":0,"columnPaddingRight":0},"width":"","columnCSS":"/* Add column custom styling here */"}},"column5":{"colWidgets":[],"columnOptions":{"bg_color":"transparent","margin":{"columnMarginTop":0,"columnMarginBottom":0,"columnMarginLeft":0,"columnMarginRight":0},"padding":{"columnPaddingTop":0,"columnPaddingBottom":0,"columnPaddingLeft":0,"columnPaddingRight":0},"width":"","columnCSS":"/* Add column custom styling here */"}},"column6":{"colWidgets":[],"columnOptions":{"bg_color":"transparent","margin":{"columnMarginTop":0,"columnMarginBottom":0,"columnMarginLeft":0,"columnMarginRight":0},"padding":{"columnPaddingTop":0,"columnPaddingBottom":0,"columnPaddingLeft":0,"columnPaddingRight":0},"width":"","columnCSS":"/* Add column custom styling here */"}},"column7":{"colWidgets":[],"columnOptions":{"bg_color":"transparent","margin":{"columnMarginTop":0,"columnMarginBottom":0,"columnMarginLeft":0,"columnMarginRight":0},"padding":{"columnPaddingTop":0,"columnPaddingBottom":0,"columnPaddingLeft":0,"columnPaddingRight":0},"width":"","columnCSS":"/* Add column custom styling here */"}},"column8":{"colWidgets":[],"columnOptions":{"bg_color":"transparent","margin":{"columnMarginTop":0,"columnMarginBottom":0,"columnMarginLeft":0,"columnMarginRight":0},"padding":{"columnPaddingTop":0,"columnPaddingBottom":0,"columnPaddingLeft":0,"columnPaddingRight":0},"width":"","columnCSS":"/* Add column custom styling here */"}}},{"rowID":"ulpb_Row37312","rowHeight":"230","rowHeightUnit":"px","rowHeightTablet":"","rowHeightUnitTablet":"","rowHeightMobile":"","rowHeightUnitMobile":"","columns":"1","columnsDivRule":"none","rowData":{"bg_color":"#ffffff","bg_img":"","margin":{"rowMarginTop":"0","rowMarginBottom":"0","rowMarginLeft":"0","rowMarginRight":"0"},"padding":{"rowPaddingTop":"2","rowPaddingBottom":"2","rowPaddingLeft":"0","rowPaddingRight":"0"},"video":{"rowBgVideoEnable":"false","rowBgVideoLoop":"loop","rowVideoMpfour":"","rowVideoWebM":"","rowVideoThumb":""},"customStyling":"/* Insert your custom CSS here. */","customJS":"/* Insert your JS codes here. */"},"column1":{"colWidgets":[{"widgetType":"wigt-pb-text","widgetStyling":"/* Custom CSS for widget here. */","widgetMtop":"4","widgetMleft":"0","widgetMbottom":"1","widgetMright":"0","widgetPtop":"0","widgetPleft":"0","widgetPbottom":"0","widgetPright":"0","widgetBgColor":"transparent","widgetAnimation":"","widgetBorderWidth":"","widgetBorderStyle":null,"widgetBorderColor":"","widgetBoxShadowH":"","widgetBoxShadowV":"","widgetBoxShadowBlur":"","widgetBoxShadowColor":"","widgetText":{"widgetTextContent":"A little about me","widgetTextAlignment":"center","widgetTextTag":"p","widgetTextColor":"#414141","widgetTextSize":"16","widgetTextFamily":"select","widgetTextWeight":"normal","widgetTextTransform":"uppercase"}},{"widgetType":"wigt-pb-break","widgetStyling":"/* Custom CSS for widget here. */","widgetMtop":"0","widgetMleft":"0","widgetMbottom":"0","widgetMright":"0","widgetPtop":"0","widgetPleft":"0","widgetPbottom":"0","widgetPright":"0","widgetBgColor":"transparent","widgetAnimation":null,"widgetBorderWidth":"","widgetBorderStyle":null,"widgetBorderColor":"","widgetBoxShadowH":"","widgetBoxShadowV":"","widgetBoxShadowBlur":"","widgetBoxShadowColor":"","widgetBreaker":{"widgetBreakerStyle":"solid","widgetBreakerWeight":"2","widgetBreakerColor":"#84ccb1","widgetBreakerWidth":"18","widgetBreakerAlignment":"center","widgetBreakerSpacing":"0"}},{"widgetType":"wigt-pb-text","widgetStyling":"/* Custom CSS for widget here. */","widgetMtop":"3","widgetMleft":"20","widgetMbottom":"3","widgetMright":"20","widgetPtop":"0","widgetPleft":"0","widgetPbottom":"0","widgetPright":"0","widgetBgColor":"transparent","widgetAnimation":"","widgetBorderWidth":"","widgetBorderStyle":null,"widgetBorderColor":"","widgetBoxShadowH":"","widgetBoxShadowV":"","widgetBoxShadowBlur":"","widgetBoxShadowColor":"","widgetText":{"widgetTextContent":"I'm a paragraph. Click here to add your own text and edit me. It’s easy. Just click “Edit Text” or double click me to add your own content and make changes to the font. Feel free to drag and drop me anywhere you like on your page. I’m a great place for you to tell a story and let your users know a little more about you.","widgetTextAlignment":"center","widgetTextTag":"p","widgetTextColor":"#414141","widgetTextSize":"23","widgetTextFamily":"Cardo","widgetTextWeight":"normal","widgetTextTransform":"none"}}],"columnOptions":{"bg_color":"transparent","margin":{"columnMarginTop":"0","columnMarginBottom":"0","columnMarginLeft":"0","columnMarginRight":"0"},"padding":{"columnPaddingTop":"0","columnPaddingBottom":"0","columnPaddingLeft":"0","columnPaddingRight":"0"},"width":"100.00","columnCSS":"/* Add column custom styling here */"}},"column2":{"colWidgets":[],"columnOptions":{"bg_color":"transparent","margin":{"columnMarginTop":0,"columnMarginBottom":0,"columnMarginLeft":0,"columnMarginRight":0},"padding":{"columnPaddingTop":0,"columnPaddingBottom":0,"columnPaddingLeft":0,"columnPaddingRight":0},"width":"","columnCSS":"/* Add column custom styling here */"}},"column3":{"colWidgets":[],"columnOptions":{"bg_color":"transparent","margin":{"columnMarginTop":0,"columnMarginBottom":0,"columnMarginLeft":0,"columnMarginRight":0},"padding":{"columnPaddingTop":0,"columnPaddingBottom":0,"columnPaddingLeft":0,"columnPaddingRight":0},"width":"","columnCSS":"/* Add column custom styling here */"}},"column4":{"colWidgets":[],"columnOptions":{"bg_color":"transparent","margin":{"columnMarginTop":0,"columnMarginBottom":0,"columnMarginLeft":0,"columnMarginRight":0},"padding":{"columnPaddingTop":0,"columnPaddingBottom":0,"columnPaddingLeft":0,"columnPaddingRight":0},"width":"","columnCSS":"/* Add column custom styling here */"}},"column5":{"colWidgets":[],"columnOptions":{"bg_color":"transparent","margin":{"columnMarginTop":0,"columnMarginBottom":0,"columnMarginLeft":0,"columnMarginRight":0},"padding":{"columnPaddingTop":0,"columnPaddingBottom":0,"columnPaddingLeft":0,"columnPaddingRight":0},"width":"","columnCSS":"/* Add column custom styling here */"}},"column6":{"colWidgets":[],"columnOptions":{"bg_color":"transparent","margin":{"columnMarginTop":0,"columnMarginBottom":0,"columnMarginLeft":0,"columnMarginRight":0},"padding":{"columnPaddingTop":0,"columnPaddingBottom":0,"columnPaddingLeft":0,"columnPaddingRight":0},"width":"","columnCSS":"/* Add column custom styling here */"}},"column7":{"colWidgets":[],"columnOptions":{"bg_color":"transparent","margin":{"columnMarginTop":0,"columnMarginBottom":0,"columnMarginLeft":0,"columnMarginRight":0},"padding":{"columnPaddingTop":0,"columnPaddingBottom":0,"columnPaddingLeft":0,"columnPaddingRight":0},"width":"","columnCSS":"/* Add column custom styling here */"}},"column8":{"colWidgets":[],"columnOptions":{"bg_color":"transparent","margin":{"columnMarginTop":0,"columnMarginBottom":0,"columnMarginLeft":0,"columnMarginRight":0},"padding":{"columnPaddingTop":0,"columnPaddingBottom":0,"columnPaddingLeft":0,"columnPaddingRight":0},"width":"","columnCSS":"/* Add column custom styling here */"}}},{"rowID":"ulpb_Row158551","rowHeight":"550","rowHeightUnit":"px","rowHeightTablet":"","rowHeightUnitTablet":"","rowHeightMobile":"","rowHeightUnitMobile":"","columns":"1","columnsDivRule":"none","rowData":{"bg_color":"rgba(132,204,177,0)","bg_img":"https://images.unsplash.com/photo-1494947665470-20322015e3a8?auto=format&fit=crop&w=1350&q=60&ixid=dW5zcGxhc2guY29tOzs7Ozs%3D","margin":{"rowMarginTop":"0","rowMarginBottom":"0","rowMarginLeft":"0","rowMarginRight":"0"},"padding":{"rowPaddingTop":"0","rowPaddingBottom":"0","rowPaddingLeft":"0","rowPaddingRight":"0"},"video":{"rowBgVideoEnable":"false","rowBgVideoLoop":"loop","rowVideoMpfour":"","rowVideoWebM":"","rowVideoThumb":""},"customStyling":"/* Insert your custom CSS here. */","customJS":"/* Insert your JS codes here. */"},"column1":{"colWidgets":[],"columnOptions":{"bg_color":"transparent","margin":{"columnMarginTop":0,"columnMarginBottom":0,"columnMarginLeft":0,"columnMarginRight":0},"padding":{"columnPaddingTop":0,"columnPaddingBottom":0,"columnPaddingLeft":0,"columnPaddingRight":0},"width":"","columnCSS":"/* Add column custom styling here */"}},"column2":{"colWidgets":[],"columnOptions":{"bg_color":"transparent","margin":{"columnMarginTop":0,"columnMarginBottom":0,"columnMarginLeft":0,"columnMarginRight":0},"padding":{"columnPaddingTop":0,"columnPaddingBottom":0,"columnPaddingLeft":0,"columnPaddingRight":0},"width":"","columnCSS":"/* Add column custom styling here */"}},"column3":{"colWidgets":[],"columnOptions":{"bg_color":"transparent","margin":{"columnMarginTop":0,"columnMarginBottom":0,"columnMarginLeft":0,"columnMarginRight":0},"padding":{"columnPaddingTop":0,"columnPaddingBottom":0,"columnPaddingLeft":0,"columnPaddingRight":0},"width":"","columnCSS":"/* Add column custom styling here */"}},"column4":{"colWidgets":[],"columnOptions":{"bg_color":"transparent","margin":{"columnMarginTop":0,"columnMarginBottom":0,"columnMarginLeft":0,"columnMarginRight":0},"padding":{"columnPaddingTop":0,"columnPaddingBottom":0,"columnPaddingLeft":0,"columnPaddingRight":0},"width":"","columnCSS":"/* Add column custom styling here */"}},"column5":{"colWidgets":[],"columnOptions":{"bg_color":"transparent","margin":{"columnMarginTop":0,"columnMarginBottom":0,"columnMarginLeft":0,"columnMarginRight":0},"padding":{"columnPaddingTop":0,"columnPaddingBottom":0,"columnPaddingLeft":0,"columnPaddingRight":0},"width":"","columnCSS":"/* Add column custom styling here */"}},"column6":{"colWidgets":[],"columnOptions":{"bg_color":"transparent","margin":{"columnMarginTop":0,"columnMarginBottom":0,"columnMarginLeft":0,"columnMarginRight":0},"padding":{"columnPaddingTop":0,"columnPaddingBottom":0,"columnPaddingLeft":0,"columnPaddingRight":0},"width":"","columnCSS":"/* Add column custom styling here */"}},"column7":{"colWidgets":[],"columnOptions":{"bg_color":"transparent","margin":{"columnMarginTop":0,"columnMarginBottom":0,"columnMarginLeft":0,"columnMarginRight":0},"padding":{"columnPaddingTop":0,"columnPaddingBottom":0,"columnPaddingLeft":0,"columnPaddingRight":0},"width":"","columnCSS":"/* Add column custom styling here */"}},"column8":{"colWidgets":[],"columnOptions":{"bg_color":"transparent","margin":{"columnMarginTop":0,"columnMarginBottom":0,"columnMarginLeft":0,"columnMarginRight":0},"padding":{"columnPaddingTop":0,"columnPaddingBottom":0,"columnPaddingLeft":0,"columnPaddingRight":0},"width":"","columnCSS":"/* Add column custom styling here */"}}},{"rowID":"ulpb_Row125458","rowHeight":"200","rowHeightUnit":"px","rowHeightTablet":"","rowHeightUnitTablet":"","rowHeightMobile":"","rowHeightUnitMobile":"","columns":"1","columnsDivRule":"none","rowData":{"bg_color":"#ffffff","bg_img":"","margin":{"rowMarginTop":"0","rowMarginBottom":"0","rowMarginLeft":"0","rowMarginRight":"0"},"padding":{"rowPaddingTop":"0","rowPaddingBottom":"0","rowPaddingLeft":"0","rowPaddingRight":"0"},"video":{"rowBgVideoEnable":"false","rowBgVideoLoop":"loop","rowVideoMpfour":"","rowVideoWebM":"","rowVideoThumb":""},"customStyling":"/* Insert your custom CSS here. */","customJS":"/* Insert your JS codes here. */"},"column1":{"colWidgets":[{"widgetType":"wigt-pb-text","widgetStyling":"/* Custom CSS for widget here. */","widgetMtop":"4","widgetMleft":"0","widgetMbottom":"0","widgetMright":"0","widgetPtop":"0","widgetPleft":"0","widgetPbottom":"0","widgetPright":"0","widgetBgColor":"transparent","widgetAnimation":null,"widgetBorderWidth":"","widgetBorderStyle":null,"widgetBorderColor":"","widgetBoxShadowH":"","widgetBoxShadowV":"","widgetBoxShadowBlur":"","widgetBoxShadowColor":"","widgetText":{"widgetTextContent":"SERVICES AND FEES","widgetTextAlignment":"center","widgetTextTag":"p","widgetTextColor":"#333","widgetTextSize":"16","widgetTextFamily":"select","widgetTextWeight":"200","widgetTextTransform":null}},{"widgetType":"wigt-pb-break","widgetStyling":"/* Custom CSS for widget here. */","widgetMtop":"0","widgetMleft":"0","widgetMbottom":"0","widgetMright":"0","widgetPtop":"0","widgetPleft":"0","widgetPbottom":"0","widgetPright":"0","widgetBgColor":"transparent","widgetAnimation":null,"widgetBorderWidth":"","widgetBorderStyle":null,"widgetBorderColor":"","widgetBoxShadowH":"","widgetBoxShadowV":"","widgetBoxShadowBlur":"","widgetBoxShadowColor":"","widgetBreaker":{"widgetBreakerStyle":"solid","widgetBreakerWeight":"1","widgetBreakerColor":"#3a3a3a","widgetBreakerWidth":"20","widgetBreakerAlignment":"center","widgetBreakerSpacing":"5"}}],"columnOptions":{"bg_color":"transparent","margin":{"columnMarginTop":"0","columnMarginBottom":"0","columnMarginLeft":"0","columnMarginRight":"0"},"padding":{"columnPaddingTop":"0","columnPaddingBottom":"0","columnPaddingLeft":"0","columnPaddingRight":"0"},"width":"100.00","columnCSS":"/* Add column custom styling here */"}},"column2":{"colWidgets":[],"columnOptions":{"bg_color":"transparent","margin":{"columnMarginTop":0,"columnMarginBottom":0,"columnMarginLeft":0,"columnMarginRight":0},"padding":{"columnPaddingTop":0,"columnPaddingBottom":0,"columnPaddingLeft":0,"columnPaddingRight":0},"width":"","columnCSS":"/* Add column custom styling here */"}},"column3":{"colWidgets":[],"columnOptions":{"bg_color":"transparent","margin":{"columnMarginTop":0,"columnMarginBottom":0,"columnMarginLeft":0,"columnMarginRight":0},"padding":{"columnPaddingTop":0,"columnPaddingBottom":0,"columnPaddingLeft":0,"columnPaddingRight":0},"width":"","columnCSS":"/* Add column custom styling here */"}},"column4":{"colWidgets":[],"columnOptions":{"bg_color":"transparent","margin":{"columnMarginTop":0,"columnMarginBottom":0,"columnMarginLeft":0,"columnMarginRight":0},"padding":{"columnPaddingTop":0,"columnPaddingBottom":0,"columnPaddingLeft":0,"columnPaddingRight":0},"width":"","columnCSS":"/* Add column custom styling here */"}},"column5":{"colWidgets":[],"columnOptions":{"bg_color":"transparent","margin":{"columnMarginTop":0,"columnMarginBottom":0,"columnMarginLeft":0,"columnMarginRight":0},"padding":{"columnPaddingTop":0,"columnPaddingBottom":0,"columnPaddingLeft":0,"columnPaddingRight":0},"width":"","columnCSS":"/* Add column custom styling here */"}},"column6":{"colWidgets":[],"columnOptions":{"bg_color":"transparent","margin":{"columnMarginTop":0,"columnMarginBottom":0,"columnMarginLeft":0,"columnMarginRight":0},"padding":{"columnPaddingTop":0,"columnPaddingBottom":0,"columnPaddingLeft":0,"columnPaddingRight":0},"width":"","columnCSS":"/* Add column custom styling here */"}},"column7":{"colWidgets":[],"columnOptions":{"bg_color":"transparent","margin":{"columnMarginTop":0,"columnMarginBottom":0,"columnMarginLeft":0,"columnMarginRight":0},"padding":{"columnPaddingTop":0,"columnPaddingBottom":0,"columnPaddingLeft":0,"columnPaddingRight":0},"width":"","columnCSS":"/* Add column custom styling here */"}},"column8":{"colWidgets":[],"columnOptions":{"bg_color":"transparent","margin":{"columnMarginTop":0,"columnMarginBottom":0,"columnMarginLeft":0,"columnMarginRight":0},"padding":{"columnPaddingTop":0,"columnPaddingBottom":0,"columnPaddingLeft":0,"columnPaddingRight":0},"width":"","columnCSS":"/* Add column custom styling here */"}}},{"rowID":"ulpb_Row28368","rowHeight":"400","rowHeightUnit":"px","rowHeightTablet":"","rowHeightUnitTablet":"","rowHeightMobile":"","rowHeightUnitMobile":"","columns":"3","columnsDivRule":"none","rowData":{"bg_color":"#ffffff","bg_img":"","margin":{"rowMarginTop":"1","rowMarginBottom":"2","rowMarginLeft":"0","rowMarginRight":"0"},"padding":{"rowPaddingTop":"0","rowPaddingBottom":"0","rowPaddingLeft":"10","rowPaddingRight":"10"},"video":{"rowBgVideoEnable":"false","rowBgVideoLoop":"loop","rowVideoMpfour":"","rowVideoWebM":"","rowVideoThumb":""},"customStyling":"/* Insert your custom CSS here. */","customJS":"/* Insert your JS codes here. */"},"column1":{"colWidgets":[{"widgetType":"wigt-pb-pricing","widgetStyling":"/* Custom CSS for widget here. */","widgetMtop":"0","widgetMleft":"0","widgetMbottom":"0","widgetMright":"0","widgetPtop":"0","widgetPleft":"0","widgetPbottom":"0","widgetPright":"0","widgetBgColor":"transparent","widgetAnimation":"","widgetBorderWidth":"","widgetBorderStyle":null,"widgetBorderColor":"","widgetBoxShadowH":"","widgetBoxShadowV":"","widgetBoxShadowBlur":"","widgetBoxShadowColor":"","widgetPricing":{"pbPricingHeaderText":"DOG WALKING","pbPricingContent":"<div style=\"margin: 0 15px 0 15px;\" data-mce-style=\"margin: 0 15px 0 15px;\"><p><br data-mce-bogus=\"1\"></p><p style=\"text-align: center;\" data-mce-style=\"text-align: center;\"><span style=\"font-family: arial, helvetica, sans-serif;\" data-mce-style=\"font-family: arial, helvetica, sans-serif;\">&nbsp;I'm a paragraph. Click here to add your own text and edit me. It’s easy. Just click “Edit Text” or double click me to add your own content and make changes to the font. I’m a great place for you to tell a story and let your users know a little more about you.</span></p><p style=\"text-align: center; margin: 10px;\" data-mce-style=\"text-align: center; margin: 10px;\"><span style=\"color: #84ccb1;\" data-mce-style=\"color: #84ccb1;\">30 min: $31.00| 60 min: $46.00</span></p><p><br data-mce-bogus=\"1\"></p></div>","pbPricingHeaderTextColor":"#414141","pbPricingHeaderBgColor":"#ffffff","pbPricingHeaderTextSize":"","pbPricingBorderWidth":"1","pbPricingBorderColor":"#84ccb1","pbPricingButtonSectionBgColor":"#fff","pricingbtnText":"Order","pricingbtnLink":"#","pricingbtnTextColor":"#84ccb1","pricingbtnFontSize":"","pricingbtnBgColor":"transparent","pricingbtnWidth":"30","pricingbtnHeight":"15","pricingbtnHoverBgColor":"#20cc8d","pricingbtnBlankAttr":"_blank","pricingbtnBorderColor":"#84ccb1","pricingbtnBorderWidth":"2","pricingbtnBorderRadius":"0","pricingbtnButtonAlignment":"center"}}],"columnOptions":{"bg_color":"transparent","margin":{"columnMarginTop":"0","columnMarginBottom":"0","columnMarginLeft":"2","columnMarginRight":"0"},"padding":{"columnPaddingTop":"0","columnPaddingBottom":"0","columnPaddingLeft":"0","columnPaddingRight":"0"},"width":"30.81","columnCSS":"/* Add column custom styling here */"}},"column2":{"colWidgets":[{"widgetType":"wigt-pb-pricing","widgetStyling":"/* Custom CSS for widget here. */","widgetMtop":"0","widgetMleft":"0","widgetMbottom":"0","widgetMright":"0","widgetPtop":"0","widgetPleft":"0","widgetPbottom":"0","widgetPright":"0","widgetBgColor":"transparent","widgetAnimation":"","widgetBorderWidth":"","widgetBorderStyle":null,"widgetBorderColor":"","widgetBoxShadowH":"","widgetBoxShadowV":"","widgetBoxShadowBlur":"","widgetBoxShadowColor":"","widgetPricing":{"pbPricingHeaderText":"PUPPY CARE","pbPricingContent":"<div style=\"margin: 0 15px 0 15px;\" data-mce-style=\"margin: 0 15px 0 15px;\"><p><br data-mce-bogus=\"1\"></p><p style=\"text-align: center;\" data-mce-style=\"text-align: center;\"><span style=\"font-family: arial, helvetica, sans-serif;\" data-mce-style=\"font-family: arial, helvetica, sans-serif;\">&nbsp;I'm a paragraph. Click here to add your own text and edit me. It’s easy. Just click “Edit Text” or double click me to add your own content and make changes to the font. I’m a great place for you to tell a story and let your users know a little more about you.</span></p><p style=\"text-align: center; margin: 10px;\" data-mce-style=\"text-align: center; margin: 10px;\"><span style=\"color: #84ccb1;\" data-mce-style=\"color: #84ccb1;\">30 min: $31.00| 60 min: $46.00</span></p><p><br data-mce-bogus=\"1\"></p></div>","pbPricingHeaderTextColor":"#414141","pbPricingHeaderBgColor":"#ffffff","pbPricingHeaderTextSize":"","pbPricingBorderWidth":"1","pbPricingBorderColor":"#84ccb1","pbPricingButtonSectionBgColor":"#fff","pricingbtnText":"Order","pricingbtnLink":"#","pricingbtnTextColor":"#84ccb1","pricingbtnFontSize":"","pricingbtnBgColor":"transparent","pricingbtnWidth":"30","pricingbtnHeight":"15","pricingbtnHoverBgColor":"#20cc8d","pricingbtnBlankAttr":"_blank","pricingbtnBorderColor":"#84ccb1","pricingbtnBorderWidth":"2","pricingbtnBorderRadius":"0","pricingbtnButtonAlignment":"center"}}],"columnOptions":{"bg_color":"transparent","margin":{"columnMarginTop":"0","columnMarginBottom":"0","columnMarginLeft":"2","columnMarginRight":"0"},"padding":{"columnPaddingTop":"0","columnPaddingBottom":"0","columnPaddingLeft":"0","columnPaddingRight":"0"},"width":"30.94","columnCSS":"/* Add column custom styling here */"}},"column3":{"colWidgets":[{"widgetType":"wigt-pb-pricing","widgetStyling":"/* Custom CSS for widget here. */","widgetMtop":"0","widgetMleft":"0","widgetMbottom":"0","widgetMright":"0","widgetPtop":"0","widgetPleft":"0","widgetPbottom":"0","widgetPright":"0","widgetBgColor":"transparent","widgetAnimation":"","widgetBorderWidth":"","widgetBorderStyle":null,"widgetBorderColor":"","widgetBoxShadowH":"","widgetBoxShadowV":"","widgetBoxShadowBlur":"","widgetBoxShadowColor":"","widgetPricing":{"pbPricingHeaderText":"VACATION PET SITTING","pbPricingContent":"<div style=\"margin: 0 15px 0 15px;\" data-mce-style=\"margin: 0 15px 0 15px;\"><p><br data-mce-bogus=\"1\"></p><p style=\"text-align: center;\" data-mce-style=\"text-align: center;\"><span style=\"font-family: arial, helvetica, sans-serif;\" data-mce-style=\"font-family: arial, helvetica, sans-serif;\">&nbsp;I'm a paragraph. Click here to add your own text and edit me. It’s easy. Just click “Edit Text” or double click me to add your own content and make changes to the font. I’m a great place for you to tell a story and let your users know a little more about you.</span></p><p style=\"text-align: center; margin: 10px;\" data-mce-style=\"text-align: center; margin: 10px;\"><span style=\"color: #84ccb1;\" data-mce-style=\"color: #84ccb1;\">30 min: $31.00| 60 min: $46.00</span></p><p><br data-mce-bogus=\"1\"></p></div>","pbPricingHeaderTextColor":"#414141","pbPricingHeaderBgColor":"#ffffff","pbPricingHeaderTextSize":"","pbPricingBorderWidth":"1","pbPricingBorderColor":"#84ccb1","pbPricingButtonSectionBgColor":"#fff","pricingbtnText":"Order","pricingbtnLink":"#","pricingbtnTextColor":"#84ccb1","pricingbtnFontSize":"","pricingbtnBgColor":"transparent","pricingbtnWidth":"30","pricingbtnHeight":"15","pricingbtnHoverBgColor":"#20cc8d","pricingbtnBlankAttr":"_blank","pricingbtnBorderColor":"#84ccb1","pricingbtnBorderWidth":"2","pricingbtnBorderRadius":"0","pricingbtnButtonAlignment":"center"}}],"columnOptions":{"bg_color":"transparent","margin":{"columnMarginTop":"0","columnMarginBottom":"0","columnMarginLeft":"2","columnMarginRight":"0"},"padding":{"columnPaddingTop":"0","columnPaddingBottom":"0","columnPaddingLeft":"0","columnPaddingRight":"0"},"width":"30.94","columnCSS":"/* Add column custom styling here */"}},"column4":{"colWidgets":[],"columnOptions":{"bg_color":"transparent","margin":{"columnMarginTop":0,"columnMarginBottom":0,"columnMarginLeft":0,"columnMarginRight":0},"padding":{"columnPaddingTop":0,"columnPaddingBottom":0,"columnPaddingLeft":0,"columnPaddingRight":0},"width":"","columnCSS":"/* Add column custom styling here */"}},"column5":{"colWidgets":[],"columnOptions":{"bg_color":"transparent","margin":{"columnMarginTop":0,"columnMarginBottom":0,"columnMarginLeft":0,"columnMarginRight":0},"padding":{"columnPaddingTop":0,"columnPaddingBottom":0,"columnPaddingLeft":0,"columnPaddingRight":0},"width":"","columnCSS":"/* Add column custom styling here */"}},"column6":{"colWidgets":[],"columnOptions":{"bg_color":"transparent","margin":{"columnMarginTop":0,"columnMarginBottom":0,"columnMarginLeft":0,"columnMarginRight":0},"padding":{"columnPaddingTop":0,"columnPaddingBottom":0,"columnPaddingLeft":0,"columnPaddingRight":0},"width":"","columnCSS":"/* Add column custom styling here */"}},"column7":{"colWidgets":[],"columnOptions":{"bg_color":"transparent","margin":{"columnMarginTop":0,"columnMarginBottom":0,"columnMarginLeft":0,"columnMarginRight":0},"padding":{"columnPaddingTop":0,"columnPaddingBottom":0,"columnPaddingLeft":0,"columnPaddingRight":0},"width":"","columnCSS":"/* Add column custom styling here */"}},"column8":{"colWidgets":[],"columnOptions":{"bg_color":"transparent","margin":{"columnMarginTop":0,"columnMarginBottom":0,"columnMarginLeft":0,"columnMarginRight":0},"padding":{"columnPaddingTop":0,"columnPaddingBottom":0,"columnPaddingLeft":0,"columnPaddingRight":0},"width":"","columnCSS":"/* Add column custom styling here */"}}},{"rowID":"ulpb_Row43966","rowHeight":"100","rowHeightUnit":"px","rowHeightTablet":"","rowHeightUnitTablet":"","rowHeightMobile":"","rowHeightUnitMobile":"","columns":"1","columnsDivRule":"none","rowData":{"bg_color":"#84ccb1","bg_img":"","margin":{"rowMarginTop":"0","rowMarginBottom":"0","rowMarginLeft":"0","rowMarginRight":"0"},"padding":{"rowPaddingTop":"0","rowPaddingBottom":"3","rowPaddingLeft":"0","rowPaddingRight":"0"},"video":{"rowBgVideoEnable":"false","rowBgVideoLoop":"loop","rowVideoMpfour":"","rowVideoWebM":"","rowVideoThumb":""},"customStyling":"/* Insert your custom CSS here. */","customJS":"/* Insert your JS codes here. */"},"column1":{"colWidgets":[{"widgetType":"wigt-pb-text","widgetStyling":"/* Custom CSS for widget here. */","widgetMtop":"4","widgetMleft":"0","widgetMbottom":"0","widgetMright":"0","widgetPtop":"0","widgetPleft":"0","widgetPbottom":"0","widgetPright":"0","widgetBgColor":"transparent","widgetAnimation":"","widgetBorderWidth":"","widgetBorderStyle":null,"widgetBorderColor":"","widgetBoxShadowH":"","widgetBoxShadowV":"","widgetBoxShadowBlur":"","widgetBoxShadowColor":"","widgetText":{"widgetTextContent":"SOME HAPPY CLIENTS","widgetTextAlignment":"center","widgetTextTag":"p","widgetTextColor":"#ffffff","widgetTextSize":"16","widgetTextFamily":"select","widgetTextWeight":"200","widgetTextTransform":null}},{"widgetType":"wigt-pb-break","widgetStyling":"/* Custom CSS for widget here. */","widgetMtop":"0","widgetMleft":"0","widgetMbottom":"0","widgetMright":"0","widgetPtop":"0","widgetPleft":"0","widgetPbottom":"0","widgetPright":"0","widgetBgColor":"transparent","widgetAnimation":null,"widgetBorderWidth":"","widgetBorderStyle":null,"widgetBorderColor":"","widgetBoxShadowH":"","widgetBoxShadowV":"","widgetBoxShadowBlur":"","widgetBoxShadowColor":"","widgetBreaker":{"widgetBreakerStyle":"solid","widgetBreakerWeight":"2","widgetBreakerColor":"#ffffff","widgetBreakerWidth":"20","widgetBreakerAlignment":"center","widgetBreakerSpacing":"0"}}],"columnOptions":{"bg_color":"transparent","margin":{"columnMarginTop":"0","columnMarginBottom":"0","columnMarginLeft":"0","columnMarginRight":"0"},"padding":{"columnPaddingTop":"0","columnPaddingBottom":"0","columnPaddingLeft":"0","columnPaddingRight":"0"},"width":"100.00","columnCSS":"/* Add column custom styling here */"}},"column2":{"colWidgets":[],"columnOptions":{"bg_color":"transparent","margin":{"columnMarginTop":0,"columnMarginBottom":0,"columnMarginLeft":0,"columnMarginRight":0},"padding":{"columnPaddingTop":0,"columnPaddingBottom":0,"columnPaddingLeft":0,"columnPaddingRight":0},"width":"","columnCSS":"/* Add column custom styling here */"}},"column3":{"colWidgets":[],"columnOptions":{"bg_color":"transparent","margin":{"columnMarginTop":0,"columnMarginBottom":0,"columnMarginLeft":0,"columnMarginRight":0},"padding":{"columnPaddingTop":0,"columnPaddingBottom":0,"columnPaddingLeft":0,"columnPaddingRight":0},"width":"","columnCSS":"/* Add column custom styling here */"}},"column4":{"colWidgets":[],"columnOptions":{"bg_color":"transparent","margin":{"columnMarginTop":0,"columnMarginBottom":0,"columnMarginLeft":0,"columnMarginRight":0},"padding":{"columnPaddingTop":0,"columnPaddingBottom":0,"columnPaddingLeft":0,"columnPaddingRight":0},"width":"","columnCSS":"/* Add column custom styling here */"}},"column5":{"colWidgets":[],"columnOptions":{"bg_color":"transparent","margin":{"columnMarginTop":0,"columnMarginBottom":0,"columnMarginLeft":0,"columnMarginRight":0},"padding":{"columnPaddingTop":0,"columnPaddingBottom":0,"columnPaddingLeft":0,"columnPaddingRight":0},"width":"","columnCSS":"/* Add column custom styling here */"}},"column6":{"colWidgets":[],"columnOptions":{"bg_color":"transparent","margin":{"columnMarginTop":0,"columnMarginBottom":0,"columnMarginLeft":0,"columnMarginRight":0},"padding":{"columnPaddingTop":0,"columnPaddingBottom":0,"columnPaddingLeft":0,"columnPaddingRight":0},"width":"","columnCSS":"/* Add column custom styling here */"}},"column7":{"colWidgets":[],"columnOptions":{"bg_color":"transparent","margin":{"columnMarginTop":0,"columnMarginBottom":0,"columnMarginLeft":0,"columnMarginRight":0},"padding":{"columnPaddingTop":0,"columnPaddingBottom":0,"columnPaddingLeft":0,"columnPaddingRight":0},"width":"","columnCSS":"/* Add column custom styling here */"}},"column8":{"colWidgets":[],"columnOptions":{"bg_color":"transparent","margin":{"columnMarginTop":0,"columnMarginBottom":0,"columnMarginLeft":0,"columnMarginRight":0},"padding":{"columnPaddingTop":0,"columnPaddingBottom":0,"columnPaddingLeft":0,"columnPaddingRight":0},"width":"","columnCSS":"/* Add column custom styling here */"}}},{"rowID":"ulpb_Row61278","rowHeight":"200","rowHeightUnit":"px","rowHeightTablet":"","rowHeightUnitTablet":"","rowHeightMobile":"","rowHeightUnitMobile":"","columns":"4","columnsDivRule":"none","rowData":{"bg_color":"rgba(255,255,255,0)","bg_img":"","margin":{"rowMarginTop":"0","rowMarginBottom":"0","rowMarginLeft":"0","rowMarginRight":"0"},"padding":{"rowPaddingTop":"0","rowPaddingBottom":"0","rowPaddingLeft":"0","rowPaddingRight":"0"},"video":{"rowBgVideoEnable":"false","rowBgVideoLoop":"loop","rowVideoMpfour":"","rowVideoWebM":"","rowVideoThumb":""},"customStyling":"/* Insert your custom CSS here. */","customJS":"/* Insert your JS codes here. */"},"column1":{"colWidgets":[{"widgetType":"wigt-img","widgetStyling":"/* Custom CSS for widget here. */","widgetMtop":"0","widgetMleft":"0","widgetMbottom":"0","widgetMright":"0","widgetPtop":"0","widgetPleft":"0","widgetPbottom":"0","widgetPright":"0","widgetBgColor":"transparent","widgetAnimation":null,"widgetBorderWidth":"","widgetBorderStyle":null,"widgetBorderColor":"","widgetBoxShadowH":"","widgetBoxShadowV":"","widgetBoxShadowBlur":"","widgetBoxShadowColor":"","widgetImg":{"imgUrl":"https://images.unsplash.com/photo-1506499377715-687ed75d24cd?auto=format&fit=crop&w=668&q=60&ixid=dW5zcGxhc2guY29tOzs7Ozs%3D","imgSize":"large","imgAlignment":"center","imgSizeCustomWidth":"","imgSizeCustomHeight":"","imgLightBox":"false","imgLink":""}}],"columnOptions":{"bg_color":"transparent","margin":{"columnMarginTop":"0","columnMarginBottom":"0","columnMarginLeft":"0","columnMarginRight":"0"},"padding":{"columnPaddingTop":"0","columnPaddingBottom":"0","columnPaddingLeft":"0","columnPaddingRight":"0"},"width":"25","columnCSS":"/* Add column custom styling here */"}},"column2":{"colWidgets":[{"widgetType":"wigt-img","widgetStyling":"/* Custom CSS for widget here. */","widgetMtop":"0","widgetMleft":"0","widgetMbottom":"0","widgetMright":"0","widgetPtop":"0","widgetPleft":"0","widgetPbottom":"0","widgetPright":"0","widgetBgColor":"transparent","widgetAnimation":"","widgetBorderWidth":"","widgetBorderStyle":null,"widgetBorderColor":"","widgetBoxShadowH":"","widgetBoxShadowV":"","widgetBoxShadowBlur":"","widgetBoxShadowColor":"","widgetImg":{"imgUrl":"https://images.unsplash.com/photo-1504826260979-242151ee45b7?auto=format&fit=crop&w=668&q=60&ixid=dW5zcGxhc2guY29tOzs7Ozs%3D","imgSize":"large","imgAlignment":"center","imgSizeCustomWidth":"","imgSizeCustomHeight":"","imgLightBox":"false","imgLink":""}}],"columnOptions":{"bg_color":"transparent","margin":{"columnMarginTop":"0","columnMarginBottom":"0","columnMarginLeft":"0","columnMarginRight":"0"},"padding":{"columnPaddingTop":"0","columnPaddingBottom":"0","columnPaddingLeft":"0","columnPaddingRight":"0"},"width":"25","columnCSS":"/* Add column custom styling here */"}},"column3":{"colWidgets":[{"widgetType":"wigt-img","widgetStyling":"/* Custom CSS for widget here. */","widgetMtop":"0","widgetMleft":"0","widgetMbottom":"0","widgetMright":"0","widgetPtop":"0","widgetPleft":"0","widgetPbottom":"0","widgetPright":"0","widgetBgColor":"transparent","widgetAnimation":null,"widgetBorderWidth":"","widgetBorderStyle":null,"widgetBorderColor":"","widgetBoxShadowH":"","widgetBoxShadowV":"","widgetBoxShadowBlur":"","widgetBoxShadowColor":"","widgetImg":{"imgUrl":"https://images.unsplash.com/photo-1506499377715-687ed75d24cd?auto=format&fit=crop&w=668&q=60&ixid=dW5zcGxhc2guY29tOzs7Ozs%3D","imgSize":"large","imgAlignment":"center","imgSizeCustomWidth":"","imgSizeCustomHeight":"","imgLightBox":"false","imgLink":""}}],"columnOptions":{"bg_color":"transparent","margin":{"columnMarginTop":"0","columnMarginBottom":"0","columnMarginLeft":"0","columnMarginRight":"0"},"padding":{"columnPaddingTop":"0","columnPaddingBottom":"0","columnPaddingLeft":"0","columnPaddingRight":"0"},"width":"25","columnCSS":"/* Add column custom styling here */"}},"column4":{"colWidgets":[{"widgetType":"wigt-img","widgetStyling":"/* Custom CSS for widget here. */","widgetMtop":"0","widgetMleft":"0","widgetMbottom":"0","widgetMright":"0","widgetPtop":"0","widgetPleft":"0","widgetPbottom":"0","widgetPright":"0","widgetBgColor":"transparent","widgetAnimation":"","widgetBorderWidth":"","widgetBorderStyle":null,"widgetBorderColor":"","widgetBoxShadowH":"","widgetBoxShadowV":"","widgetBoxShadowBlur":"","widgetBoxShadowColor":"","widgetImg":{"imgUrl":"https://images.unsplash.com/photo-1504826260979-242151ee45b7?auto=format&fit=crop&w=668&q=60&ixid=dW5zcGxhc2guY29tOzs7Ozs%3D","imgSize":"large","imgAlignment":"center","imgSizeCustomWidth":"","imgSizeCustomHeight":"","imgLightBox":"false","imgLink":""}}],"columnOptions":{"bg_color":"transparent","margin":{"columnMarginTop":"0","columnMarginBottom":"0","columnMarginLeft":"0","columnMarginRight":"0"},"padding":{"columnPaddingTop":"0","columnPaddingBottom":"0","columnPaddingLeft":"0","columnPaddingRight":"0"},"width":"25","columnCSS":"/* Add column custom styling here */"}},"column5":{"colWidgets":[],"columnOptions":{"bg_color":"transparent","margin":{"columnMarginTop":0,"columnMarginBottom":0,"columnMarginLeft":0,"columnMarginRight":0},"padding":{"columnPaddingTop":0,"columnPaddingBottom":0,"columnPaddingLeft":0,"columnPaddingRight":0},"width":"","columnCSS":"/* Add column custom styling here */"}},"column6":{"colWidgets":[],"columnOptions":{"bg_color":"transparent","margin":{"columnMarginTop":0,"columnMarginBottom":0,"columnMarginLeft":0,"columnMarginRight":0},"padding":{"columnPaddingTop":0,"columnPaddingBottom":0,"columnPaddingLeft":0,"columnPaddingRight":0},"width":"","columnCSS":"/* Add column custom styling here */"}},"column7":{"colWidgets":[],"columnOptions":{"bg_color":"transparent","margin":{"columnMarginTop":0,"columnMarginBottom":0,"columnMarginLeft":0,"columnMarginRight":0},"padding":{"columnPaddingTop":0,"columnPaddingBottom":0,"columnPaddingLeft":0,"columnPaddingRight":0},"width":"","columnCSS":"/* Add column custom styling here */"}},"column8":{"colWidgets":[],"columnOptions":{"bg_color":"transparent","margin":{"columnMarginTop":0,"columnMarginBottom":0,"columnMarginLeft":0,"columnMarginRight":0},"padding":{"columnPaddingTop":0,"columnPaddingBottom":0,"columnPaddingLeft":0,"columnPaddingRight":0},"width":"","columnCSS":"/* Add column custom styling here */"}}},{"rowID":"ulpb_Row104413","rowHeight":"200","rowHeightUnit":"px","rowHeightTablet":"","rowHeightUnitTablet":"","rowHeightMobile":"","rowHeightUnitMobile":"","columns":"2","columnsDivRule":"none","rowData":{"bg_color":"#ffffff","bg_img":"","margin":{"rowMarginTop":"0","rowMarginBottom":"0","rowMarginLeft":"0","rowMarginRight":"0"},"padding":{"rowPaddingTop":"2","rowPaddingBottom":"2","rowPaddingLeft":"0","rowPaddingRight":"0"},"video":{"rowBgVideoEnable":"false","rowBgVideoLoop":"loop","rowVideoMpfour":"","rowVideoWebM":"","rowVideoThumb":""},"customStyling":"/* Insert your custom CSS here. */","customJS":"/* Insert your JS codes here. */"},"column1":{"colWidgets":[{"widgetType":"wigt-WYSIWYG","widgetStyling":"/* Custom CSS for widget here. */","widgetMtop":"0","widgetMleft":"0","widgetMbottom":"0","widgetMright":"0","widgetPtop":"0","widgetPleft":"0","widgetPbottom":"0","widgetPright":"0","widgetBgColor":"transparent","widgetAnimation":"","widgetBorderWidth":"","widgetBorderStyle":null,"widgetBorderColor":"","widgetBoxShadowH":"","widgetBoxShadowV":"","widgetBoxShadowBlur":"","widgetBoxShadowColor":"","widgetWYSIWYG":{"widgetContent":"<iframe src=\"https://www.google.com/maps/embed?pb=!1m18!1m12!1m3!1d41465.40103612068!2d151.11028188585215!3d-33.88017323690618!2m3!1f0!2f0!3f0!3m2!1i1024!2i768!4f13.1!3m3!1m2!1s0x6b12badac6975619%3A0xa7efd9a8384dab84!2sWestfield+Burwood!5e0!3m2!1sen!2s!4v1509813459292\" width=\"100%\" height=\"570px\" frameborder=\"0\" style=\"border:0\" allowfullscreen></iframe>"}}],"columnOptions":{"bg_color":"transparent","margin":{"columnMarginTop":"0","columnMarginBottom":"0","columnMarginLeft":"0","columnMarginRight":"0"},"padding":{"columnPaddingTop":"0","columnPaddingBottom":"0","columnPaddingLeft":"0","columnPaddingRight":"0"},"width":"48.96","columnCSS":"/* Add column custom styling here */"}},"column2":{"colWidgets":[{"widgetType":"wigt-pb-text","widgetStyling":"/* Custom CSS for widget here. */","widgetMtop":"4","widgetMleft":"0","widgetMbottom":"0","widgetMright":"0","widgetPtop":"0","widgetPleft":"0","widgetPbottom":"0","widgetPright":"0","widgetBgColor":"rgba(0,0,0,0)","widgetAnimation":"","widgetBorderWidth":"","widgetBorderStyle":null,"widgetBorderColor":"","widgetBoxShadowH":"","widgetBoxShadowV":"","widgetBoxShadowBlur":"","widgetBoxShadowColor":"","widgetText":{"widgetTextContent":"CONTACT ME","widgetTextAlignment":"center","widgetTextTag":"p","widgetTextColor":"#333","widgetTextSize":"16","widgetTextFamily":"select","widgetTextWeight":"200","widgetTextTransform":null}},{"widgetType":"wigt-pb-break","widgetStyling":"/* Custom CSS for widget here. */","widgetMtop":"0","widgetMleft":"0","widgetMbottom":"0","widgetMright":"0","widgetPtop":"0","widgetPleft":"0","widgetPbottom":"0","widgetPright":"0","widgetBgColor":"transparent","widgetAnimation":null,"widgetBorderWidth":"","widgetBorderStyle":null,"widgetBorderColor":"","widgetBoxShadowH":"","widgetBoxShadowV":"","widgetBoxShadowBlur":"","widgetBoxShadowColor":"","widgetBreaker":{"widgetBreakerStyle":"solid","widgetBreakerWeight":"1","widgetBreakerColor":"#3a3a3a","widgetBreakerWidth":"23","widgetBreakerAlignment":"center","widgetBreakerSpacing":"0"}},{"widgetType":"wigt-WYSIWYG","widgetStyling":"/* Custom CSS for widget here. */","widgetMtop":"3","widgetMleft":"0","widgetMbottom":"0","widgetMright":"0","widgetPtop":"0","widgetPleft":"0","widgetPbottom":"0","widgetPright":"0","widgetBgColor":"transparent","widgetAnimation":null,"widgetBorderWidth":"","widgetBorderStyle":null,"widgetBorderColor":"","widgetBoxShadowH":"","widgetBoxShadowV":"","widgetBoxShadowBlur":"","widgetBoxShadowColor":"","widgetWYSIWYG":{"widgetContent":"<p style=\"text-align: center;\" data-mce-style=\"text-align: center;\"><span style=\"font-family: &quot;arial black&quot;, sans-serif;\" data-mce-style=\"font-family: 'arial black', sans-serif;\">1-800-000-0000</span><br> </p><p style=\"text-align: center;\" data-mce-style=\"text-align: center;\"><span style=\"font-family: &quot;arial black&quot;, sans-serif;\" data-mce-style=\"font-family: 'arial black', sans-serif;\">info@example.com</span></p>"}},{"widgetType":"wigt-pb-formBuilder","widgetStyling":"/* Custom CSS for widget here. */","widgetMtop":"5","widgetMleft":"20","widgetMbottom":"0","widgetMright":"20","widgetPtop":"0","widgetPleft":"0","widgetPbottom":"0","widgetPright":"0","widgetBgColor":"transparent","widgetAnimation":"","widgetBorderWidth":"","widgetBorderStyle":null,"widgetBorderColor":"","widgetBoxShadowH":"","widgetBoxShadowV":"","widgetBoxShadowBlur":"","widgetBoxShadowColor":"","widgetFormBuilder":{"widgetPbFbFormFeilds":[{"fbFieldType":"text","thisFieldOptions":{"fbFieldLabel":"Name","fbFieldPlaceHolder":"Name","fbFieldRequired":"false","fbFieldWidth":"50","multiOptionFieldValues":"","fbtextareaRows":"5","displayFieldsInline":null}},{"fbFieldType":"email","thisFieldOptions":{"fbFieldLabel":"Email","fbFieldPlaceHolder":"Email","fbFieldRequired":"true","fbFieldWidth":"50","multiOptionFieldValues":"","fbtextareaRows":"5","displayFieldsInline":null}},{"fbFieldType":"textarea","thisFieldOptions":{"fbFieldLabel":"Message","fbFieldPlaceHolder":"","fbFieldRequired":"true","fbFieldWidth":"100","multiOptionFieldValues":"","fbtextareaRows":"5","displayFieldsInline":"inline-block"}}],"widgetPbFbFormFeildOptions":{"formBuilderFieldSize":"small","formBuilderFieldLabelDisplay":"unset","formBuilderFieldBgColor":"#fff","formBuilderFieldColor":"#9e9e9e","formBuilderFieldBorderColor":"#84ccb1","formBuilderFieldBorderWidth":"2","formBuilderFieldBorderRadius":"3","formBuilderLabelSize":"15","formBuilderLabelColor":"#84ccb1"},"widgetPbFbFormSubmitOptions":{"formBuilderBtnText":"SEND","formBuilderBtnSize":"small","formBuilderBtnWidth":"100","formBuilderBtnBgColor":"rgba(51,51,51,0)","formBuilderBtnColor":"#84ccb1","formBuilderBtnHoverBgColor":"#84ccb1","formBuilderBtnHoverTextColor":"#ffffff","formBuilderBtnFontSize":"18","formBuilderBtnBorderWidth":"2","formBuilderBtnBorderColor":"#84ccb1","formBuilderBtnBorderRadius":"3","formBuilderBtnAlignment":"left"},"widgetPbFbFormEmailOptions":{"formEmailformName":"","formEmailTo":"example@example.com","formEmailSubject":"","formEmailFromEmail":"","formEmailName":"","formEmailFormat":"plain","formSuccessMessage":"The form was sent successfully!"},"widgetPbFbFormMailChimp":{"formBuilderEnableMailChimp":null,"formBuilderMCAccountName":"","formBuilderMCApiKey":""}}}],"columnOptions":{"bg_color":"transparent","margin":{"columnMarginTop":"0","columnMarginBottom":"0","columnMarginLeft":"0","columnMarginRight":"0"},"padding":{"columnPaddingTop":"0","columnPaddingBottom":"0","columnPaddingLeft":"0","columnPaddingRight":"0"},"width":"49.08","columnCSS":"/* Add column custom styling here */"}},"column3":{"colWidgets":[],"columnOptions":{"bg_color":"transparent","margin":{"columnMarginTop":0,"columnMarginBottom":0,"columnMarginLeft":0,"columnMarginRight":0},"padding":{"columnPaddingTop":0,"columnPaddingBottom":0,"columnPaddingLeft":0,"columnPaddingRight":0},"width":"","columnCSS":"/* Add column custom styling here */"}},"column4":{"colWidgets":[],"columnOptions":{"bg_color":"transparent","margin":{"columnMarginTop":0,"columnMarginBottom":0,"columnMarginLeft":0,"columnMarginRight":0},"padding":{"columnPaddingTop":0,"columnPaddingBottom":0,"columnPaddingLeft":0,"columnPaddingRight":0},"width":"","columnCSS":"/* Add column custom styling here */"}},"column5":{"colWidgets":[],"columnOptions":{"bg_color":"transparent","margin":{"columnMarginTop":0,"columnMarginBottom":0,"columnMarginLeft":0,"columnMarginRight":0},"padding":{"columnPaddingTop":0,"columnPaddingBottom":0,"columnPaddingLeft":0,"columnPaddingRight":0},"width":"","columnCSS":"/* Add column custom styling here */"}},"column6":{"colWidgets":[],"columnOptions":{"bg_color":"transparent","margin":{"columnMarginTop":0,"columnMarginBottom":0,"columnMarginLeft":0,"columnMarginRight":0},"padding":{"columnPaddingTop":0,"columnPaddingBottom":0,"columnPaddingLeft":0,"columnPaddingRight":0},"width":"","columnCSS":"/* Add column custom styling here */"}},"column7":{"colWidgets":[],"columnOptions":{"bg_color":"transparent","margin":{"columnMarginTop":0,"columnMarginBottom":0,"columnMarginLeft":0,"columnMarginRight":0},"padding":{"columnPaddingTop":0,"columnPaddingBottom":0,"columnPaddingLeft":0,"columnPaddingRight":0},"width":"","columnCSS":"/* Add column custom styling here */"}},"column8":{"colWidgets":[],"columnOptions":{"bg_color":"transparent","margin":{"columnMarginTop":0,"columnMarginBottom":0,"columnMarginLeft":0,"columnMarginRight":0},"padding":{"columnPaddingTop":0,"columnPaddingBottom":0,"columnPaddingLeft":0,"columnPaddingRight":0},"width":"","columnCSS":"/* Add column custom styling here */"}}},{"rowID":"ulpb_Row84805","rowHeight":"80","rowHeightUnit":"px","rowHeightTablet":"","rowHeightUnitTablet":"","rowHeightMobile":"","rowHeightUnitMobile":"","columns":"1","columnsDivRule":"none","rowData":{"bg_color":"#84ccb1","bg_img":"","margin":{"rowMarginTop":"0","rowMarginBottom":"0","rowMarginLeft":"0","rowMarginRight":"0"},"padding":{"rowPaddingTop":"0","rowPaddingBottom":"0","rowPaddingLeft":"0","rowPaddingRight":"0"},"video":{"rowBgVideoEnable":"false","rowBgVideoLoop":"loop","rowVideoMpfour":"","rowVideoWebM":"","rowVideoThumb":""},"customStyling":"/* Insert your custom CSS here. */","customJS":"/* Insert your JS codes here. */"},"column1":{"colWidgets":[{"widgetType":"wigt-pb-text","widgetStyling":"/* Custom CSS for widget here. */","widgetMtop":"2","widgetMleft":"0","widgetMbottom":"0","widgetMright":"0","widgetPtop":"0","widgetPleft":"0","widgetPbottom":"0","widgetPright":"0","widgetBgColor":"transparent","widgetAnimation":"","widgetBorderWidth":"","widgetBorderStyle":null,"widgetBorderColor":"","widgetBoxShadowH":"","widgetBoxShadowV":"","widgetBoxShadowBlur":"","widgetBoxShadowColor":"","widgetText":{"widgetTextContent":"2018 HAPPY DOG WALKING - PROUDLY DESIGNED BY PLUGINOPS.COM","widgetTextAlignment":"center","widgetTextTag":"p","widgetTextColor":"#ffffff","widgetTextSize":"13","widgetTextFamily":"select","widgetTextWeight":"200","widgetTextTransform":null}}],"columnOptions":{"bg_color":"transparent","margin":{"columnMarginTop":"0","columnMarginBottom":"0","columnMarginLeft":"0","columnMarginRight":"0"},"padding":{"columnPaddingTop":"0","columnPaddingBottom":"0","columnPaddingLeft":"0","columnPaddingRight":"0"},"width":"100.00","columnCSS":"/* Add column custom styling here */"}},"column2":{"colWidgets":[],"columnOptions":{"bg_color":"transparent","margin":{"columnMarginTop":0,"columnMarginBottom":0,"columnMarginLeft":0,"columnMarginRight":0},"padding":{"columnPaddingTop":0,"columnPaddingBottom":0,"columnPaddingLeft":0,"columnPaddingRight":0},"width":"","columnCSS":"/* Add column custom styling here */"}},"column3":{"colWidgets":[],"columnOptions":{"bg_color":"transparent","margin":{"columnMarginTop":0,"columnMarginBottom":0,"columnMarginLeft":0,"columnMarginRight":0},"padding":{"columnPaddingTop":0,"columnPaddingBottom":0,"columnPaddingLeft":0,"columnPaddingRight":0},"width":"","columnCSS":"/* Add column custom styling here */"}},"column4":{"colWidgets":[],"columnOptions":{"bg_color":"transparent","margin":{"columnMarginTop":0,"columnMarginBottom":0,"columnMarginLeft":0,"columnMarginRight":0},"padding":{"columnPaddingTop":0,"columnPaddingBottom":0,"columnPaddingLeft":0,"columnPaddingRight":0},"width":"","columnCSS":"/* Add column custom styling here */"}},"column5":{"colWidgets":[],"columnOptions":{"bg_color":"transparent","margin":{"columnMarginTop":0,"columnMarginBottom":0,"columnMarginLeft":0,"columnMarginRight":0},"padding":{"columnPaddingTop":0,"columnPaddingBottom":0,"columnPaddingLeft":0,"columnPaddingRight":0},"width":"","columnCSS":"/* Add column custom styling here */"}},"column6":{"colWidgets":[],"columnOptions":{"bg_color":"transparent","margin":{"columnMarginTop":0,"columnMarginBottom":0,"columnMarginLeft":0,"columnMarginRight":0},"padding":{"columnPaddingTop":0,"columnPaddingBottom":0,"columnPaddingLeft":0,"columnPaddingRight":0},"width":"","columnCSS":"/* Add column custom styling here */"}},"column7":{"colWidgets":[],"columnOptions":{"bg_color":"transparent","margin":{"columnMarginTop":0,"columnMarginBottom":0,"columnMarginLeft":0,"columnMarginRight":0},"padding":{"columnPaddingTop":0,"columnPaddingBottom":0,"columnPaddingLeft":0,"columnPaddingRight":0},"width":"","columnCSS":"/* Add column custom styling here */"}},"column8":{"colWidgets":[],"columnOptions":{"bg_color":"transparent","margin":{"columnMarginTop":0,"columnMarginBottom":0,"columnMarginLeft":0,"columnMarginRight":0},"padding":{"columnPaddingTop":0,"columnPaddingBottom":0,"columnPaddingLeft":0,"columnPaddingRight":0},"width":"","columnCSS":"/* Add column custom styling here */"}}}]