[{"rowID":"ulpb_Row23913","rowHeight":"100","columns":"1","columnsDivRule":"none","rowData":{"bg_color":"#6f6f6f","bg_img":"","margin":{"rowMarginTop":"0","rowMarginBottom":"0","rowMarginLeft":"0","rowMarginRight":"0"},"padding":{"rowPaddingTop":"0","rowPaddingBottom":"0","rowPaddingLeft":"5","rowPaddingRight":"5"},"video":{"rowBgVideoEnable":"false","rowBgVideoLoop":"loop","rowVideoMpfour":"","rowVideoWebM":"","rowVideoThumb":""},"customStyling":"/* Insert your custom CSS here. */","customJS":"/* Insert your JS codes here. */"},"column1":{"colWidgets":[{"widgetType":"wigt-menu","widgetStyling":"/* Custom CSS for widget here. */","widgetMtop":"0","widgetMleft":"0","widgetMbottom":"0","widgetMright":"0","widgetPtop":"0","widgetPleft":"0","widgetPbottom":"0","widgetPright":"0","widgetBgColor":"transparent","widgetAnimation":"","widgetBorderWidth":"","widgetBorderStyle":"","widgetBorderColor":"","widgetBoxShadowH":"","widgetBoxShadowV":"","widgetBoxShadowBlur":"","widgetBoxShadowColor":"","widgetMenu":{"menuName":"Landing Page Builder Nav","menuStyle":"menu-style-4","menuColor":"#ffffff","pbMenuFontFamily":"Cantarell"}}],"columnOptions":{"bg_color":"transparent","margin":{"columnMarginTop":"0","columnMarginBottom":"0","columnMarginLeft":"0","columnMarginRight":"0"},"padding":{"columnPaddingTop":"0","columnPaddingBottom":"0","columnPaddingLeft":"0","columnPaddingRight":"0"},"width":"100.03","columnCSS":"/* Add column custom styling here */"}},"column2":{"columnOptions":{"bg_color":"transparent","margin":{"columnMarginTop":"0","columnMarginBottom":"0","columnMarginLeft":"0","columnMarginRight":"0"},"padding":{"columnPaddingTop":"0","columnPaddingBottom":"0","columnPaddingLeft":"0","columnPaddingRight":"0"},"width":"","columnCSS":"/* Add column custom styling here */"}},"column3":{"columnOptions":{"bg_color":"transparent","margin":{"columnMarginTop":"0","columnMarginBottom":"0","columnMarginLeft":"0","columnMarginRight":"0"},"padding":{"columnPaddingTop":"0","columnPaddingBottom":"0","columnPaddingLeft":"0","columnPaddingRight":"0"},"width":"","columnCSS":"/* Add column custom styling here */"}},"column4":{"columnOptions":{"bg_color":"transparent","margin":{"columnMarginTop":"0","columnMarginBottom":"0","columnMarginLeft":"0","columnMarginRight":"0"},"padding":{"columnPaddingTop":"0","columnPaddingBottom":"0","columnPaddingLeft":"0","columnPaddingRight":"0"},"width":"","columnCSS":"/* Add column custom styling here */"}},"column5":{"columnOptions":{"bg_color":"transparent","margin":{"columnMarginTop":"0","columnMarginBottom":"0","columnMarginLeft":"0","columnMarginRight":"0"},"padding":{"columnPaddingTop":"0","columnPaddingBottom":"0","columnPaddingLeft":"0","columnPaddingRight":"0"},"width":"","columnCSS":"/* Add column custom styling here */"}},"column6":{"columnOptions":{"bg_color":"transparent","margin":{"columnMarginTop":"0","columnMarginBottom":"0","columnMarginLeft":"0","columnMarginRight":"0"},"padding":{"columnPaddingTop":"0","columnPaddingBottom":"0","columnPaddingLeft":"0","columnPaddingRight":"0"},"width":"","columnCSS":"/* Add column custom styling here */"}},"column7":{"columnOptions":{"bg_color":"transparent","margin":{"columnMarginTop":"0","columnMarginBottom":"0","columnMarginLeft":"0","columnMarginRight":"0"},"padding":{"columnPaddingTop":"0","columnPaddingBottom":"0","columnPaddingLeft":"0","columnPaddingRight":"0"},"width":"","columnCSS":"/* Add column custom styling here */"}},"column8":{"columnOptions":{"bg_color":"transparent","margin":{"columnMarginTop":"0","columnMarginBottom":"0","columnMarginLeft":"0","columnMarginRight":"0"},"padding":{"columnPaddingTop":"0","columnPaddingBottom":"0","columnPaddingLeft":"0","columnPaddingRight":"0"},"width":"","columnCSS":"/* Add column custom styling here */"}}},{"rowID":"ulpb_Row92708","rowHeight":"50","columns":"1","columnsDivRule":"none","rowData":{"bg_color":"#f7f7f7","bg_img":"","margin":{"rowMarginTop":"0","rowMarginBottom":"0","rowMarginLeft":"0","rowMarginRight":"0"},"padding":{"rowPaddingTop":"0","rowPaddingBottom":"0","rowPaddingLeft":"0","rowPaddingRight":"0"},"video":{"rowBgVideoEnable":"false","rowBgVideoLoop":"loop","rowVideoMpfour":"","rowVideoWebM":"","rowVideoThumb":""},"customStyling":"/* Insert your custom CSS here. */","customJS":"/* Insert your JS codes here. */"},"column1":{"colWidgets":[{"widgetType":"wigt-WYSIWYG","widgetStyling":"/* Custom CSS for widget here. */","widgetMtop":"0","widgetMleft":"10","widgetMbottom":"0","widgetMright":"0","widgetPtop":"0","widgetPleft":"0","widgetPbottom":"0","widgetPright":"0","widgetBgColor":"transparent","widgetAnimation":"","widgetBorderWidth":"","widgetBorderStyle":null,"widgetBorderColor":"","widgetBoxShadowH":"","widgetBoxShadowV":"","widgetBoxShadowBlur":"","widgetBoxShadowColor":"","widgetWYSIWYG":{"widgetContent":"<p><span style=\"font-size: 14pt;\" data-mce-style=\"font-size: 14pt;\">HOME // <span style=\"color: rgb(0, 204, 255);\" data-mce-style=\"color: #00ccff;\">CONTACT US</span></span></p>"}}],"columnOptions":{"bg_color":"transparent","margin":{"columnMarginTop":"0","columnMarginBottom":"0","columnMarginLeft":"0","columnMarginRight":"0"},"padding":{"columnPaddingTop":"0","columnPaddingBottom":"0","columnPaddingLeft":"0","columnPaddingRight":"0"},"width":"100.00","columnCSS":"/* Add column custom styling here */"}},"column2":{"colWidgets":[],"columnOptions":{"bg_color":"transparent","margin":{"columnMarginTop":0,"columnMarginBottom":0,"columnMarginLeft":0,"columnMarginRight":0},"padding":{"columnPaddingTop":0,"columnPaddingBottom":0,"columnPaddingLeft":0,"columnPaddingRight":0},"width":"","columnCSS":"/* Add column custom styling here */"}},"column3":{"colWidgets":[],"columnOptions":{"bg_color":"transparent","margin":{"columnMarginTop":0,"columnMarginBottom":0,"columnMarginLeft":0,"columnMarginRight":0},"padding":{"columnPaddingTop":0,"columnPaddingBottom":0,"columnPaddingLeft":0,"columnPaddingRight":0},"width":"","columnCSS":"/* Add column custom styling here */"}},"column4":{"colWidgets":[],"columnOptions":{"bg_color":"transparent","margin":{"columnMarginTop":0,"columnMarginBottom":0,"columnMarginLeft":0,"columnMarginRight":0},"padding":{"columnPaddingTop":0,"columnPaddingBottom":0,"columnPaddingLeft":0,"columnPaddingRight":0},"width":"","columnCSS":"/* Add column custom styling here */"}},"column5":{"colWidgets":[],"columnOptions":{"bg_color":"transparent","margin":{"columnMarginTop":0,"columnMarginBottom":0,"columnMarginLeft":0,"columnMarginRight":0},"padding":{"columnPaddingTop":0,"columnPaddingBottom":0,"columnPaddingLeft":0,"columnPaddingRight":0},"width":"","columnCSS":"/* Add column custom styling here */"}},"column6":{"colWidgets":[],"columnOptions":{"bg_color":"transparent","margin":{"columnMarginTop":0,"columnMarginBottom":0,"columnMarginLeft":0,"columnMarginRight":0},"padding":{"columnPaddingTop":0,"columnPaddingBottom":0,"columnPaddingLeft":0,"columnPaddingRight":0},"width":"","columnCSS":"/* Add column custom styling here */"}},"column7":{"colWidgets":[],"columnOptions":{"bg_color":"transparent","margin":{"columnMarginTop":0,"columnMarginBottom":0,"columnMarginLeft":0,"columnMarginRight":0},"padding":{"columnPaddingTop":0,"columnPaddingBottom":0,"columnPaddingLeft":0,"columnPaddingRight":0},"width":"","columnCSS":"/* Add column custom styling here */"}},"column8":{"colWidgets":[],"columnOptions":{"bg_color":"transparent","margin":{"columnMarginTop":0,"columnMarginBottom":0,"columnMarginLeft":0,"columnMarginRight":0},"padding":{"columnPaddingTop":0,"columnPaddingBottom":0,"columnPaddingLeft":0,"columnPaddingRight":0},"width":"","columnCSS":"/* Add column custom styling here */"}}},{"rowID":"ulpb_Row34829","rowHeight":"200","columns":"2","columnsDivRule":"none","rowData":{"bg_color":"#ffffff","bg_img":"","margin":{"rowMarginTop":"0","rowMarginBottom":"0","rowMarginLeft":"0","rowMarginRight":"0"},"padding":{"rowPaddingTop":"3","rowPaddingBottom":"3","rowPaddingLeft":"15","rowPaddingRight":"15"},"video":{"rowBgVideoEnable":"false","rowBgVideoLoop":"loop","rowVideoMpfour":"","rowVideoWebM":"","rowVideoThumb":""},"customStyling":"/* Insert your custom CSS here. */","customJS":"/* Insert your JS codes here. */"},"column1":{"colWidgets":[{"widgetType":"wigt-pb-iconList","widgetStyling":"/* Custom CSS for widget here. */","widgetMtop":"17","widgetMleft":"0","widgetMbottom":"0","widgetMright":"0","widgetPtop":"0","widgetPleft":"0","widgetPbottom":"0","widgetPright":"0","widgetBgColor":"transparent","widgetAnimation":"","widgetBorderWidth":"","widgetBorderStyle":null,"widgetBorderColor":"","widgetBoxShadowH":"","widgetBoxShadowV":"","widgetBoxShadowBlur":"","widgetBoxShadowColor":"","widgetIconList":{"iconListComplete":[{"iconListItemText":"+123 456 789","iconListItemIcon":"fa-mobile-phone","iconListItemLink":"","iconListItemLinkOpen":"_blank"},{"iconListItemText":"345 Diamond Street,","iconListItemIcon":"fa-map-marker","iconListItemLink":"","iconListItemLinkOpen":"_blank"},{"iconListItemText":"example@example.com","iconListItemIcon":"fa-envelope","iconListItemLink":"","iconListItemLinkOpen":"_blank"}],"iconListLineHeight":"75","iconListAlignment":"left","iconListIconSize":"30","iconListIconColor":"#dd9933","iconListTextSize":"18","iconListTextIndent":"40","iconListTextColor":"#757575"}}],"columnOptions":{"bg_color":"transparent","margin":{"columnMarginTop":"0","columnMarginBottom":"0","columnMarginLeft":"2","columnMarginRight":"0"},"padding":{"columnPaddingTop":"0","columnPaddingBottom":"0","columnPaddingLeft":"0","columnPaddingRight":"0"},"width":"30.45","columnCSS":"/* Add column custom styling here */"}},"column2":{"colWidgets":[{"widgetType":"wigt-pb-text","widgetStyling":"/* Custom CSS for widget here. */","widgetMtop":"0","widgetMleft":"0","widgetMbottom":"0","widgetMright":"0","widgetPtop":"0","widgetPleft":"0","widgetPbottom":"0","widgetPright":"0","widgetBgColor":"transparent","widgetAnimation":"","widgetBorderWidth":"","widgetBorderStyle":null,"widgetBorderColor":"","widgetBoxShadowH":"","widgetBoxShadowV":"","widgetBoxShadowBlur":"","widgetBoxShadowColor":"","widgetText":{"widgetTextContent":"<i>- <span style=\"color:#F77924;\">C</span>ONTACT</i>","widgetTextAlignment":"right","widgetTextTag":"h1","widgetTextColor":"#565656","widgetTextSize":"25","widgetTextFamily":"Arimo","widgetTextWeight":"normal","widgetTextTransform":"uppercase"}},{"widgetType":"wigt-pb-formBuilder","widgetStyling":"/* Custom CSS for widget here. */","widgetMtop":"0","widgetMleft":"0","widgetMbottom":"0","widgetMright":"0","widgetPtop":"0","widgetPleft":"0","widgetPbottom":"0","widgetPright":"0","widgetBgColor":"transparent","widgetAnimation":null,"widgetBorderWidth":"","widgetBorderStyle":null,"widgetBorderColor":"","widgetBoxShadowH":"","widgetBoxShadowV":"","widgetBoxShadowBlur":"","widgetBoxShadowColor":"","widgetFormBuilder":{"widgetPbFbFormFeilds":[{"fbFieldType":"text","thisFieldOptions":{"fbFieldLabel":"Name","fbFieldPlaceHolder":"Name","fbFieldRequired":"false","fbFieldWidth":"50","multiOptionFieldValues":"","fbtextareaRows":"5","displayFieldsInline":null}},{"fbFieldType":"email","thisFieldOptions":{"fbFieldLabel":"Email","fbFieldPlaceHolder":"Email","fbFieldRequired":"true","fbFieldWidth":"50","multiOptionFieldValues":"","fbtextareaRows":"5","displayFieldsInline":null}},{"fbFieldType":"textarea","thisFieldOptions":{"fbFieldLabel":"Message","fbFieldPlaceHolder":"Message..","fbFieldRequired":"true","fbFieldWidth":"100","multiOptionFieldValues":"","fbtextareaRows":"5","displayFieldsInline":"inline-block"}}],"widgetPbFbFormFeildOptions":{"formBuilderFieldSize":"medium","formBuilderFieldLabelDisplay":"none","formBuilderFieldBgColor":"#fff","formBuilderFieldColor":"#333","formBuilderFieldBorderColor":"#dddddd","formBuilderFieldBorderWidth":"1","formBuilderFieldBorderRadius":"3","formBuilderLabelSize":"18","formBuilderLabelColor":"#333"},"widgetPbFbFormSubmitOptions":{"formBuilderBtnText":"Send Message","formBuilderBtnSize":"medium","formBuilderBtnWidth":"100","formBuilderBtnBgColor":"#03a9f4","formBuilderBtnColor":"#fff","formBuilderBtnHoverBgColor":"#d9534f","formBuilderBtnHoverTextColor":"#d9534f","formBuilderBtnFontSize":"21","formBuilderBtnBorderWidth":"0","formBuilderBtnBorderColor":"#d9534f","formBuilderBtnBorderRadius":"3","formBuilderBtnAlignment":"left"},"widgetPbFbFormEmailOptions":{"formEmailformName":"","formEmailTo":"example@gmail.com","formEmailSubject":"","formEmailFromEmail":"","formEmailName":"","formEmailFormat":"plain","formSuccessMessage":"The form was sent successfully!"},"widgetPbFbFormMailChimp":{"formBuilderEnableMailChimp":null,"formBuilderMCAccountName":"","formBuilderMCApiKey":""}}}],"columnOptions":{"bg_color":"transparent","margin":{"columnMarginTop":"0","columnMarginBottom":"0","columnMarginLeft":"3","columnMarginRight":"0"},"padding":{"columnPaddingTop":"0","columnPaddingBottom":"0","columnPaddingLeft":"0","columnPaddingRight":"0"},"width":"59.95","columnCSS":"/* Add column custom styling here */"}},"column3":{"columnOptions":{"bg_color":"transparent","margin":{"columnMarginTop":"0","columnMarginBottom":"0","columnMarginLeft":"0","columnMarginRight":"0"},"padding":{"columnPaddingTop":"0","columnPaddingBottom":"0","columnPaddingLeft":"0","columnPaddingRight":"0"},"width":"","columnCSS":"/* Add column custom styling here */"}},"column4":{"columnOptions":{"bg_color":"transparent","margin":{"columnMarginTop":"0","columnMarginBottom":"0","columnMarginLeft":"0","columnMarginRight":"0"},"padding":{"columnPaddingTop":"0","columnPaddingBottom":"0","columnPaddingLeft":"0","columnPaddingRight":"0"},"width":"","columnCSS":"/* Add column custom styling here */"}},"column5":{"columnOptions":{"bg_color":"transparent","margin":{"columnMarginTop":"0","columnMarginBottom":"0","columnMarginLeft":"0","columnMarginRight":"0"},"padding":{"columnPaddingTop":"0","columnPaddingBottom":"0","columnPaddingLeft":"0","columnPaddingRight":"0"},"width":"","columnCSS":"/* Add column custom styling here */"}},"column6":{"columnOptions":{"bg_color":"transparent","margin":{"columnMarginTop":"0","columnMarginBottom":"0","columnMarginLeft":"0","columnMarginRight":"0"},"padding":{"columnPaddingTop":"0","columnPaddingBottom":"0","columnPaddingLeft":"0","columnPaddingRight":"0"},"width":"","columnCSS":"/* Add column custom styling here */"}},"column7":{"columnOptions":{"bg_color":"transparent","margin":{"columnMarginTop":"0","columnMarginBottom":"0","columnMarginLeft":"0","columnMarginRight":"0"},"padding":{"columnPaddingTop":"0","columnPaddingBottom":"0","columnPaddingLeft":"0","columnPaddingRight":"0"},"width":"","columnCSS":"/* Add column custom styling here */"}},"column8":{"columnOptions":{"bg_color":"transparent","margin":{"columnMarginTop":"0","columnMarginBottom":"0","columnMarginLeft":"0","columnMarginRight":"0"},"padding":{"columnPaddingTop":"0","columnPaddingBottom":"0","columnPaddingLeft":"0","columnPaddingRight":"0"},"width":"","columnCSS":"/* Add column custom styling here */"}}},{"rowID":"ulpb_Row14693","rowHeight":"200","columns":"1","columnsDivRule":"none","rowData":{"bg_color":"#ffffff","bg_img":"","margin":{"rowMarginTop":"0","rowMarginBottom":"0","rowMarginLeft":"0","rowMarginRight":"0"},"padding":{"rowPaddingTop":"0","rowPaddingBottom":"0","rowPaddingLeft":"0","rowPaddingRight":"0"},"video":{"rowBgVideoEnable":"false","rowBgVideoLoop":"loop","rowVideoMpfour":"","rowVideoWebM":"","rowVideoThumb":""},"customStyling":"/* Insert your custom CSS here. */","customJS":"/* Insert your JS codes here. */"},"column1":{"colWidgets":[{"widgetType":"wigt-WYSIWYG","widgetStyling":"/* Custom CSS for widget here. */","widgetMtop":"0","widgetMleft":"0","widgetMbottom":"0","widgetMright":"0","widgetPtop":"0","widgetPleft":"0","widgetPbottom":"0","widgetPright":"0","widgetBgColor":"transparent","widgetAnimation":null,"widgetBorderWidth":"","widgetBorderStyle":null,"widgetBorderColor":"","widgetBoxShadowH":"","widgetBoxShadowV":"","widgetBoxShadowBlur":"","widgetBoxShadowColor":"","widgetWYSIWYG":{"widgetContent":"<p><span contenteditable=\"false\" style=\"border:0\" data-mce-object=\"iframe\" class=\"mce-preview-object mce-object-iframe\" data-mce-p-allowfullscreen=\"allowfullscreen\" data-mce-p-frameborder=\"0\" data-mce-p-src=\"https://www.google.com/maps/embed?pb=!1m14!1m12!1m3!1d19477.658098153282!2d-122.03371623628477!3d36.96282224694438!2m3!1f0!2f0!3f0!3m2!1i1024!2i768!4f13.1!5e0!3m2!1sen!2s!4v1509109733355\"><iframe src=\"https://www.google.com/maps/embed?pb=!1m14!1m12!1m3!1d19477.658098153282!2d-122.03371623628477!3d36.96282224694438!2m3!1f0!2f0!3f0!3m2!1i1024!2i768!4f13.1!5e0!3m2!1sen!2s!4v1509109733355\" allowfullscreen=\"allowfullscreen\" width=\"100%\" height=\"450\" frameborder=\"0\"></iframe><span class=\"mce-shim\"></span></span></p>"}}],"columnOptions":{"bg_color":"transparent","margin":{"columnMarginTop":"0","columnMarginBottom":"0","columnMarginLeft":"0","columnMarginRight":"0"},"padding":{"columnPaddingTop":"0","columnPaddingBottom":"0","columnPaddingLeft":"0","columnPaddingRight":"0"},"width":"100.00","columnCSS":"/* Add column custom styling here */"}},"column2":{"colWidgets":[],"columnOptions":{"bg_color":"transparent","margin":{"columnMarginTop":0,"columnMarginBottom":0,"columnMarginLeft":0,"columnMarginRight":0},"padding":{"columnPaddingTop":0,"columnPaddingBottom":0,"columnPaddingLeft":0,"columnPaddingRight":0},"width":"","columnCSS":"/* Add column custom styling here */"}},"column3":{"colWidgets":[],"columnOptions":{"bg_color":"transparent","margin":{"columnMarginTop":0,"columnMarginBottom":0,"columnMarginLeft":0,"columnMarginRight":0},"padding":{"columnPaddingTop":0,"columnPaddingBottom":0,"columnPaddingLeft":0,"columnPaddingRight":0},"width":"","columnCSS":"/* Add column custom styling here */"}},"column4":{"colWidgets":[],"columnOptions":{"bg_color":"transparent","margin":{"columnMarginTop":0,"columnMarginBottom":0,"columnMarginLeft":0,"columnMarginRight":0},"padding":{"columnPaddingTop":0,"columnPaddingBottom":0,"columnPaddingLeft":0,"columnPaddingRight":0},"width":"","columnCSS":"/* Add column custom styling here */"}},"column5":{"colWidgets":[],"columnOptions":{"bg_color":"transparent","margin":{"columnMarginTop":0,"columnMarginBottom":0,"columnMarginLeft":0,"columnMarginRight":0},"padding":{"columnPaddingTop":0,"columnPaddingBottom":0,"columnPaddingLeft":0,"columnPaddingRight":0},"width":"","columnCSS":"/* Add column custom styling here */"}},"column6":{"colWidgets":[],"columnOptions":{"bg_color":"transparent","margin":{"columnMarginTop":0,"columnMarginBottom":0,"columnMarginLeft":0,"columnMarginRight":0},"padding":{"columnPaddingTop":0,"columnPaddingBottom":0,"columnPaddingLeft":0,"columnPaddingRight":0},"width":"","columnCSS":"/* Add column custom styling here */"}},"column7":{"colWidgets":[],"columnOptions":{"bg_color":"transparent","margin":{"columnMarginTop":0,"columnMarginBottom":0,"columnMarginLeft":0,"columnMarginRight":0},"padding":{"columnPaddingTop":0,"columnPaddingBottom":0,"columnPaddingLeft":0,"columnPaddingRight":0},"width":"","columnCSS":"/* Add column custom styling here */"}},"column8":{"colWidgets":[],"columnOptions":{"bg_color":"transparent","margin":{"columnMarginTop":0,"columnMarginBottom":0,"columnMarginLeft":0,"columnMarginRight":0},"padding":{"columnPaddingTop":0,"columnPaddingBottom":0,"columnPaddingLeft":0,"columnPaddingRight":0},"width":"","columnCSS":"/* Add column custom styling here */"}}},{"rowID":"ulpb_Row186024","rowHeight":"200","columns":"1","columnsDivRule":"none","rowData":{"bg_color":"#ffffff","bg_img":"","margin":{"rowMarginTop":"0","rowMarginBottom":"0","rowMarginLeft":"0","rowMarginRight":"0"},"padding":{"rowPaddingTop":"4","rowPaddingBottom":"4","rowPaddingLeft":"0","rowPaddingRight":"0"},"video":{"rowBgVideoEnable":"false","rowBgVideoLoop":"loop","rowVideoMpfour":"","rowVideoWebM":"","rowVideoThumb":""},"customStyling":"/* Insert your custom CSS here. */","customJS":"/* Insert your JS codes here. */"},"column1":{"colWidgets":[{"widgetType":"wigt-pb-text","widgetStyling":"/* Custom CSS for widget here. */","widgetMtop":"0","widgetMleft":"0","widgetMbottom":"0","widgetMright":"0","widgetPtop":"0","widgetPleft":"0","widgetPbottom":"0","widgetPright":"0","widgetBgColor":"transparent","widgetAnimation":"","widgetBorderWidth":"","widgetBorderStyle":"","widgetBorderColor":"","widgetBoxShadowH":"","widgetBoxShadowV":"","widgetBoxShadowBlur":"","widgetBoxShadowColor":"","widgetText":{"widgetTextContent":"Newsletter","widgetTextAlignment":"center","widgetTextTag":"h2","widgetTextColor":"#03a9f4","widgetTextSize":"36","widgetTextFamily":"Allerta","widgetTextWeight":"200","widgetTextTransform":"uppercase"}},{"widgetType":"wigt-pb-text","widgetStyling":"/* Custom CSS for widget here. */","widgetMtop":"0","widgetMleft":"0","widgetMbottom":"0","widgetMright":"0","widgetPtop":"0","widgetPleft":"0","widgetPbottom":"0","widgetPright":"0","widgetBgColor":"transparent","widgetAnimation":"","widgetBorderWidth":"","widgetBorderStyle":"","widgetBorderColor":"","widgetBoxShadowH":"","widgetBoxShadowV":"","widgetBoxShadowBlur":"","widgetBoxShadowColor":"","widgetText":{"widgetTextContent":"New Blog Posts delivered to your inbox instantly.","widgetTextAlignment":"center","widgetTextTag":"h2","widgetTextColor":"#474747","widgetTextSize":"17","widgetTextFamily":"Select","widgetTextWeight":"100","widgetTextTransform":"none"}},{"widgetType":"wigt-pb-form","widgetStyling":"/* Custom CSS for widget here. */","widgetMtop":"2","widgetMleft":"30","widgetMbottom":"2","widgetMright":"30","widgetPtop":"0","widgetPleft":"0","widgetPbottom":"0","widgetPright":"0","widgetBgColor":"transparent","widgetAnimation":"","widgetBorderWidth":"","widgetBorderStyle":"","widgetBorderColor":"","widgetBoxShadowH":"","widgetBoxShadowV":"","widgetBoxShadowBlur":"","widgetBoxShadowColor":"","widgetSubscribeForm":{"pbFormID":"ulpb_form2159","formLayout":"inline","showNameField":"none","successAction":"showMessage","successURL":"","successMessage":"Thanks for subscribing! Please check your email for further instructions.","formBtnText":"Subscribe","formBtnHeight":"20","formBtnWidth":"40","formBtnBgColor":"#f77924","formBtnColor":"#ffffff","formBtnHoverBgColor":"#d9534f","formBtnFontSize":"15","formBtnBorderWidth":"0","formBtnBorderColor":"#d9534f","formBtnBorderRadius":"0","formDataSaveType":"database"}}],"columnOptions":{"bg_color":"transparent","margin":{"columnMarginTop":"0","columnMarginBottom":"0","columnMarginLeft":"0","columnMarginRight":"0"},"padding":{"columnPaddingTop":"0","columnPaddingBottom":"0","columnPaddingLeft":"0","columnPaddingRight":"0"},"width":"100.00","columnCSS":"/* Add column custom styling here */"}},"column2":{"columnOptions":{"bg_color":"transparent","margin":{"columnMarginTop":"0","columnMarginBottom":"0","columnMarginLeft":"0","columnMarginRight":"0"},"padding":{"columnPaddingTop":"0","columnPaddingBottom":"0","columnPaddingLeft":"0","columnPaddingRight":"0"},"width":"","columnCSS":"/* Add column custom styling here */"}},"column3":{"columnOptions":{"bg_color":"transparent","margin":{"columnMarginTop":"0","columnMarginBottom":"0","columnMarginLeft":"0","columnMarginRight":"0"},"padding":{"columnPaddingTop":"0","columnPaddingBottom":"0","columnPaddingLeft":"0","columnPaddingRight":"0"},"width":"","columnCSS":"/* Add column custom styling here */"}},"column4":{"columnOptions":{"bg_color":"transparent","margin":{"columnMarginTop":"0","columnMarginBottom":"0","columnMarginLeft":"0","columnMarginRight":"0"},"padding":{"columnPaddingTop":"0","columnPaddingBottom":"0","columnPaddingLeft":"0","columnPaddingRight":"0"},"width":"","columnCSS":"/* Add column custom styling here */"}},"column5":{"columnOptions":{"bg_color":"transparent","margin":{"columnMarginTop":"0","columnMarginBottom":"0","columnMarginLeft":"0","columnMarginRight":"0"},"padding":{"columnPaddingTop":"0","columnPaddingBottom":"0","columnPaddingLeft":"0","columnPaddingRight":"0"},"width":"","columnCSS":"/* Add column custom styling here */"}},"column6":{"columnOptions":{"bg_color":"transparent","margin":{"columnMarginTop":"0","columnMarginBottom":"0","columnMarginLeft":"0","columnMarginRight":"0"},"padding":{"columnPaddingTop":"0","columnPaddingBottom":"0","columnPaddingLeft":"0","columnPaddingRight":"0"},"width":"","columnCSS":"/* Add column custom styling here */"}},"column7":{"columnOptions":{"bg_color":"transparent","margin":{"columnMarginTop":"0","columnMarginBottom":"0","columnMarginLeft":"0","columnMarginRight":"0"},"padding":{"columnPaddingTop":"0","columnPaddingBottom":"0","columnPaddingLeft":"0","columnPaddingRight":"0"},"width":"","columnCSS":"/* Add column custom styling here */"}},"column8":{"columnOptions":{"bg_color":"transparent","margin":{"columnMarginTop":"0","columnMarginBottom":"0","columnMarginLeft":"0","columnMarginRight":"0"},"padding":{"columnPaddingTop":"0","columnPaddingBottom":"0","columnPaddingLeft":"0","columnPaddingRight":"0"},"width":"","columnCSS":"/* Add column custom styling here */"}}},{"rowID":"ulpb_Row88067","rowHeight":"30","columns":"2","columnsDivRule":"none","rowData":{"bg_color":"#262626","bg_img":"","margin":{"rowMarginTop":"0","rowMarginBottom":"0","rowMarginLeft":"0","rowMarginRight":"0"},"padding":{"rowPaddingTop":"0","rowPaddingBottom":"0","rowPaddingLeft":"0","rowPaddingRight":"0"},"video":{"rowBgVideoEnable":"false","rowBgVideoLoop":"loop","rowVideoMpfour":"","rowVideoWebM":"","rowVideoThumb":""},"customStyling":"/* Insert your custom CSS here. */","customJS":"/* Insert your JS codes here. */"},"column1":{"colWidgets":[{"widgetType":"wigt-pb-iconList","widgetStyling":"/* Custom CSS for widget here. */","widgetMtop":"0","widgetMleft":"30","widgetMbottom":"0","widgetMright":"0","widgetPtop":"0","widgetPleft":"0","widgetPbottom":"0","widgetPright":"0","widgetBgColor":"transparent","widgetAnimation":"","widgetBorderWidth":"","widgetBorderStyle":"","widgetBorderColor":"","widgetBoxShadowH":"","widgetBoxShadowV":"","widgetBoxShadowBlur":"","widgetBoxShadowColor":"","widgetIconList":{"iconListComplete":[{"iconListItemText":"+123 456 897","iconListItemIcon":"fa-phone","iconListItemLink":"","iconListItemLinkOpen":"_blank"}],"iconListLineHeight":"55","iconListAlignment":"left","iconListIconSize":"14","iconListIconColor":"#ffffff","iconListTextSize":"15","iconListTextIndent":"15","iconListTextColor":"#ffffff"}}],"columnOptions":{"bg_color":"transparent","margin":{"columnMarginTop":"0","columnMarginBottom":"0","columnMarginLeft":"0","columnMarginRight":"0"},"padding":{"columnPaddingTop":"0","columnPaddingBottom":"0","columnPaddingLeft":"0","columnPaddingRight":"0"},"width":"49.01","columnCSS":"/* Add column custom styling here */"}},"column2":{"colWidgets":[{"widgetType":"wigt-pb-iconList","widgetStyling":"/* Custom CSS for widget here. */","widgetMtop":"0","widgetMleft":"30","widgetMbottom":"0","widgetMright":"0","widgetPtop":"0","widgetPleft":"0","widgetPbottom":"0","widgetPright":"0","widgetBgColor":"transparent","widgetAnimation":"","widgetBorderWidth":"","widgetBorderStyle":"","widgetBorderColor":"","widgetBoxShadowH":"","widgetBoxShadowV":"","widgetBoxShadowBlur":"","widgetBoxShadowColor":"","widgetIconList":{"iconListComplete":[{"iconListItemText":"Email : mail@example.com","iconListItemIcon":"fa-envelope","iconListItemLink":"","iconListItemLinkOpen":"_blank"}],"iconListLineHeight":"55","iconListAlignment":"left","iconListIconSize":"14","iconListIconColor":"#ffffff","iconListTextSize":"15","iconListTextIndent":"15","iconListTextColor":"#ffffff"}}],"columnOptions":{"bg_color":"transparent","margin":{"columnMarginTop":"0","columnMarginBottom":"0","columnMarginLeft":"0","columnMarginRight":"0"},"padding":{"columnPaddingTop":"0","columnPaddingBottom":"0","columnPaddingLeft":"0","columnPaddingRight":"0"},"width":"49.01","columnCSS":"/* Add column custom styling here */"}},"column3":{"columnOptions":{"bg_color":"transparent","margin":{"columnMarginTop":"0","columnMarginBottom":"0","columnMarginLeft":"0","columnMarginRight":"0"},"padding":{"columnPaddingTop":"0","columnPaddingBottom":"0","columnPaddingLeft":"0","columnPaddingRight":"0"},"width":"","columnCSS":"/* Add column custom styling here */"}},"column4":{"columnOptions":{"bg_color":"transparent","margin":{"columnMarginTop":"0","columnMarginBottom":"0","columnMarginLeft":"0","columnMarginRight":"0"},"padding":{"columnPaddingTop":"0","columnPaddingBottom":"0","columnPaddingLeft":"0","columnPaddingRight":"0"},"width":"","columnCSS":"/* Add column custom styling here */"}},"column5":{"columnOptions":{"bg_color":"transparent","margin":{"columnMarginTop":"0","columnMarginBottom":"0","columnMarginLeft":"0","columnMarginRight":"0"},"padding":{"columnPaddingTop":"0","columnPaddingBottom":"0","columnPaddingLeft":"0","columnPaddingRight":"0"},"width":"","columnCSS":"/* Add column custom styling here */"}},"column6":{"columnOptions":{"bg_color":"transparent","margin":{"columnMarginTop":"0","columnMarginBottom":"0","columnMarginLeft":"0","columnMarginRight":"0"},"padding":{"columnPaddingTop":"0","columnPaddingBottom":"0","columnPaddingLeft":"0","columnPaddingRight":"0"},"width":"","columnCSS":"/* Add column custom styling here */"}},"column7":{"columnOptions":{"bg_color":"transparent","margin":{"columnMarginTop":"0","columnMarginBottom":"0","columnMarginLeft":"0","columnMarginRight":"0"},"padding":{"columnPaddingTop":"0","columnPaddingBottom":"0","columnPaddingLeft":"0","columnPaddingRight":"0"},"width":"","columnCSS":"/* Add column custom styling here */"}},"column8":{"columnOptions":{"bg_color":"transparent","margin":{"columnMarginTop":"0","columnMarginBottom":"0","columnMarginLeft":"0","columnMarginRight":"0"},"padding":{"columnPaddingTop":"0","columnPaddingBottom":"0","columnPaddingLeft":"0","columnPaddingRight":"0"},"width":"","columnCSS":"/* Add column custom styling here */"}}},{"rowID":"ulpb_Row88218","rowHeight":"200","columns":"4","columnsDivRule":"none","rowData":{"bg_color":"#262626","bg_img":"","margin":{"rowMarginTop":"0","rowMarginBottom":"0","rowMarginLeft":"0","rowMarginRight":"0"},"padding":{"rowPaddingTop":"4","rowPaddingBottom":"4","rowPaddingLeft":"15","rowPaddingRight":"15"},"video":{"rowBgVideoEnable":"false","rowBgVideoLoop":"loop","rowVideoMpfour":"","rowVideoWebM":"","rowVideoThumb":""},"customStyling":"/* Insert your custom CSS here. */","customJS":"/* Insert your JS codes here. */"},"column1":{"colWidgets":[{"widgetType":"wigt-pb-text","widgetStyling":"/* Custom CSS for widget here. */","widgetMtop":"0","widgetMleft":"0","widgetMbottom":"0","widgetMright":"0","widgetPtop":"0","widgetPleft":"0","widgetPbottom":"0","widgetPright":"0","widgetBgColor":"transparent","widgetAnimation":"","widgetBorderWidth":"","widgetBorderStyle":"","widgetBorderColor":"","widgetBoxShadowH":"","widgetBoxShadowV":"","widgetBoxShadowBlur":"","widgetBoxShadowColor":"","widgetText":{"widgetTextContent":"ABOUT US","widgetTextAlignment":"left","widgetTextTag":"p","widgetTextColor":"#ffffff","widgetTextSize":"18","widgetTextFamily":"select","widgetTextWeight":"200","widgetTextTransform":"uppercase"}},{"widgetType":"wigt-img","widgetStyling":"/* Custom CSS for widget here. */","widgetMtop":"0","widgetMleft":"0","widgetMbottom":"0","widgetMright":"0","widgetPtop":"0","widgetPleft":"0","widgetPbottom":"0","widgetPright":"0","widgetBgColor":"transparent","widgetAnimation":"","widgetBorderWidth":"","widgetBorderStyle":"","widgetBorderColor":"","widgetBoxShadowH":"","widgetBoxShadowV":"","widgetBoxShadowBlur":"","widgetBoxShadowColor":"","widgetImg":{"imgUrl":"https://images.unsplash.com/photo-1503564996084-7acb58ec325c?auto=format&fit=crop&w=1350&q=60&ixid=dW5zcGxhc2guY29tOzs7Ozs%3D","imgSize":"large","imgAlignment":"center","imgSizeCustomWidth":"","imgSizeCustomHeight":"","imgLightBox":"false","imgLink":""}}],"columnOptions":{"bg_color":"transparent","margin":{"columnMarginTop":"0","columnMarginBottom":"0","columnMarginLeft":"0","columnMarginRight":"0"},"padding":{"columnPaddingTop":"0","columnPaddingBottom":"0","columnPaddingLeft":"0","columnPaddingRight":"0"},"width":"17.20","columnCSS":"/* Add column custom styling here */"}},"column2":{"colWidgets":[{"widgetType":"wigt-WYSIWYG","widgetStyling":"/* Custom CSS for widget here. */","widgetMtop":"0","widgetMleft":"0","widgetMbottom":"0","widgetMright":"0","widgetPtop":"0","widgetPleft":"0","widgetPbottom":"0","widgetPright":"0","widgetBgColor":"transparent","widgetAnimation":"","widgetBorderWidth":"","widgetBorderStyle":"","widgetBorderColor":"","widgetBoxShadowH":"","widgetBoxShadowV":"","widgetBoxShadowBlur":"","widgetBoxShadowColor":"","widgetWYSIWYG":{"widgetContent":"<p>&nbsp;<br></p><p>&nbsp;<span style=\"color: rgb(115, 115, 115);\" data-mce-style=\"color: #737373;\">Suspendisse potenti. Pellentesque pulvinar tellus at est ullamcorper, at elementum nibh laoreet. Nunc id diam in nulla sollicitudin auctor. Donec elementum felis turpis, vel interdum libero congue non. Mauris non magna convallis</span></p>"}}],"columnOptions":{"bg_color":"transparent","margin":{"columnMarginTop":"0","columnMarginBottom":"0","columnMarginLeft":"2","columnMarginRight":"0"},"padding":{"columnPaddingTop":"0","columnPaddingBottom":"0","columnPaddingLeft":"0","columnPaddingRight":"0"},"width":"24.00","columnCSS":"/* Add column custom styling here */"}},"column3":{"colWidgets":[{"widgetType":"wigt-WYSIWYG","widgetStyling":"/* Custom CSS for widget here. */","widgetMtop":"0","widgetMleft":"0","widgetMbottom":"0","widgetMright":"0","widgetPtop":"0","widgetPleft":"0","widgetPbottom":"0","widgetPright":"0","widgetBgColor":"transparent","widgetAnimation":"","widgetBorderWidth":"","widgetBorderStyle":"","widgetBorderColor":"","widgetBoxShadowH":"","widgetBoxShadowV":"","widgetBoxShadowBlur":"","widgetBoxShadowColor":"","widgetWYSIWYG":{"widgetContent":"<h2><span style=\"color: rgb(255, 255, 255);\" data-mce-style=\"color: #ffffff;\">WE ARE SOCIAL</span></h2>"}},{"widgetType":"wigt-pb-icons","widgetStyling":"display:inline-block;\nwidth:20%;","widgetMtop":"6","widgetMleft":"0","widgetMbottom":"0","widgetMright":"0","widgetPtop":"0","widgetPleft":"0","widgetPbottom":"0","widgetPright":"0","widgetBgColor":"transparent","widgetAnimation":"","widgetBorderWidth":"","widgetBorderStyle":"","widgetBorderColor":"","widgetBoxShadowH":"","widgetBoxShadowV":"","widgetBoxShadowBlur":"","widgetBoxShadowColor":"","widgetIcons":{"pbSelectedIcon":"fa fa-facebook-official","pbIconSize":"30","pbIconRotation":"0","pbIconColor":"#ffffff","pbIconLink":""}},{"widgetType":"wigt-pb-icons","widgetStyling":"display:inline-block;\nwidth:20%;","widgetMtop":"6","widgetMleft":"0","widgetMbottom":"0","widgetMright":"0","widgetPtop":"0","widgetPleft":"0","widgetPbottom":"0","widgetPright":"0","widgetBgColor":"transparent","widgetAnimation":"","widgetBorderWidth":"","widgetBorderStyle":"","widgetBorderColor":"","widgetBoxShadowH":"","widgetBoxShadowV":"","widgetBoxShadowBlur":"","widgetBoxShadowColor":"","widgetIcons":{"pbSelectedIcon":"fa fa-twitter-square","pbIconSize":"30","pbIconRotation":"0","pbIconColor":"#ffffff","pbIconLink":""}},{"widgetType":"wigt-pb-icons","widgetStyling":"display:inline-block;\nwidth:20%;","widgetMtop":"6","widgetMleft":"0","widgetMbottom":"0","widgetMright":"0","widgetPtop":"0","widgetPleft":"0","widgetPbottom":"0","widgetPright":"0","widgetBgColor":"transparent","widgetAnimation":"","widgetBorderWidth":"","widgetBorderStyle":"","widgetBorderColor":"","widgetBoxShadowH":"","widgetBoxShadowV":"","widgetBoxShadowBlur":"","widgetBoxShadowColor":"","widgetIcons":{"pbSelectedIcon":"fa fa-youtube-square","pbIconSize":"30","pbIconRotation":"0","pbIconColor":"#ffffff","pbIconLink":""}},{"widgetType":"wigt-pb-icons","widgetStyling":"display:inline-block;\nwidth:20%;","widgetMtop":"6","widgetMleft":"0","widgetMbottom":"0","widgetMright":"0","widgetPtop":"0","widgetPleft":"0","widgetPbottom":"0","widgetPright":"0","widgetBgColor":"transparent","widgetAnimation":"","widgetBorderWidth":"","widgetBorderStyle":"","widgetBorderColor":"","widgetBoxShadowH":"","widgetBoxShadowV":"","widgetBoxShadowBlur":"","widgetBoxShadowColor":"","widgetIcons":{"pbSelectedIcon":"fa fa-linkedin-square","pbIconSize":"30","pbIconRotation":"0","pbIconColor":"#ffffff","pbIconLink":""}}],"columnOptions":{"bg_color":"transparent","margin":{"columnMarginTop":"0","columnMarginBottom":"0","columnMarginLeft":"0","columnMarginRight":"0"},"padding":{"columnPaddingTop":"0","columnPaddingBottom":"0","columnPaddingLeft":"0","columnPaddingRight":"0"},"width":"27.44","columnCSS":"/* Add column custom styling here */"}},"column4":{"colWidgets":[{"widgetType":"wigt-WYSIWYG","widgetStyling":"/* Custom CSS for widget here. */","widgetMtop":"0","widgetMleft":"0","widgetMbottom":"0","widgetMright":"0","widgetPtop":"0","widgetPleft":"0","widgetPbottom":"0","widgetPright":"0","widgetBgColor":"transparent","widgetAnimation":"","widgetBorderWidth":"","widgetBorderStyle":"","widgetBorderColor":"","widgetBoxShadowH":"","widgetBoxShadowV":"","widgetBoxShadowBlur":"","widgetBoxShadowColor":"","widgetWYSIWYG":{"widgetContent":"<p><span style=\"color: rgb(255, 255, 255); font-size: 14pt;\" data-mce-style=\"color: #ffffff; font-size: 14pt;\">CONTACT US</span></p>"}},{"widgetType":"wigt-pb-formBuilder","widgetStyling":"/* Custom CSS for widget here. */","widgetMtop":"0","widgetMleft":"0","widgetMbottom":"0","widgetMright":"0","widgetPtop":"0","widgetPleft":"0","widgetPbottom":"0","widgetPright":"0","widgetBgColor":"transparent","widgetAnimation":"","widgetBorderWidth":"","widgetBorderStyle":"","widgetBorderColor":"","widgetBoxShadowH":"","widgetBoxShadowV":"","widgetBoxShadowBlur":"","widgetBoxShadowColor":"","widgetFormBuilder":{"widgetPbFbFormFeilds":[{"fbFieldType":"text","thisFieldOptions":{"fbFieldLabel":"Name","fbFieldPlaceHolder":"Name","fbFieldRequired":"false","fbFieldWidth":"100","multiOptionFieldValues":"","fbtextareaRows":"5","displayFieldsInline":""}},{"fbFieldType":"email","thisFieldOptions":{"fbFieldLabel":"Email","fbFieldPlaceHolder":"Email","fbFieldRequired":"true","fbFieldWidth":"100","multiOptionFieldValues":"","fbtextareaRows":"5","displayFieldsInline":""}},{"fbFieldType":"textarea","thisFieldOptions":{"fbFieldLabel":"Message","fbFieldPlaceHolder":"Your Message","fbFieldRequired":"true","fbFieldWidth":"100","multiOptionFieldValues":"","fbtextareaRows":"5","displayFieldsInline":"inline-block"}}],"widgetPbFbFormFeildOptions":{"formBuilderFieldSize":"medium","formBuilderFieldLabelDisplay":"unset","formBuilderFieldBgColor":"#fff","formBuilderFieldColor":"#333","formBuilderFieldBorderColor":"#dddddd","formBuilderFieldBorderWidth":"1","formBuilderFieldBorderRadius":"3","formBuilderLabelSize":"18","formBuilderLabelColor":"#ffffff"},"widgetPbFbFormSubmitOptions":{"formBuilderBtnText":"SEND MESSAGE","formBuilderBtnSize":"medium","formBuilderBtnWidth":"100","formBuilderBtnBgColor":"rgba(51,51,51,0)","formBuilderBtnColor":"#ffffff","formBuilderBtnHoverBgColor":"#636363","formBuilderBtnHoverTextColor":"#efefef","formBuilderBtnFontSize":"19","formBuilderBtnBorderWidth":"2","formBuilderBtnBorderColor":"#ffffff","formBuilderBtnBorderRadius":"3","formBuilderBtnAlignment":"left"},"widgetPbFbFormEmailOptions":{"formEmailformName":"","formEmailTo":"example@gmail.com","formEmailSubject":"","formEmailFromEmail":"","formEmailName":"","formEmailFormat":"plain","formSuccessMessage":"The form was sent successfully!"},"widgetPbFbFormMailChimp":{"formBuilderEnableMailChimp":"","formBuilderMCAccountName":"","formBuilderMCApiKey":""}}}],"columnOptions":{"bg_color":"transparent","margin":{"columnMarginTop":"0","columnMarginBottom":"0","columnMarginLeft":"0","columnMarginRight":"0"},"padding":{"columnPaddingTop":"0","columnPaddingBottom":"0","columnPaddingLeft":"0","columnPaddingRight":"0"},"width":"26.75","columnCSS":"/* Add column custom styling here */"}},"column5":{"columnOptions":{"bg_color":"transparent","margin":{"columnMarginTop":"0","columnMarginBottom":"0","columnMarginLeft":"0","columnMarginRight":"0"},"padding":{"columnPaddingTop":"0","columnPaddingBottom":"0","columnPaddingLeft":"0","columnPaddingRight":"0"},"width":"","columnCSS":"/* Add column custom styling here */"}},"column6":{"columnOptions":{"bg_color":"transparent","margin":{"columnMarginTop":"0","columnMarginBottom":"0","columnMarginLeft":"0","columnMarginRight":"0"},"padding":{"columnPaddingTop":"0","columnPaddingBottom":"0","columnPaddingLeft":"0","columnPaddingRight":"0"},"width":"","columnCSS":"/* Add column custom styling here */"}},"column7":{"columnOptions":{"bg_color":"transparent","margin":{"columnMarginTop":"0","columnMarginBottom":"0","columnMarginLeft":"0","columnMarginRight":"0"},"padding":{"columnPaddingTop":"0","columnPaddingBottom":"0","columnPaddingLeft":"0","columnPaddingRight":"0"},"width":"","columnCSS":"/* Add column custom styling here */"}},"column8":{"columnOptions":{"bg_color":"transparent","margin":{"columnMarginTop":"0","columnMarginBottom":"0","columnMarginLeft":"0","columnMarginRight":"0"},"padding":{"columnPaddingTop":"0","columnPaddingBottom":"0","columnPaddingLeft":"0","columnPaddingRight":"0"},"width":"","columnCSS":"/* Add column custom styling here */"}}}]