[{"rowID":"ulpb_Row87266","rowHeight":"80","columns":"1","columnsDivRule":"none","rowData":{"bg_color":"transparent","bg_img":"","margin":{"rowMarginTop":"0","rowMarginBottom":"00","rowMarginLeft":"0","rowMarginRight":"0"},"padding":{"rowPaddingTop":"0","rowPaddingBottom":"00","rowPaddingLeft":"0","rowPaddingRight":"0"},"customStyling":"customStyling","customJS":"customJS"},"column1":{"colWidgets":[{"widgetType":"wigt-menu","widgetStyling":" ","widgetMtop":"0","widgetMleft":"0","widgetMbottom":"0","widgetMright":"0","widgetBgColor":"#ffffff","widgetWYSIWYG":{"widgetContent":"<p>Some Text<\/p>"},"widgetMenu":{"menuName":"Page Builder Demo","menuStyle":"menu-style-1","menuColor":"#3d3d3d"},"widgetImg":{"imgUrl":"\/","imgSize":"original","imgAlignment":"default"},"widgetForm":[],"widgetSlider":[],"widgetSform":[],"widgetPostSlider":[],"widgetTestimonialSlider":[],"widgetSocialFeed":{"socialFeedName":null},"widgetButton":{"btnText":"Click Me","btnLink":"https://pluginops.com/page-builder/?ref=LPBTempButton","btnTextColor":"#fff","btnFontSize":"","btnBgColor":"#333","btnWidth":"40","btnHeight":"20","btnHoverBgColor":"#222","btnBorderColor":"","btnBorderWidth":"","btnBorderRadius":"10","btnButtonAlignment":null},"widgetSubscribeForm":{"pbFormID":"ulpb_form6901","formLayout":"stacked","showNameField":"block","successAction":"showMessage","successURL":"","successMessage":"Thanks for subscribing! Please check your email for further instructions.","formBtnText":"Subscribe","formBtnHeight":"20","formBtnWidth":"40","formBtnBgColor":"#333","formBtnColor":"#fff","formBtnHoverBgColor":"#e3e3e3","formBtnFontSize":"16","formBtnBorderWidth":"1","formBtnBorderColor":"#111","formBtnBorderRadius":"5"},"widgetVideo":{"videoWebM":"","videoMpfour":"","videoThumb":"","vidAutoPlay":"no","vidLoop":"no","vidControls":"controls"},"widgetPBPostsSlider":{"psAutoplay":"false","psSlideDelay":"1","psSlideLoop":"true","psSlideTransition":"fade","psPostsNumber":"10","psDots":"true","psArrows":"true","psFtrImage":"true","psFtrImageSize":"medium","psExcerpt":"true","psReadMore":"false","psMoreLinkText":"Read More","psHeadingSize":"24","psTextAlignment":"left","psBgColor":"#333","psTxtColor":"#fff","psHeadingTxtColor":"#fff","psPostType":"post","psPostsOrderBy":"date","psPostsOrder":"Descending","psPostsFilterBy":"none","psFilterValue":" "}}],"columnOptions":{"bg_color":"transparent","margin":{"columnMarginTop":"0","columnMarginBottom":"0","columnMarginLeft":"0","columnMarginRight":"0"},"padding":{"columnPaddingTop":"0","columnPaddingBottom":"0","columnPaddingLeft":"0","columnPaddingRight":"0"},"width":"100.56"}},"column2":{"colWidgets":0,"columnOptions":{"bg_color":"transparent","margin":0,"padding":0,"width":" "}},"column3":{"colWidgets":0,"columnOptions":{"bg_color":"transparent","margin":0,"padding":0,"width":""}},"column4":{"colWidgets":0,"columnOptions":{"bg_color":"transparent","margin":0,"padding":0,"width":""}},"column5":{"colWidgets":0,"columnOptions":{"bg_color":"transparent","margin":0,"padding":0,"width":""}},"column6":{"colWidgets":0,"columnOptions":{"bg_color":"transparent","margin":0,"padding":0,"width":""}},"column7":{"colWidgets":0,"columnOptions":{"bg_color":"transparent","margin":0,"padding":0,"width":""}},"column8":{"colWidgets":0,"columnOptions":{"bg_color":"transparent","margin":0,"padding":0,"width":""}}},{"rowID":"ulpb_Row16055","rowHeight":"650","columns":"1","columnsDivRule":"none","rowData":{"bg_color":"#ffffff","bg_img":"http:\/\/smuzthemes.com\/wp-content\/uploads\/2017\/02\/original-2.jpg","margin":{"rowMarginTop":"0","rowMarginBottom":"0","rowMarginLeft":"0","rowMarginRight":"0"},"padding":{"rowPaddingTop":"0","rowPaddingBottom":"0","rowPaddingLeft":"0","rowPaddingRight":"0"},"customStyling":"customStyling","customJS":"customJS"},"column1":{"colWidgets":[{"widgetType":"wigt-WYSIWYG","widgetStyling":"\/*  Your  CSS here  *\/","widgetMtop":"8","widgetMleft":"0","widgetMbottom":"0","widgetMright":"0","widgetBgColor":"transparent","widgetWYSIWYG":{"widgetContent":"<h1 class=\"font_3\" style=\"text-align: center;\"><span class=\"color_11\" style=\"color: #ffffff;\">The Axe Group<\/span><\/h1>\n<h3 class=\"font_5\" style=\"text-align: center;\"><span class=\"color_11\" style=\"color: #ffffff;\">Financial Consulting. \u00a0Let Us Do the Math.<\/span><\/h3>"},"widgetMenu":{"menuName":"Select","menuStyle":"menu-style-1","menuColor":""},"widgetImg":{"imgUrl":"\/","imgSize":"original","imgAlignment":"default"},"widgetForm":[],"widgetSlider":[],"widgetSform":[],"widgetPostSlider":[],"widgetTestimonialSlider":[],"widgetSocialFeed":{"socialFeedName":null},"widgetButton":{"btnText":"Click Me","btnLink":"https://pluginops.com/page-builder/?ref=LPBTempButton","btnTextColor":"#fff","btnFontSize":"","btnBgColor":"#333","btnWidth":"40","btnHeight":"20","btnHoverBgColor":"#222","btnBorderColor":"","btnBorderWidth":"","btnBorderRadius":"10","btnButtonAlignment":null},"widgetSubscribeForm":{"pbFormID":"ulpb_form6901","formLayout":"stacked","showNameField":"block","successAction":"showMessage","successURL":"","successMessage":"Thanks for subscribing! Please check your email for further instructions.","formBtnText":"Subscribe","formBtnHeight":"20","formBtnWidth":"40","formBtnBgColor":"#333","formBtnColor":"#fff","formBtnHoverBgColor":"#e3e3e3","formBtnFontSize":"16","formBtnBorderWidth":"1","formBtnBorderColor":"#111","formBtnBorderRadius":"5"},"widgetVideo":{"videoWebM":"","videoMpfour":"","videoThumb":"","vidAutoPlay":"no","vidLoop":"no","vidControls":"controls"},"widgetPBPostsSlider":{"psAutoplay":"false","psSlideDelay":"1","psSlideLoop":"true","psSlideTransition":"fade","psPostsNumber":"10","psDots":"true","psArrows":"true","psFtrImage":"true","psFtrImageSize":"medium","psExcerpt":"true","psReadMore":"false","psMoreLinkText":"Read More","psHeadingSize":"24","psTextAlignment":"left","psBgColor":"#333","psTxtColor":"#fff","psHeadingTxtColor":"#fff","psPostType":"post","psPostsOrderBy":"date","psPostsOrder":"Descending","psPostsFilterBy":"none","psFilterValue":" "}},{"widgetType":"wigt-btn-gen","widgetStyling":" \/*  Your  CSS here  *\/","widgetMtop":"2","widgetMleft":"0","widgetMbottom":"0","widgetMright":"0","widgetBgColor":"transparent","widgetWYSIWYG":{"widgetContent":"<p>Some Text<\/p>"},"widgetMenu":{"menuName":"Select","menuStyle":"menu-style-1","menuColor":""},"widgetImg":{"imgUrl":"\/","imgSize":"original","imgAlignment":"default"},"widgetForm":[],"widgetSlider":[],"widgetSform":[],"widgetPostSlider":[],"widgetTestimonialSlider":[],"widgetSocialFeed":{"socialFeedName":null},"widgetButton":{"btnText":"Get Started","btnLink":"https://pluginops.com/page-builder/?ref=LPBTempButton","btnTextColor":"#fff","btnFontSize":"20","btnBgColor":"#f16876","btnWidth":"55","btnHeight":"15","btnHoverBgColor":"#222","btnBorderColor":"","btnBorderWidth":"0","btnBorderRadius":"0","btnButtonAlignment":"center"},"widgetSubscribeForm":{"pbFormID":"ulpb_form6901","formLayout":"stacked","showNameField":"block","successAction":"showMessage","successURL":"","successMessage":"Thanks for subscribing! Please check your email for further instructions.","formBtnText":"Subscribe","formBtnHeight":"20","formBtnWidth":"40","formBtnBgColor":"#333","formBtnColor":"#fff","formBtnHoverBgColor":"#e3e3e3","formBtnFontSize":"16","formBtnBorderWidth":"1","formBtnBorderColor":"#111","formBtnBorderRadius":"5"},"widgetVideo":{"videoWebM":"","videoMpfour":"","videoThumb":"","vidAutoPlay":"no","vidLoop":"no","vidControls":"controls"},"widgetPBPostsSlider":{"psAutoplay":"false","psSlideDelay":"1","psSlideLoop":"true","psSlideTransition":"fade","psPostsNumber":"10","psDots":"true","psArrows":"true","psFtrImage":"true","psFtrImageSize":"medium","psExcerpt":"true","psReadMore":"false","psMoreLinkText":"Read More","psHeadingSize":"24","psTextAlignment":"left","psBgColor":"#333","psTxtColor":"#fff","psHeadingTxtColor":"#fff","psPostType":"post","psPostsOrderBy":"date","psPostsOrder":"Descending","psPostsFilterBy":"none","psFilterValue":" "}}],"columnOptions":{"bg_color":"transparent","margin":{"columnMarginTop":"0","columnMarginBottom":"0","columnMarginLeft":"0","columnMarginRight":"0"},"padding":{"columnPaddingTop":"0","columnPaddingBottom":"0","columnPaddingLeft":"0","columnPaddingRight":"0"},"width":"100.56"}},"column2":{"colWidgets":0,"columnOptions":{"bg_color":"transparent","margin":0,"padding":0,"width":" "}},"column3":{"colWidgets":0,"columnOptions":{"bg_color":"transparent","margin":0,"padding":0,"width":""}},"column4":{"colWidgets":0,"columnOptions":{"bg_color":"transparent","margin":0,"padding":0,"width":""}},"column5":{"colWidgets":0,"columnOptions":{"bg_color":"transparent","margin":0,"padding":0,"width":""}},"column6":{"colWidgets":0,"columnOptions":{"bg_color":"transparent","margin":0,"padding":0,"width":""}},"column7":{"colWidgets":0,"columnOptions":{"bg_color":"transparent","margin":0,"padding":0,"width":""}},"column8":{"colWidgets":0,"columnOptions":{"bg_color":"transparent","margin":0,"padding":0,"width":""}}},{"rowID":"ulpb_Row161665","rowHeight":"400","columns":"2","columnsDivRule":"none","rowData":{"bg_color":"#ffffff","bg_img":"","margin":{"rowMarginTop":"0","rowMarginBottom":"0","rowMarginLeft":"0","rowMarginRight":"0"},"padding":{"rowPaddingTop":"3","rowPaddingBottom":"3","rowPaddingLeft":"0","rowPaddingRight":"0"},"video":{"rowBgVideoEnable":null,"rowBgVideoLoop":null,"rowVideoMpfour":"","rowVideoWebM":"","rowVideoThumb":""},"customStyling":"customStyling","customJS":"customJS"},"column1":{"colWidgets":[{"widgetType":"wigt-img","widgetStyling":" \/*  Your  CSS here  *\/","widgetMtop":"5","widgetMleft":"2","widgetMbottom":"5","widgetMright":"10","widgetBgColor":"transparent","widgetAnimation":null,"widgetWYSIWYG":{"widgetContent":"<p>Some Text<\/p>"},"widgetMenu":{"menuName":"Select","menuStyle":"menu-style-1","menuColor":""},"widgetImg":{"imgUrl":"http:\/\/smuzthemes.com\/wp-content\/uploads\/2017\/02\/PIE-CHART.png","imgSize":"medium","imgAlignment":"right"},"widgetForm":{"formName":null},"widgetSlider":[],"widgetSform":[],"widgetPostSlider":[],"widgetTestimonialSlider":{"testimonialSliderName":null},"widgetSocialFeed":[],"widgetButton":{"btnText":"Click Me","btnLink":"https://pluginops.com/page-builder/?ref=LPBTempButton","btnTextColor":"#fff","btnFontSize":"","btnBgColor":"#333","btnWidth":"40","btnHeight":"20","btnHoverBgColor":"#222","btnBorderColor":"","btnBorderWidth":"","btnBorderRadius":"10","btnButtonAlignment":null},"widgetSubscribeForm":{"pbFormID":"ulpb_form6901","formLayout":"stacked","showNameField":"block","successAction":"showMessage","successURL":"","successMessage":"Thanks for subscribing! Please check your email for further instructions.","formBtnText":"Subscribe","formBtnHeight":"20","formBtnWidth":"40","formBtnBgColor":"#333","formBtnColor":"#fff","formBtnHoverBgColor":"#e3e3e3","formBtnFontSize":"16","formBtnBorderWidth":"1","formBtnBorderColor":"#111","formBtnBorderRadius":"5"},"widgetVideo":{"videoWebM":"","videoMpfour":"","videoThumb":"","vidAutoPlay":"no","vidLoop":"no","vidControls":"controls"},"widgetPBPostsSlider":{"psAutoplay":"false","psSlideDelay":"1","psSlideLoop":"true","psSlideTransition":"fade","psPostsNumber":"10","psDots":"true","psArrows":"true","psFtrImage":null,"psFtrImageSize":"medium","psExcerpt":null,"psReadMore":null,"psMoreLinkText":"Read More","psHeadingSize":"24","psTextAlignment":"left","psBgColor":"transparent","psTxtColor":"#fff","psHeadingTxtColor":"#fff","psPostType":"post","psPostsOrderBy":null,"psPostsOrder":"Descending","psPostsFilterBy":"none","psFilterValue":" "},"widgetIcons":{"pbSelectedIcon":"fa-archive","pbIconSize":"55","pbIconRotation":"0","pbIconColor":"#333"},"widgetCounter":{"pbCounterID":"ulpb_counter6123","counterStartingNumber":"0","counterEndingNumber":"100","counterNumberPrefix":"","counterNumberSuffix":"","counterAnimationTime":"1000","counterTitle":"Cool Counter","counterTextColor":"#333","counterTitleColor":"[object HTMLInputElement]","counterNumberFontSize":"36","counterTitleFontSize":"34"}}],"columnOptions":{"bg_color":"transparent","margin":{"columnMarginTop":"0","columnMarginBottom":"0","columnMarginLeft":"0","columnMarginRight":"0"},"padding":{"columnPaddingTop":"0","columnPaddingBottom":"00","columnPaddingLeft":"0","columnPaddingRight":"0"},"width":"50.47"}},"column2":{"colWidgets":[{"widgetType":"wigt-WYSIWYG","widgetStyling":" \/*  Your  CSS here  *\/","widgetMtop":"7","widgetMleft":"0","widgetMbottom":"5","widgetMright":"40","widgetBgColor":"transparent","widgetWYSIWYG":{"widgetContent":"<h3 style=\"text-align: left;\" data-mce-style=\"text-align: left;\">OUR SERVICES<\/h3><p>I'm a paragraph. Click here to add your own text and edit me. I\u2019m a great place for you to tell a story and let your users know a little more about you.<\/p>"},"widgetMenu":{"menuName":"Select","menuStyle":"menu-style-1","menuColor":""},"widgetImg":{"imgUrl":"\/","imgSize":"original","imgAlignment":"default"},"widgetForm":[],"widgetSlider":[],"widgetSform":[],"widgetPostSlider":[],"widgetTestimonialSlider":[],"widgetSocialFeed":{"socialFeedName":null},"widgetButton":{"btnText":"Click Me","btnLink":"https://pluginops.com/page-builder/?ref=LPBTempButton","btnTextColor":"#fff","btnFontSize":"","btnBgColor":"#333","btnWidth":"40","btnHeight":"20","btnHoverBgColor":"#222","btnBorderColor":"","btnBorderWidth":"","btnBorderRadius":"10","btnButtonAlignment":null},"widgetSubscribeForm":{"pbFormID":"ulpb_form6901","formLayout":"stacked","showNameField":"block","successAction":"showMessage","successURL":"","successMessage":"Thanks for subscribing! Please check your email for further instructions.","formBtnText":"Subscribe","formBtnHeight":"20","formBtnWidth":"40","formBtnBgColor":"#333","formBtnColor":"#fff","formBtnHoverBgColor":"#e3e3e3","formBtnFontSize":"16","formBtnBorderWidth":"1","formBtnBorderColor":"#111","formBtnBorderRadius":"5"},"widgetVideo":{"videoWebM":"","videoMpfour":"","videoThumb":"","vidAutoPlay":"no","vidLoop":"no","vidControls":"controls"},"widgetPBPostsSlider":{"psAutoplay":"false","psSlideDelay":"1","psSlideLoop":"true","psSlideTransition":"fade","psPostsNumber":"10","psDots":"true","psArrows":"true","psFtrImage":"true","psFtrImageSize":"medium","psExcerpt":"true","psReadMore":"false","psMoreLinkText":"Read More","psHeadingSize":"24","psTextAlignment":"left","psBgColor":"#333","psTxtColor":"#fff","psHeadingTxtColor":"#fff","psPostType":"post","psPostsOrderBy":"date","psPostsOrder":"Descending","psPostsFilterBy":"none","psFilterValue":" "}},{"widgetType":"wigt-btn-gen","widgetStyling":" \/*  Your  CSS here  *\/","widgetMtop":"0","widgetMleft":"20","widgetMbottom":"0","widgetMright":"0","widgetBgColor":"transparent","widgetWYSIWYG":{"widgetContent":"<p>Some Text<\/p>"},"widgetMenu":{"menuName":"Select","menuStyle":null,"menuColor":""},"widgetImg":{"imgUrl":"\/","imgSize":"original","imgAlignment":"default"},"widgetForm":{"formName":null},"widgetSlider":[],"widgetSform":[],"widgetPostSlider":[],"widgetTestimonialSlider":[],"widgetSocialFeed":[],"widgetButton":{"btnText":"Get Started","btnLink":"https://pluginops.com/page-builder/?ref=LPBTempButton","btnTextColor":"#fff","btnFontSize":"14","btnBgColor":"#f16876","btnWidth":"60","btnHeight":"15","btnHoverBgColor":"#222","btnBorderColor":"","btnBorderWidth":"0","btnBorderRadius":"3","btnButtonAlignment":null},"widgetSubscribeForm":{"pbFormID":"ulpb_form6901","formLayout":"stacked","showNameField":"block","successAction":"showMessage","successURL":"","successMessage":"Thanks for subscribing! Please check your email for further instructions.","formBtnText":"Subscribe","formBtnHeight":"20","formBtnWidth":"40","formBtnBgColor":"#333","formBtnColor":"#fff","formBtnHoverBgColor":"#e3e3e3","formBtnFontSize":"16","formBtnBorderWidth":"1","formBtnBorderColor":"#111","formBtnBorderRadius":"5"},"widgetVideo":{"videoWebM":"","videoMpfour":"","videoThumb":"","vidAutoPlay":"no","vidLoop":"no","vidControls":"controls"},"widgetPBPostsSlider":{"psAutoplay":"false","psSlideDelay":"1","psSlideLoop":"true","psSlideTransition":"fade","psPostsNumber":"10","psDots":"true","psArrows":"true","psFtrImage":"true","psFtrImageSize":"medium","psExcerpt":"true","psReadMore":"false","psMoreLinkText":"Read More","psHeadingSize":"24","psTextAlignment":"left","psBgColor":"#333","psTxtColor":"#fff","psHeadingTxtColor":"#fff","psPostType":"post","psPostsOrderBy":"date","psPostsOrder":"Descending","psPostsFilterBy":"none","psFilterValue":" "}}],"columnOptions":{"bg_color":"transparent","margin":{"columnMarginTop":"0","columnMarginBottom":"0","columnMarginLeft":"00","columnMarginRight":"0"},"padding":{"columnPaddingTop":"0","columnPaddingBottom":"00","columnPaddingLeft":"0","columnPaddingRight":"0"},"width":"48.98"}},"column3":{"colWidgets":0,"columnOptions":{"bg_color":"transparent","margin":0,"padding":0,"width":""}},"column4":{"colWidgets":0,"columnOptions":{"bg_color":"transparent","margin":0,"padding":0,"width":""}},"column5":{"colWidgets":0,"columnOptions":{"bg_color":"transparent","margin":0,"padding":0,"width":""}},"column6":{"colWidgets":0,"columnOptions":{"bg_color":"transparent","margin":0,"padding":0,"width":""}},"column7":{"colWidgets":0,"columnOptions":{"bg_color":"transparent","margin":0,"padding":0,"width":""}},"column8":{"colWidgets":0,"columnOptions":{"bg_color":"transparent","margin":0,"padding":0,"width":""}}},{"rowID":"ulpb_Row137794","rowHeight":"420","columns":"2","columnsDivRule":"none","rowData":{"bg_color":"#e8ecf8","bg_img":"","margin":{"rowMarginTop":"0","rowMarginBottom":"0","rowMarginLeft":"0","rowMarginRight":"0"},"padding":{"rowPaddingTop":"0","rowPaddingBottom":"0","rowPaddingLeft":"0","rowPaddingRight":"0"},"customStyling":"customStyling","customJS":"customJS"},"column1":{"colWidgets":[{"widgetType":"wigt-WYSIWYG","widgetStyling":" \/*  Your  CSS here  *\/","widgetMtop":"0","widgetMleft":"35","widgetMbottom":"0","widgetMright":"3","widgetBgColor":"transparent","widgetAnimation":null,"widgetWYSIWYG":{"widgetContent":"<h3 class=\"font_5\">OUR TEAM<\/h3><h6 class=\"font_6\">&nbsp;<\/h6><p class=\"font_7\">I'm a paragraph. Click here to add your own text and edit me. I\u2019m a great place for you to tell a story and let your users know a little more about you.<\/p>"},"widgetMenu":{"menuName":"Select","menuStyle":"menu-style-1","menuColor":""},"widgetImg":{"imgUrl":"\/","imgSize":"original","imgAlignment":"default"},"widgetForm":{"formName":null},"widgetSlider":[],"widgetSform":[],"widgetPostSlider":[],"widgetTestimonialSlider":{"testimonialSliderName":null},"widgetSocialFeed":[],"widgetButton":{"btnText":"Click Me","btnLink":"https://pluginops.com/page-builder/?ref=LPBTempButton","btnTextColor":"#fff","btnFontSize":"","btnBgColor":"#333","btnWidth":"40","btnHeight":"20","btnHoverBgColor":"#222","btnBorderColor":"","btnBorderWidth":"","btnBorderRadius":"10","btnButtonAlignment":null},"widgetSubscribeForm":{"pbFormID":"ulpb_form6901","formLayout":"stacked","showNameField":"block","successAction":"showMessage","successURL":"","successMessage":"Thanks for subscribing! Please check your email for further instructions.","formBtnText":"Subscribe","formBtnHeight":"20","formBtnWidth":"40","formBtnBgColor":"#333","formBtnColor":"#fff","formBtnHoverBgColor":"#e3e3e3","formBtnFontSize":"16","formBtnBorderWidth":"1","formBtnBorderColor":"#111","formBtnBorderRadius":"5"},"widgetVideo":{"videoWebM":"","videoMpfour":"","videoThumb":"","vidAutoPlay":"no","vidLoop":"no","vidControls":"controls"},"widgetPBPostsSlider":{"psAutoplay":"false","psSlideDelay":"1","psSlideLoop":"true","psSlideTransition":"fade","psPostsNumber":"10","psDots":"true","psArrows":"true","psFtrImage":null,"psFtrImageSize":"medium","psExcerpt":null,"psReadMore":null,"psMoreLinkText":"Read More","psHeadingSize":"24","psTextAlignment":"left","psBgColor":"transparent","psTxtColor":"#fff","psHeadingTxtColor":"#fff","psPostType":"post","psPostsOrderBy":null,"psPostsOrder":"Descending","psPostsFilterBy":"none","psFilterValue":" "},"widgetIcons":{"pbSelectedIcon":"fa-archive","pbIconSize":"55","pbIconRotation":"0","pbIconColor":"#333"},"widgetCounter":{"pbCounterID":"ulpb_counter6123","counterStartingNumber":"0","counterEndingNumber":"100","counterNumberPrefix":"","counterNumberSuffix":"","counterAnimationTime":"1000","counterTitle":"Cool Counter","counterTextColor":"#333","counterTitleColor":"[object HTMLInputElement]","counterNumberFontSize":"36","counterTitleFontSize":"34"}},{"widgetType":"wigt-btn-gen","widgetStyling":" \/*  Your  CSS here  *\/","widgetMtop":"0","widgetMleft":"35","widgetMbottom":"0","widgetMright":"3","widgetBgColor":"transparent","widgetAnimation":null,"widgetWYSIWYG":{"widgetContent":"<p>Some Text<\/p>"},"widgetMenu":{"menuName":"Select","menuStyle":"menu-style-1","menuColor":""},"widgetImg":{"imgUrl":"\/","imgSize":"original","imgAlignment":"default"},"widgetForm":{"formName":null},"widgetSlider":[],"widgetSform":[],"widgetPostSlider":[],"widgetTestimonialSlider":{"testimonialSliderName":null},"widgetSocialFeed":[],"widgetButton":{"btnText":"Get Started","btnLink":"https://pluginops.com/page-builder/?ref=LPBTempButton","btnTextColor":"#fff","btnFontSize":"14","btnBgColor":"#f16876","btnWidth":"60","btnHeight":"15","btnHoverBgColor":"#f16876","btnBorderColor":"","btnBorderWidth":"0","btnBorderRadius":"3","btnButtonAlignment":null},"widgetSubscribeForm":{"pbFormID":"ulpb_form6901","formLayout":"stacked","showNameField":"block","successAction":"showMessage","successURL":"","successMessage":"Thanks for subscribing! Please check your email for further instructions.","formBtnText":"Subscribe","formBtnHeight":"20","formBtnWidth":"40","formBtnBgColor":"#333","formBtnColor":"#fff","formBtnHoverBgColor":"#e3e3e3","formBtnFontSize":"16","formBtnBorderWidth":"1","formBtnBorderColor":"#111","formBtnBorderRadius":"5"},"widgetVideo":{"videoWebM":"","videoMpfour":"","videoThumb":"","vidAutoPlay":"no","vidLoop":"no","vidControls":"controls"},"widgetPBPostsSlider":{"psAutoplay":"false","psSlideDelay":"1","psSlideLoop":"true","psSlideTransition":"fade","psPostsNumber":"10","psDots":"true","psArrows":"true","psFtrImage":null,"psFtrImageSize":"medium","psExcerpt":null,"psReadMore":null,"psMoreLinkText":"Read More","psHeadingSize":"24","psTextAlignment":"left","psBgColor":"transparent","psTxtColor":"#fff","psHeadingTxtColor":"#fff","psPostType":"post","psPostsOrderBy":null,"psPostsOrder":"Descending","psPostsFilterBy":"none","psFilterValue":" "},"widgetIcons":{"pbSelectedIcon":"fa-archive","pbIconSize":"55","pbIconRotation":"0","pbIconColor":"#333"},"widgetCounter":{"pbCounterID":"ulpb_counter6123","counterStartingNumber":"0","counterEndingNumber":"100","counterNumberPrefix":"","counterNumberSuffix":"","counterAnimationTime":"1000","counterTitle":"Cool Counter","counterTextColor":"#333","counterTitleColor":"[object HTMLInputElement]","counterNumberFontSize":"36","counterTitleFontSize":"34"}}],"columnOptions":{"bg_color":"transparent","margin":{"columnMarginTop":"5","columnMarginBottom":"1.5","columnMarginLeft":"0","columnMarginRight":"0"},"padding":{"columnPaddingTop":"0","columnPaddingBottom":"0","columnPaddingLeft":"0","columnPaddingRight":"0"},"width":"49.91"}},"column2":{"colWidgets":[{"widgetType":"wigt-WYSIWYG","widgetStyling":" \/*  Your  CSS here  *\/","widgetMtop":"0","widgetMleft":"0","widgetMbottom":"0","widgetMright":"0","widgetBgColor":"transparent","widgetWYSIWYG":{"widgetContent":"<p><img class=\"alignnone \" src=\"http:\/\/smuzthemes.com\/wp-content\/uploads\/2017\/02\/our-team.png\" width=\"362\" height=\"376\" data-mce-src=\"http:\/\/smuzthemes.com\/wp-content\/uploads\/2017\/02\/our-team.png\"><\/p>"},"widgetMenu":{"menuName":"Select","menuStyle":"menu-style-1","menuColor":""},"widgetImg":{"imgUrl":"\/","imgSize":"original","imgAlignment":"default"},"widgetForm":[],"widgetSlider":[],"widgetSform":[],"widgetPostSlider":[],"widgetTestimonialSlider":[],"widgetSocialFeed":{"socialFeedName":null},"widgetButton":{"btnText":"Click Me","btnLink":"https://pluginops.com/page-builder/?ref=LPBTempButton","btnTextColor":"#fff","btnFontSize":"","btnBgColor":"#333","btnWidth":"40","btnHeight":"20","btnHoverBgColor":"#222","btnBorderColor":"","btnBorderWidth":"","btnBorderRadius":"10","btnButtonAlignment":null},"widgetSubscribeForm":{"pbFormID":"ulpb_form6901","formLayout":"stacked","showNameField":"block","successAction":"showMessage","successURL":"","successMessage":"Thanks for subscribing! Please check your email for further instructions.","formBtnText":"Subscribe","formBtnHeight":"20","formBtnWidth":"40","formBtnBgColor":"#333","formBtnColor":"#fff","formBtnHoverBgColor":"#e3e3e3","formBtnFontSize":"16","formBtnBorderWidth":"1","formBtnBorderColor":"#111","formBtnBorderRadius":"5"},"widgetVideo":{"videoWebM":"","videoMpfour":"","videoThumb":"","vidAutoPlay":"no","vidLoop":"no","vidControls":"controls"},"widgetPBPostsSlider":{"psAutoplay":"false","psSlideDelay":"1","psSlideLoop":"true","psSlideTransition":"fade","psPostsNumber":"10","psDots":"true","psArrows":"true","psFtrImage":"true","psFtrImageSize":"medium","psExcerpt":"true","psReadMore":"false","psMoreLinkText":"Read More","psHeadingSize":"24","psTextAlignment":"left","psBgColor":"#333","psTxtColor":"#fff","psHeadingTxtColor":"#fff","psPostType":"post","psPostsOrderBy":"date","psPostsOrder":"Descending","psPostsFilterBy":"none","psFilterValue":" "}}],"columnOptions":{"bg_color":"transparent","margin":{"columnMarginTop":"5","columnMarginBottom":"0","columnMarginLeft":"0","columnMarginRight":"0"},"padding":{"columnPaddingTop":"0","columnPaddingBottom":"0","columnPaddingLeft":"0","columnPaddingRight":"0"},"width":"49.84"}},"column3":{"colWidgets":0,"columnOptions":{"bg_color":"transparent","margin":0,"padding":0,"width":""}},"column4":{"colWidgets":0,"columnOptions":{"bg_color":"transparent","margin":0,"padding":0,"width":""}},"column5":{"colWidgets":0,"columnOptions":{"bg_color":"transparent","margin":0,"padding":0,"width":""}},"column6":{"colWidgets":0,"columnOptions":{"bg_color":"transparent","margin":0,"padding":0,"width":""}},"column7":{"colWidgets":0,"columnOptions":{"bg_color":"transparent","margin":0,"padding":0,"width":""}},"column8":{"colWidgets":0,"columnOptions":{"bg_color":"transparent","margin":0,"padding":0,"width":""}}},{"rowID":"ulpb_Row162321","rowHeight":"150","columns":"1","columnsDivRule":"none","rowData":{"bg_color":"#ffffff","bg_img":"","margin":{"rowMarginTop":"0","rowMarginBottom":"0","rowMarginLeft":"0","rowMarginRight":"0"},"padding":{"rowPaddingTop":"0","rowPaddingBottom":"0","rowPaddingLeft":"0","rowPaddingRight":"0"},"customStyling":"customStyling","customJS":"customJS"},"column1":{"colWidgets":[{"widgetType":"wigt-WYSIWYG","widgetStyling":" \/*  Your  CSS here  *\/","widgetMtop":"2","widgetMleft":"20","widgetMbottom":"2","widgetMright":"0","widgetBgColor":"transparent","widgetWYSIWYG":{"widgetContent":"<div id=\"comp-ihk87j25\" class=\"s2\" data-reactid=\".0.$SITE_ROOT.$desktop_siteRoot.$PAGES_CONTAINER.1.1.$SITE_PAGES.$c1dmp.1.$comp-ihk7otno.1.$mediair65a9sq25\/=1$mediair65a9sq25.1.$comp-ihk87j25\"><h2 class=\"font_5\">OUR CLIENTS<\/h2><\/div><div id=\"comp-ii6638hd\" class=\"s4\" data-align=\"center\" data-disabled=\"false\" data-margin=\"0\" data-should-use-flex=\"true\" data-state=\"desktop shouldUseFlex center\" data-reactid=\".0.$SITE_ROOT.$desktop_siteRoot.$PAGES_CONTAINER.1.1.$SITE_PAGES.$c1dmp.1.$comp-ihk7otno.1.$mediair65a9sq25\/=1$mediair65a9sq25.1.$comp-ii6638hd\" data-prev-text=\"Read More\" data-prev-min-width=\"84\" data-prev-width=\"146\">&nbsp;<\/div>"},"widgetMenu":{"menuName":"Select","menuStyle":"menu-style-1","menuColor":""},"widgetImg":{"imgUrl":"\/","imgSize":"original","imgAlignment":"default"},"widgetForm":[],"widgetSlider":[],"widgetSform":[],"widgetPostSlider":[],"widgetTestimonialSlider":[],"widgetSocialFeed":{"socialFeedName":null},"widgetButton":{"btnText":"Click Me","btnLink":"https://pluginops.com/page-builder/?ref=LPBTempButton","btnTextColor":"#fff","btnFontSize":"","btnBgColor":"#333","btnWidth":"40","btnHeight":"20","btnHoverBgColor":"#222","btnBorderColor":"","btnBorderWidth":"","btnBorderRadius":"10","btnButtonAlignment":null},"widgetSubscribeForm":{"pbFormID":"ulpb_form6901","formLayout":"stacked","showNameField":"block","successAction":"showMessage","successURL":"","successMessage":"Thanks for subscribing! Please check your email for further instructions.","formBtnText":"Subscribe","formBtnHeight":"20","formBtnWidth":"40","formBtnBgColor":"#333","formBtnColor":"#fff","formBtnHoverBgColor":"#e3e3e3","formBtnFontSize":"16","formBtnBorderWidth":"1","formBtnBorderColor":"#111","formBtnBorderRadius":"5"}}],"columnOptions":{"bg_color":"transparent","margin":{"columnMarginTop":"0","columnMarginBottom":"0","columnMarginLeft":"0","columnMarginRight":"0"},"padding":{"columnPaddingTop":"0","columnPaddingBottom":"0","columnPaddingLeft":"0","columnPaddingRight":"0"},"width":"99.32"}},"column2":{"colWidgets":0,"columnOptions":{"bg_color":"transparent","margin":0,"padding":0,"width":" "}},"column3":{"colWidgets":0,"columnOptions":{"bg_color":"transparent","margin":0,"padding":0,"width":""}},"column4":{"colWidgets":0,"columnOptions":{"bg_color":"transparent","margin":0,"padding":0,"width":""}},"column5":{"colWidgets":0,"columnOptions":{"bg_color":"transparent","margin":0,"padding":0,"width":""}},"column6":{"colWidgets":0,"columnOptions":{"bg_color":"transparent","margin":0,"padding":0,"width":""}},"column7":{"colWidgets":0,"columnOptions":{"bg_color":"transparent","margin":0,"padding":0,"width":""}},"column8":{"colWidgets":0,"columnOptions":{"bg_color":"transparent","margin":0,"padding":0,"width":""}}},{"rowID":"ulpb_Row139375","rowHeight":"250","columns":"2","columnsDivRule":"none","rowData":{"bg_color":"#ffffff","bg_img":"","margin":{"rowMarginTop":"0","rowMarginBottom":"0","rowMarginLeft":"0","rowMarginRight":"0"},"padding":{"rowPaddingTop":"0","rowPaddingBottom":"0","rowPaddingLeft":"0","rowPaddingRight":"0"},"customStyling":"customStyling","customJS":"customJS"},"column1":{"colWidgets":[],"columnOptions":{"bg_color":"transparent","margin":{"columnMarginTop":"0","columnMarginBottom":"00","columnMarginLeft":"0","columnMarginRight":"0"},"padding":{"columnPaddingTop":"0","columnPaddingBottom":"00","columnPaddingLeft":"0","columnPaddingRight":"0"},"width":"25"}},"column2":{"colWidgets":[{"widgetType":"wigt-WYSIWYG","widgetStyling":" \/*  Your  CSS here  *\/","widgetMtop":"0","widgetMleft":"0","widgetMbottom":"0","widgetMright":"0","widgetBgColor":"transparent","widgetWYSIWYG":{"widgetContent":"<p>&nbsp;<br><\/p><p><img class=\"alignnone\" src=\"http:\/\/smuzthemes.com\/wp-content\/uploads\/2017\/02\/mindark_logo_grey.jpg\" width=\"233\" height=\"66\" data-mce-src=\"http:\/\/smuzthemes.com\/wp-content\/uploads\/2017\/02\/mindark_logo_grey.jpg\">&nbsp; &nbsp; &nbsp;<img class=\"alignnone \" src=\"http:\/\/smuzthemes.com\/wp-content\/uploads\/2017\/02\/casestudy-madisonreed-logo-grey.png\" width=\"199\" height=\"98\" data-mce-src=\"http:\/\/smuzthemes.com\/wp-content\/uploads\/2017\/02\/casestudy-madisonreed-logo-grey.png\">&nbsp; &nbsp; &nbsp;<img class=\"alignnone\" src=\"http:\/\/smuzthemes.com\/wp-content\/uploads\/2017\/02\/LifeFitnessgreylogo.png\" width=\"207\" height=\"34\" data-mce-src=\"http:\/\/smuzthemes.com\/wp-content\/uploads\/2017\/02\/LifeFitnessgreylogo.png\">&nbsp; &nbsp;<img class=\"alignnone\" src=\"http:\/\/smuzthemes.com\/wp-content\/uploads\/2017\/02\/10df64eb30af690c77a767c1a1849045.jpg\" width=\"201\" height=\"147\" data-mce-src=\"http:\/\/smuzthemes.com\/wp-content\/uploads\/2017\/02\/10df64eb30af690c77a767c1a1849045.jpg\"><\/p>"},"widgetMenu":{"menuName":"Select","menuStyle":"menu-style-1","menuColor":""},"widgetImg":{"imgUrl":"\/","imgSize":"original","imgAlignment":"default"},"widgetForm":[],"widgetSlider":[],"widgetSform":[],"widgetPostSlider":[],"widgetTestimonialSlider":[],"widgetSocialFeed":{"socialFeedName":null},"widgetButton":{"btnText":"Click Me","btnLink":"https://pluginops.com/page-builder/?ref=LPBTempButton","btnTextColor":"#fff","btnFontSize":"","btnBgColor":"#333","btnWidth":"40","btnHeight":"20","btnHoverBgColor":"#222","btnBorderColor":"","btnBorderWidth":"","btnBorderRadius":"10","btnButtonAlignment":null},"widgetSubscribeForm":{"pbFormID":"ulpb_form6901","formLayout":"stacked","showNameField":"block","successAction":"showMessage","successURL":"","successMessage":"Thanks for subscribing! Please check your email for further instructions.","formBtnText":"Subscribe","formBtnHeight":"20","formBtnWidth":"40","formBtnBgColor":"#333","formBtnColor":"#fff","formBtnHoverBgColor":"#e3e3e3","formBtnFontSize":"16","formBtnBorderWidth":"1","formBtnBorderColor":"#111","formBtnBorderRadius":"5"},"widgetVideo":{"videoWebM":"","videoMpfour":"","videoThumb":"","vidAutoPlay":"no","vidLoop":"no","vidControls":"controls"},"widgetPBPostsSlider":{"psAutoplay":"false","psSlideDelay":"1","psSlideLoop":"true","psSlideTransition":"fade","psPostsNumber":"10","psDots":"true","psArrows":"true","psFtrImage":"true","psFtrImageSize":"medium","psExcerpt":"true","psReadMore":"false","psMoreLinkText":"Read More","psHeadingSize":"24","psTextAlignment":"left","psBgColor":"#333","psTxtColor":"#fff","psHeadingTxtColor":"#fff","psPostType":"post","psPostsOrderBy":"date","psPostsOrder":"Descending","psPostsFilterBy":"none","psFilterValue":" "}}],"columnOptions":{"bg_color":"transparent","margin":{"columnMarginTop":"0","columnMarginBottom":"00","columnMarginLeft":"0","columnMarginRight":"0"},"padding":{"columnPaddingTop":"0","columnPaddingBottom":"00","columnPaddingLeft":"0","columnPaddingRight":"0"},"width":"73"}},"column3":{"colWidgets":[],"columnOptions":{"bg_color":"transparent","margin":{"columnMarginTop":"0","columnMarginBottom":"0","columnMarginLeft":"0","columnMarginRight":"0"},"padding":{"columnPaddingTop":"0","columnPaddingBottom":"0","columnPaddingLeft":"0","columnPaddingRight":"0"},"width":"40"}},"column4":{"colWidgets":[],"columnOptions":{"bg_color":"transparent","margin":"0","padding":"0","width":"305"}},"column5":{"colWidgets":0,"columnOptions":{"bg_color":"transparent","margin":0,"padding":0,"width":""}},"column6":{"colWidgets":0,"columnOptions":{"bg_color":"transparent","margin":0,"padding":0,"width":""}},"column7":{"colWidgets":0,"columnOptions":{"bg_color":"transparent","margin":0,"padding":0,"width":""}},"column8":{"colWidgets":0,"columnOptions":{"bg_color":"transparent","margin":0,"padding":0,"width":""}}},{"rowID":"ulpb_Row177460","rowHeight":"150","columns":"1","columnsDivRule":"none","rowData":{"bg_color":"#ffffff","bg_img":"","margin":{"rowMarginTop":"0","rowMarginBottom":"00","rowMarginLeft":"0","rowMarginRight":"0"},"padding":{"rowPaddingTop":"0","rowPaddingBottom":"0","rowPaddingLeft":"0","rowPaddingRight":"0"},"customStyling":"customStyling","customJS":"customJS"},"column1":{"colWidgets":[{"widgetType":"wigt-btn-gen","widgetStyling":" \/*  Your  CSS here  *\/","widgetMtop":"2","widgetMleft":"20","widgetMbottom":"1","widgetMright":"0","widgetBgColor":"transparent","widgetWYSIWYG":{"widgetContent":"<p>Some Text<\/p>"},"widgetMenu":{"menuName":"Select","menuStyle":"menu-style-1","menuColor":""},"widgetImg":{"imgUrl":"\/","imgSize":"original","imgAlignment":"default"},"widgetForm":[],"widgetSlider":[],"widgetSform":[],"widgetPostSlider":[],"widgetTestimonialSlider":[],"widgetSocialFeed":{"socialFeedName":null},"widgetButton":{"btnText":"Click Me","btnLink":"https://pluginops.com/page-builder/?ref=LPBTempButton","btnTextColor":"#fff","btnFontSize":"16","btnBgColor":"#F16876","btnWidth":"60","btnHeight":"15","btnHoverBgColor":"#f16876","btnBorderColor":"","btnBorderWidth":"0","btnBorderRadius":"4","btnButtonAlignment":"left"},"widgetSubscribeForm":{"pbFormID":"ulpb_form6901","formLayout":"stacked","showNameField":"block","successAction":"showMessage","successURL":"","successMessage":"Thanks for subscribing! Please check your email for further instructions.","formBtnText":"Subscribe","formBtnHeight":"20","formBtnWidth":"40","formBtnBgColor":"#333","formBtnColor":"#fff","formBtnHoverBgColor":"#e3e3e3","formBtnFontSize":"16","formBtnBorderWidth":"1","formBtnBorderColor":"#111","formBtnBorderRadius":"5"},"widgetVideo":{"videoWebM":"","videoMpfour":"","videoThumb":"","vidAutoPlay":"no","vidLoop":"no","vidControls":"controls"},"widgetPBPostsSlider":{"psAutoplay":"false","psSlideDelay":"1","psSlideLoop":"true","psSlideTransition":"fade","psPostsNumber":"10","psDots":"true","psArrows":"true","psFtrImage":"true","psFtrImageSize":"medium","psExcerpt":"true","psReadMore":"false","psMoreLinkText":"Read More","psHeadingSize":"24","psTextAlignment":"left","psBgColor":"#333","psTxtColor":"#fff","psHeadingTxtColor":"#fff","psPostType":"post","psPostsOrderBy":"date","psPostsOrder":"Descending","psPostsFilterBy":"none","psFilterValue":" "}}],"columnOptions":{"bg_color":"transparent","margin":{"columnMarginTop":"0","columnMarginBottom":"0","columnMarginLeft":"0","columnMarginRight":"00"},"padding":{"columnPaddingTop":"0","columnPaddingBottom":"00","columnPaddingLeft":"0","columnPaddingRight":"0"},"width":"100"}},"column2":{"colWidgets":0,"columnOptions":{"bg_color":"transparent","margin":0,"padding":0,"width":" "}},"column3":{"colWidgets":0,"columnOptions":{"bg_color":"transparent","margin":0,"padding":0,"width":""}},"column4":{"colWidgets":0,"columnOptions":{"bg_color":"transparent","margin":0,"padding":0,"width":""}},"column5":{"colWidgets":0,"columnOptions":{"bg_color":"transparent","margin":0,"padding":0,"width":""}},"column6":{"colWidgets":0,"columnOptions":{"bg_color":"transparent","margin":0,"padding":0,"width":""}},"column7":{"colWidgets":0,"columnOptions":{"bg_color":"transparent","margin":0,"padding":0,"width":""}},"column8":{"colWidgets":0,"columnOptions":{"bg_color":"transparent","margin":0,"padding":0,"width":""}}},{"rowID":"ulpb_Row187934","rowHeight":"250","columns":"2","columnsDivRule":"none","rowData":{"bg_color":"#e8ecf8","bg_img":"","margin":{"rowMarginTop":"0","rowMarginBottom":"0","rowMarginLeft":"0","rowMarginRight":"0"},"padding":{"rowPaddingTop":"0","rowPaddingBottom":"0","rowPaddingLeft":"0","rowPaddingRight":"0"},"customStyling":"customStyling","customJS":"customJS"},"column1":{"colWidgets":[{"widgetType":"wigt-WYSIWYG","widgetStyling":" \/*  Your  CSS here  *\/","widgetMtop":"2.5","widgetMleft":"35","widgetMbottom":"0","widgetMright":"5","widgetBgColor":"transparent","widgetWYSIWYG":{"widgetContent":"<h3 class=\"font_5\">Need more details? Contact us<\/h3><p class=\"font_7\">We are here to assist. Contact us by phone, email or via our social media channels.<\/p>"},"widgetMenu":{"menuName":"Select","menuStyle":"menu-style-1","menuColor":""},"widgetImg":{"imgUrl":"\/","imgSize":"original","imgAlignment":"default"},"widgetForm":[],"widgetSlider":[],"widgetSform":[],"widgetPostSlider":[],"widgetTestimonialSlider":[],"widgetSocialFeed":{"socialFeedName":null},"widgetButton":{"btnText":"Click Me","btnLink":"https://pluginops.com/page-builder/?ref=LPBTempButton","btnTextColor":"#fff","btnFontSize":"","btnBgColor":"#333","btnWidth":"40","btnHeight":"20","btnHoverBgColor":"#222","btnBorderColor":"","btnBorderWidth":"","btnBorderRadius":"10","btnButtonAlignment":null},"widgetSubscribeForm":{"pbFormID":"ulpb_form6901","formLayout":"stacked","showNameField":"block","successAction":"showMessage","successURL":"","successMessage":"Thanks for subscribing! Please check your email for further instructions.","formBtnText":"Subscribe","formBtnHeight":"20","formBtnWidth":"40","formBtnBgColor":"#333","formBtnColor":"#fff","formBtnHoverBgColor":"#e3e3e3","formBtnFontSize":"16","formBtnBorderWidth":"1","formBtnBorderColor":"#111","formBtnBorderRadius":"5"},"widgetVideo":{"videoWebM":"","videoMpfour":"","videoThumb":"","vidAutoPlay":"no","vidLoop":"no","vidControls":"controls"},"widgetPBPostsSlider":{"psAutoplay":"false","psSlideDelay":"1","psSlideLoop":"true","psSlideTransition":"fade","psPostsNumber":"10","psDots":"true","psArrows":"true","psFtrImage":"true","psFtrImageSize":"medium","psExcerpt":"true","psReadMore":"false","psMoreLinkText":"Read More","psHeadingSize":"24","psTextAlignment":"left","psBgColor":"#333","psTxtColor":"#fff","psHeadingTxtColor":"#fff","psPostType":"post","psPostsOrderBy":"date","psPostsOrder":"Descending","psPostsFilterBy":"none","psFilterValue":" "}}],"columnOptions":{"bg_color":"transparent","margin":{"columnMarginTop":"0","columnMarginBottom":"0","columnMarginLeft":"0","columnMarginRight":"0"},"padding":{"columnPaddingTop":"0","columnPaddingBottom":"00","columnPaddingLeft":"0","columnPaddingRight":"0"},"width":"55.00"}},"column2":{"colWidgets":[{"widgetType":"wigt-btn-gen","widgetStyling":"\/*  Your  CSS here  *\/ ","widgetMtop":"5","widgetMleft":"25","widgetMbottom":"0","widgetMright":"0","widgetBgColor":"transparent","widgetAnimation":null,"widgetWYSIWYG":{"widgetContent":"<p>Some Text<\/p>"},"widgetMenu":{"menuName":"Select","menuStyle":"menu-style-1","menuColor":""},"widgetImg":{"imgUrl":"\/","imgSize":"original","imgAlignment":"default"},"widgetForm":{"formName":null},"widgetSlider":[],"widgetSform":[],"widgetPostSlider":[],"widgetTestimonialSlider":{"testimonialSliderName":null},"widgetSocialFeed":[],"widgetButton":{"btnText":"Contact Us","btnLink":"https://pluginops.com/page-builder/?ref=LPBTempButton","btnTextColor":"#fff","btnFontSize":"18","btnBgColor":"#f26573","btnWidth":"60","btnHeight":"15","btnHoverBgColor":"#f26573","btnBorderColor":"","btnBorderWidth":"0","btnBorderRadius":"0","btnButtonAlignment":"left"},"widgetSubscribeForm":{"pbFormID":"ulpb_form16844","formLayout":"stacked","showNameField":"block","successAction":"showMessage","successURL":"","successMessage":"Thanks for subscribing! Please check your email for further instructions.","formBtnText":"Subscribe","formBtnHeight":"20","formBtnWidth":"40","formBtnBgColor":"#333","formBtnColor":"#fff","formBtnHoverBgColor":"#e3e3e3","formBtnFontSize":"16","formBtnBorderWidth":"1","formBtnBorderColor":"#111","formBtnBorderRadius":"5"},"widgetVideo":{"videoWebM":"","videoMpfour":"","videoThumb":"","vidAutoPlay":"no","vidLoop":"no","vidControls":"controls"},"widgetPBPostsSlider":{"psAutoplay":"false","psSlideDelay":"1","psSlideLoop":"true","psSlideTransition":"fade","psPostsNumber":"10","psDots":"true","psArrows":"true","psFtrImage":null,"psFtrImageSize":"medium","psExcerpt":null,"psReadMore":null,"psMoreLinkText":"Read More","psHeadingSize":"24","psTextAlignment":"left","psBgColor":"transparent","psTxtColor":"#fff","psHeadingTxtColor":"#fff","psPostType":"post","psPostsOrderBy":null,"psPostsOrder":"Descending","psPostsFilterBy":"none","psFilterValue":" "},"widgetIcons":{"pbSelectedIcon":"fa-archive","pbIconSize":"55","pbIconRotation":"0","pbIconColor":"#333"},"widgetCounter":{"pbCounterID":"ulpb_counter6123","counterStartingNumber":"0","counterEndingNumber":"100","counterNumberPrefix":"","counterNumberSuffix":"","counterAnimationTime":"1000","counterTitle":"Cool Counter","counterTextColor":"#333","counterTitleColor":"[object HTMLInputElement]","counterNumberFontSize":"36","counterTitleFontSize":"34"}}],"columnOptions":{"bg_color":"transparent","margin":{"columnMarginTop":"0","columnMarginBottom":"0","columnMarginLeft":"00","columnMarginRight":"0"},"padding":{"columnPaddingTop":"0000","columnPaddingBottom":"00","columnPaddingLeft":"0","columnPaddingRight":"00"},"width":"44.32"}},"column3":{"colWidgets":0,"columnOptions":{"bg_color":"transparent","margin":0,"padding":0,"width":""}},"column4":{"colWidgets":0,"columnOptions":{"bg_color":"transparent","margin":0,"padding":0,"width":""}},"column5":{"colWidgets":0,"columnOptions":{"bg_color":"transparent","margin":0,"padding":0,"width":""}},"column6":{"colWidgets":0,"columnOptions":{"bg_color":"transparent","margin":0,"padding":0,"width":""}},"column7":{"colWidgets":0,"columnOptions":{"bg_color":"transparent","margin":0,"padding":0,"width":""}},"column8":{"colWidgets":0,"columnOptions":{"bg_color":"transparent","margin":0,"padding":0,"width":""}}},{"rowID":"ulpb_Row81569","rowHeight":"150","columns":"3","columnsDivRule":"none","rowData":{"bg_color":"#f0f0f0","bg_img":"","margin":{"rowMarginTop":"0","rowMarginBottom":"0","rowMarginLeft":"0","rowMarginRight":"0"},"padding":{"rowPaddingTop":"0","rowPaddingBottom":"00","rowPaddingLeft":"0","rowPaddingRight":"0"},"customStyling":"customStyling","customJS":"customJS"},"column1":{"colWidgets":[{"widgetType":"wigt-WYSIWYG","widgetStyling":" \/*  Your  CSS here  *\/","widgetMtop":"3","widgetMleft":"35","widgetMbottom":"0","widgetMright":"5","widgetBgColor":"transparent","widgetWYSIWYG":{"widgetContent":"<div id=\"comp-ihjalf3l\" class=\"s2\" data-reactid=\".0.$SITE_ROOT.$desktop_siteRoot.$SITE_FOOTER.1.1.$comp-ihjalf3l\"><p class=\"font_8\"><span style=\"color: rgb(128, 128, 128);\" data-mce-style=\"color: #808080;\">\u00a9 2050 by The Axe Group<\/span><\/p><\/div><div id=\"comp-ihjaml41\" class=\"s2\" data-reactid=\".0.$SITE_ROOT.$desktop_siteRoot.$SITE_FOOTER.1.1.$comp-ihjaml41\">&nbsp;<\/div>"},"widgetMenu":{"menuName":"Select","menuStyle":"menu-style-1","menuColor":""},"widgetImg":{"imgUrl":"\/","imgSize":"original","imgAlignment":"default"},"widgetForm":[],"widgetSlider":[],"widgetSform":[],"widgetPostSlider":[],"widgetTestimonialSlider":[],"widgetSocialFeed":{"socialFeedName":null},"widgetButton":{"btnText":"Click Me","btnLink":"https://pluginops.com/page-builder/?ref=LPBTempButton","btnTextColor":"#fff","btnFontSize":"","btnBgColor":"#333","btnWidth":"40","btnHeight":"20","btnHoverBgColor":"#222","btnBorderColor":"","btnBorderWidth":"","btnBorderRadius":"10","btnButtonAlignment":null},"widgetSubscribeForm":{"pbFormID":"ulpb_form6901","formLayout":"stacked","showNameField":"block","successAction":"showMessage","successURL":"","successMessage":"Thanks for subscribing! Please check your email for further instructions.","formBtnText":"Subscribe","formBtnHeight":"20","formBtnWidth":"40","formBtnBgColor":"#333","formBtnColor":"#fff","formBtnHoverBgColor":"#e3e3e3","formBtnFontSize":"16","formBtnBorderWidth":"1","formBtnBorderColor":"#111","formBtnBorderRadius":"5"}}],"columnOptions":{"bg_color":"transparent","margin":{"columnMarginTop":"0","columnMarginBottom":"00","columnMarginLeft":"0","columnMarginRight":"0"},"padding":{"columnPaddingTop":"0","columnPaddingBottom":"0","columnPaddingLeft":"0","columnPaddingRight":"0"},"width":"42.58"}},"column2":{"colWidgets":[],"columnOptions":{"bg_color":"transparent","margin":{"columnMarginTop":"000","columnMarginBottom":"0","columnMarginLeft":"0","columnMarginRight":"0"},"padding":{"columnPaddingTop":"00","columnPaddingBottom":"0","columnPaddingLeft":"00","columnPaddingRight":"0"},"width":"10.30"}},"column3":{"colWidgets":[{"widgetType":"wigt-WYSIWYG","widgetStyling":" \/*  Your  CSS here  *\/","widgetMtop":"3","widgetMleft":"2","widgetMbottom":"0","widgetMright":"0","widgetBgColor":"transparent","widgetWYSIWYG":{"widgetContent":"<div id=\"SITE_FOOTER\" class=\"s0_footer s0\" data-state=\" \" data-reactid=\".0.$SITE_ROOT.$desktop_siteRoot.$SITE_FOOTER\"><div id=\"SITE_FOOTERcenteredContent\" class=\"s0centeredContent\" data-reactid=\".0.$SITE_ROOT.$desktop_siteRoot.$SITE_FOOTER.1\"><div id=\"SITE_FOOTERinlineContent\" class=\"s0inlineContent\" data-reactid=\".0.$SITE_ROOT.$desktop_siteRoot.$SITE_FOOTER.1.1\"><div id=\"comp-ihjaml41\" class=\"s2\" data-reactid=\".0.$SITE_ROOT.$desktop_siteRoot.$SITE_FOOTER.1.1.$comp-ihjaml41\"><p class=\"font_8\">Proudly created with <a data-mce-href=\"http:\/\/PluginOps.com\" href=\"http:\/\/PluginOps.com\">PluginOps.com<\/a><\/p><\/div><\/div><\/div><\/div><div id=\"SITE_HEADER\" class=\"s3\" data-state=\" fixedPosition\" data-reactid=\".0.$SITE_ROOT.$desktop_siteRoot.$SITE_HEADER\">&nbsp;<\/div>"},"widgetMenu":{"menuName":"Select","menuStyle":"menu-style-1","menuColor":""},"widgetImg":{"imgUrl":"\/","imgSize":"original","imgAlignment":"default"},"widgetForm":[],"widgetSlider":[],"widgetSform":[],"widgetPostSlider":[],"widgetTestimonialSlider":[],"widgetSocialFeed":{"socialFeedName":null},"widgetButton":{"btnText":"Click Me","btnLink":"https://pluginops.com/page-builder/?ref=LPBTempButton","btnTextColor":"#fff","btnFontSize":"","btnBgColor":"#333","btnWidth":"40","btnHeight":"20","btnHoverBgColor":"#222","btnBorderColor":"","btnBorderWidth":"","btnBorderRadius":"10","btnButtonAlignment":null},"widgetSubscribeForm":{"pbFormID":"ulpb_form6901","formLayout":"stacked","showNameField":"block","successAction":"showMessage","successURL":"","successMessage":"Thanks for subscribing! Please check your email for further instructions.","formBtnText":"Subscribe","formBtnHeight":"20","formBtnWidth":"40","formBtnBgColor":"#333","formBtnColor":"#fff","formBtnHoverBgColor":"#e3e3e3","formBtnFontSize":"16","formBtnBorderWidth":"1","formBtnBorderColor":"#111","formBtnBorderRadius":"5"},"widgetVideo":{"videoWebM":"","videoMpfour":"","videoThumb":"","vidAutoPlay":"no","vidLoop":"no","vidControls":"controls"},"widgetPBPostsSlider":{"psAutoplay":"false","psSlideDelay":"1","psSlideLoop":"true","psSlideTransition":"fade","psPostsNumber":"10","psDots":"true","psArrows":"true","psFtrImage":"true","psFtrImageSize":"medium","psExcerpt":"true","psReadMore":"false","psMoreLinkText":"Read More","psHeadingSize":"24","psTextAlignment":"left","psBgColor":"#333","psTxtColor":"#fff","psHeadingTxtColor":"#fff","psPostType":"post","psPostsOrderBy":"date","psPostsOrder":"Descending","psPostsFilterBy":"none","psFilterValue":" "}}],"columnOptions":{"bg_color":"transparent","margin":{"columnMarginTop":"0000","columnMarginBottom":"00","columnMarginLeft":"0","columnMarginRight":"00"},"padding":{"columnPaddingTop":"00","columnPaddingBottom":"0","columnPaddingLeft":"00","columnPaddingRight":"0"},"width":"46.31"}},"column4":{"colWidgets":0,"columnOptions":{"bg_color":"transparent","margin":0,"padding":0,"width":""}},"column5":{"colWidgets":0,"columnOptions":{"bg_color":"transparent","margin":0,"padding":0,"width":""}},"column6":{"colWidgets":0,"columnOptions":{"bg_color":"transparent","margin":0,"padding":0,"width":""}},"column7":{"colWidgets":0,"columnOptions":{"bg_color":"transparent","margin":0,"padding":0,"width":""}},"column8":{"colWidgets":0,"columnOptions":{"bg_color":"transparent","margin":0,"padding":0,"width":""}}}]