[{"rowID":"ulpb_Row96860","rowHeight":"500","columns":"1","columnsDivRule":"none","rowData":{"bg_color":"transparent","bg_img":"","margin":{"rowMarginTop":"0","rowMarginBottom":"0","rowMarginLeft":"0","rowMarginRight":"0"},"padding":{"rowPaddingTop":"0","rowPaddingBottom":"0","rowPaddingLeft":"25","rowPaddingRight":"25"},"video":{"rowBgVideoEnable":null,"rowBgVideoLoop":null,"rowVideoMpfour":"","rowVideoWebM":"","rowVideoThumb":""},"customStyling":"Insert your custom CSS here.","customJS":"Insert your JS codes here."},"column1":{"colWidgets":[{"widgetType":"wigt-img","widgetStyling":" ","widgetMtop":"0","widgetMleft":"0","widgetMbottom":"0","widgetMright":"0","widgetBgColor":"transparent","widgetAnimation":"none","widgetWYSIWYG":{"widgetContent":"<h1>Lorem ipsum dolor ismet</h1>"},"widgetMenu":{"menuName":"Select","menuColor":""},"widgetImg":{"imgUrl":"https://smuzthemes.com/wp-content/uploads/2017/02/dummy-logo.png","imgSize":"medium","imgAlignment":"center"},"widgetForm":[],"widgetSlider":[],"widgetSform":[],"widgetPostSlider":[],"widgetTestimonialSlider":[],"widgetSocialFeed":{"socialFeedName":"Select"},"widgetButton":{"btnText":"Click Me","btnLink":"https://pluginops.com/page-builder/?ref=LPBTempButton","btnTextColor":"#fff","btnFontSize":"","btnBgColor":"#333","btnWidth":"40","btnHeight":"20","btnHoverBgColor":"#222","btnBorderColor":"","btnBorderWidth":"","btnBorderRadius":"10","btnButtonAlignment":null},"widgetSubscribeForm":{"pbFormID":"ulpb_form12938","formLayout":"stacked","showNameField":"block","successAction":"showMessage","successURL":"","successMessage":"Thanks for subscribing! Please check your email for further instructions.","formBtnText":"Subscribe","formBtnHeight":"20","formBtnWidth":"40","formBtnBgColor":"#333","formBtnColor":"#fff","formBtnHoverBgColor":"#e3e3e3","formBtnFontSize":"16","formBtnBorderWidth":"1","formBtnBorderColor":"#111","formBtnBorderRadius":"5"},"widgetVideo":{"videoWebM":"","videoMpfour":"","videoThumb":"","vidAutoPlay":"no","vidLoop":"no","vidControls":"controls"},"widgetPBPostsSlider":{"psAutoplay":"false","psSlideDelay":"1","psSlideLoop":"true","psSlideTransition":"fade","psPostsNumber":"10","psDots":"true","psArrows":"true","psFtrImage":"true","psFtrImageSize":"medium","psExcerpt":"true","psReadMore":"false","psMoreLinkText":"Read More","psHeadingSize":"24","psTextAlignment":"left","psBgColor":"#333","psTxtColor":"#fff","psHeadingTxtColor":"#fff","psPostType":"post","psPostsOrderBy":"date","psPostsOrder":"Descending","psPostsFilterBy":"none","psFilterValue":" "},"widgetIcons":{"pbSelectedIcon":"fa-archive","pbIconSize":"55","pbIconRotation":"0","pbIconColor":"#333"},"widgetCounter":{"pbCounterID":"ulpb_counter13062","counterStartingNumber":"0","counterEndingNumber":"100","counterNumberPrefix":"","counterNumberSuffix":"","counterAnimationTime":"1000","counterTitle":"Cool Counter","counterTextColor":"#333","counterTitleColor":"#333","counterNumberFontSize":"36","counterTitleFontSize":"34"}},{"widgetType":"wigt-WYSIWYG","widgetStyling":" ","widgetMtop":"3","widgetMleft":"5","widgetMbottom":"0","widgetMright":"5","widgetBgColor":"transparent","widgetAnimation":"none","widgetWYSIWYG":{"widgetContent":"<h1>Lorem ipsum dolor ismet.</h1><p><span style=\"font-family: verdana, geneva, sans-serif;\" data-mce-style=\"font-family: verdana, geneva, sans-serif;\">Lorem ipsum dolor sit amet, consectetuer adipiscing elit. Aenean commodo ligula eget dolor. Aenean massa. Cum sociis natoque penatibus et magnis dis parturient montes, nascetur ridiculus mus. Donec quam felis, ultricies nec, pellentesque eu, pretium quis, sem. Nulla consequat massa quis enim.</span></p>"},"widgetMenu":{"menuName":"Select","menuColor":""},"widgetImg":{"imgUrl":"/","imgSize":"original","imgAlignment":"default"},"widgetForm":[],"widgetSlider":[],"widgetSform":[],"widgetPostSlider":[],"widgetTestimonialSlider":[],"widgetSocialFeed":{"socialFeedName":"Select"},"widgetButton":{"btnText":"Click Me","btnLink":"https://pluginops.com/page-builder/?ref=LPBTempButton","btnTextColor":"#fff","btnFontSize":"","btnBgColor":"#333","btnWidth":"40","btnHeight":"20","btnHoverBgColor":"#222","btnBorderColor":"","btnBorderWidth":"","btnBorderRadius":"10","btnButtonAlignment":null},"widgetSubscribeForm":{"pbFormID":"ulpb_form12938","formLayout":"stacked","showNameField":"block","successAction":"showMessage","successURL":"","successMessage":"Thanks for subscribing! Please check your email for further instructions.","formBtnText":"Subscribe","formBtnHeight":"20","formBtnWidth":"40","formBtnBgColor":"#333","formBtnColor":"#fff","formBtnHoverBgColor":"#e3e3e3","formBtnFontSize":"16","formBtnBorderWidth":"1","formBtnBorderColor":"#111","formBtnBorderRadius":"5"},"widgetVideo":{"videoWebM":"","videoMpfour":"","videoThumb":"","vidAutoPlay":"no","vidLoop":"no","vidControls":"controls"},"widgetPBPostsSlider":{"psAutoplay":"false","psSlideDelay":"1","psSlideLoop":"true","psSlideTransition":"fade","psPostsNumber":"10","psDots":"true","psArrows":"true","psFtrImage":"true","psFtrImageSize":"medium","psExcerpt":"true","psReadMore":"false","psMoreLinkText":"Read More","psHeadingSize":"24","psTextAlignment":"left","psBgColor":"#333","psTxtColor":"#fff","psHeadingTxtColor":"#fff","psPostType":"post","psPostsOrderBy":"date","psPostsOrder":"Descending","psPostsFilterBy":"none","psFilterValue":" "},"widgetIcons":{"pbSelectedIcon":"fa-archive","pbIconSize":"55","pbIconRotation":"0","pbIconColor":"#333"},"widgetCounter":{"pbCounterID":"ulpb_counter13062","counterStartingNumber":"0","counterEndingNumber":"100","counterNumberPrefix":"","counterNumberSuffix":"","counterAnimationTime":"1000","counterTitle":"Cool Counter","counterTextColor":"#333","counterTitleColor":"#333","counterNumberFontSize":"36","counterTitleFontSize":"34"}},{"widgetType":"wigt-pb-form","widgetStyling":" ","widgetMtop":"0","widgetMleft":"10","widgetMbottom":"3","widgetMright":"10","widgetBgColor":"transparent","widgetAnimation":"none","widgetWYSIWYG":{"widgetContent":"[ssm_form id='422']"},"widgetMenu":{"menuName":"Select","menuColor":""},"widgetImg":{"imgUrl":"/","imgSize":"original","imgAlignment":"default"},"widgetForm":[],"widgetSlider":[],"widgetSform":[],"widgetPostSlider":[],"widgetTestimonialSlider":[],"widgetSocialFeed":{"socialFeedName":"Select"},"widgetButton":{"btnText":"Click Me","btnLink":"https://pluginops.com/page-builder/?ref=LPBTempButton","btnTextColor":"#fff","btnFontSize":"","btnBgColor":"#333","btnWidth":"40","btnHeight":"20","btnHoverBgColor":"#222","btnBorderColor":"","btnBorderWidth":"","btnBorderRadius":"10","btnButtonAlignment":null},"widgetSubscribeForm":{"pbFormID":"ulpb_form12938","formLayout":"stacked","showNameField":"none","successAction":"showMessage","successURL":"","successMessage":"Thanks for subscribing! Please check your email for further instructions.","formBtnText":"Subscribe Now","formBtnHeight":"15","formBtnWidth":"60","formBtnBgColor":"#5e82a6","formBtnColor":"#fff","formBtnHoverBgColor":"#1d61a5","formBtnFontSize":"18","formBtnBorderWidth":"0","formBtnBorderColor":"#111","formBtnBorderRadius":"3"},"widgetVideo":{"videoWebM":"","videoMpfour":"","videoThumb":"","vidAutoPlay":"no","vidLoop":"no","vidControls":"controls"},"widgetPBPostsSlider":{"psAutoplay":"false","psSlideDelay":"1","psSlideLoop":"true","psSlideTransition":"fade","psPostsNumber":"10","psDots":"true","psArrows":"true","psFtrImage":"true","psFtrImageSize":"medium","psExcerpt":"true","psReadMore":"false","psMoreLinkText":"Read More","psHeadingSize":"24","psTextAlignment":"left","psBgColor":"#333","psTxtColor":"#fff","psHeadingTxtColor":"#fff","psPostType":"post","psPostsOrderBy":"date","psPostsOrder":"Descending","psPostsFilterBy":"none","psFilterValue":" "},"widgetIcons":{"pbSelectedIcon":"fa-archive","pbIconSize":"55","pbIconRotation":"0","pbIconColor":"#333"},"widgetCounter":{"pbCounterID":"ulpb_counter13062","counterStartingNumber":"0","counterEndingNumber":"100","counterNumberPrefix":"","counterNumberSuffix":"","counterAnimationTime":"1000","counterTitle":"Cool Counter","counterTextColor":"#333","counterTitleColor":"#333","counterNumberFontSize":"36","counterTitleFontSize":"34"}}],"columnOptions":{"bg_color":"#ffffff","margin":{"columnMarginTop":"0","columnMarginBottom":"0","columnMarginLeft":"0","columnMarginRight":"0"},"padding":{"columnPaddingTop":"0","columnPaddingBottom":"0","columnPaddingLeft":"0","columnPaddingRight":"0"},"width":"90"}},"column2":{"colWidgets":[],"columnOptions":{"bg_color":"#ffffff","margin":{"columnMarginTop":"0","columnMarginBottom":"0","columnMarginLeft":"0","columnMarginRight":"0"},"padding":{"columnPaddingTop":"0","columnPaddingBottom":"0","columnPaddingLeft":"0","columnPaddingRight":"0"},"width":432}},"column3":{"colWidgets":[],"columnOptions":{"bg_color":"transparent","margin":{"columnMarginTop":"0","columnMarginBottom":"0","columnMarginLeft":"0","columnMarginRight":"0"},"padding":{"columnPaddingTop":"0","columnPaddingBottom":"0","columnPaddingLeft":"0","columnPaddingRight":"0"},"width":422}},"column4":{"colWidgets":0,"columnOptions":{"bg_color":"transparent","margin":{"columnMarginTop":0,"columnMarginBottom":0,"columnMarginLeft":0,"columnMarginRight":0},"padding":{"columnPaddingTop":0,"columnPaddingBottom":0,"columnPaddingLeft":0,"columnPaddingRight":0},"width":""}},"column5":{"colWidgets":0,"columnOptions":{"bg_color":"transparent","margin":{"columnMarginTop":0,"columnMarginBottom":0,"columnMarginLeft":0,"columnMarginRight":0},"padding":{"columnPaddingTop":0,"columnPaddingBottom":0,"columnPaddingLeft":0,"columnPaddingRight":0},"width":""}},"column6":{"colWidgets":0,"columnOptions":{"bg_color":"transparent","margin":{"columnMarginTop":0,"columnMarginBottom":0,"columnMarginLeft":0,"columnMarginRight":0},"padding":{"columnPaddingTop":0,"columnPaddingBottom":0,"columnPaddingLeft":0,"columnPaddingRight":0},"width":""}},"column7":{"colWidgets":0,"columnOptions":{"bg_color":"transparent","margin":{"columnMarginTop":0,"columnMarginBottom":0,"columnMarginLeft":0,"columnMarginRight":0},"padding":{"columnPaddingTop":0,"columnPaddingBottom":0,"columnPaddingLeft":0,"columnPaddingRight":0},"width":""}},"column8":{"colWidgets":0,"columnOptions":{"bg_color":"transparent","margin":{"columnMarginTop":0,"columnMarginBottom":0,"columnMarginLeft":0,"columnMarginRight":0},"padding":{"columnPaddingTop":0,"columnPaddingBottom":0,"columnPaddingLeft":0,"columnPaddingRight":0},"width":""}}}]