[{"rowID":"ulpb_Row47010","rowHeight":"100","columns":"4","columnsDivRule":"none","rowData":{"bg_color":"rgba(12,12,12,0.88)","bg_img":"","margin":{"rowMarginTop":"0","rowMarginBottom":"0","rowMarginLeft":"0","rowMarginRight":"0"},"padding":{"rowPaddingTop":"0","rowPaddingBottom":"0","rowPaddingLeft":"0","rowPaddingRight":"0"},"video":{"rowBgVideoEnable":"false","rowBgVideoLoop":"loop","rowVideoMpfour":"","rowVideoWebM":"","rowVideoThumb":""},"customStyling":"/* Insert your custom CSS for this row here. */","customJS":"/* Add your custom Javascript here.*/"},"column1":{"colWidgets":[{"widgetType":"wigt-pb-icons","widgetStyling":"/* Custom CSS for widget here. */\ntext-align:center;","widgetMtop":"5","widgetMleft":"0","widgetMbottom":"0","widgetMright":"0","widgetBgColor":"transparent","widgetAnimation":null,"widgetWYSIWYG":{"widgetContent":"<p>Some Text</p>"},"widgetMenu":{"menuName":"Select","menuColor":""},"widgetImg":{"imgUrl":"/","imgSize":"original","imgAlignment":"default"},"widgetForm":[],"widgetSlider":{"sliderName":"Select"},"widgetSform":{"sFormName":"Select"},"widgetPostSlider":[],"widgetTestimonialSlider":[],"widgetSocialFeed":{"socialFeedName":"Select"},"widgetButton":{"btnText":"Click Me","btnLink":"https://pluginops.com/page-builder/?ref=LPBTempButton","btnTextColor":"#fff","btnFontSize":"","btnBgColor":"#333","btnWidth":"40","btnHeight":"20","btnHoverBgColor":"#222","btnBlankAttr":"_blank","btnBorderColor":"","btnBorderWidth":"","btnBorderRadius":"10","btnButtonAlignment":null},"widgetSubscribeForm":{"pbFormID":"ulpb_form2322","formLayout":"stacked","showNameField":"block","successAction":"showMessage","successURL":"","successMessage":"Thanks for subscribing! Please check your email for further instructions.","formBtnText":"Subscribe","formBtnHeight":"20","formBtnWidth":"40","formBtnBgColor":"#333","formBtnColor":"#fff","formBtnHoverBgColor":"#e3e3e3","formBtnFontSize":"16","formBtnBorderWidth":"1","formBtnBorderColor":"#111","formBtnBorderRadius":"5","formDataSaveType":"database"},"widgetVideo":{"videoWebM":"","videoMpfour":"","videoThumb":"","vidAutoPlay":"no","vidLoop":"no","vidControls":"controls"},"widgetPBPostsSlider":{"psAutoplay":"false","psSlideDelay":"1","psSlideLoop":"true","psSlideTransition":"fade","psPostsNumber":"10","psDots":"true","psArrows":"true","psFtrImage":null,"psFtrImageSize":"medium","psExcerpt":null,"psReadMore":null,"psMoreLinkText":"Read More","psHeadingSize":"24","psTextAlignment":"left","psBgColor":"transparent","psTxtColor":"#fff","psHeadingTxtColor":"#fff","psPostType":"post","psPostsOrderBy":null,"psPostsOrder":"Descending","psPostsFilterBy":"none","psFilterValue":" "},"widgetIcons":{"pbSelectedIcon":"fa fa-home","pbIconSize":"30","pbIconRotation":"0","pbIconColor":"#ffffff"},"widgetCounter":{"pbCounterID":"ulpb_counter13922","counterStartingNumber":"0","counterEndingNumber":"100","counterNumberPrefix":"","counterNumberSuffix":"","counterAnimationTime":"1000","counterTitle":"Cool Counter","counterTextColor":"#333","counterTitleColor":"[object HTMLInputElement]","counterNumberFontSize":"36","counterTitleFontSize":"34"},"widgetAudio":{"audioOgg":"","audioMpThree":"","audioAutoPlay":"no","audioLoop":"no","audioControls":"controls"},"widgetCard":{"pbSelectedCardIcon":"fa fa fa fa fa fa-archive","pbCardIconSize":"55","pbCardIconRotation":"0","pbCardIconColor":"#333","pbCardTitleColor":"#333","pbCardTitleSize":"","pbCardDescColor":"#333","pbCardDescSize":"","pbCardTitle":"This is the heading","pbCardDesc":"This is the description"},"widgetTestimonial":{"tsAuthorName":"John Doe","tsJob":"CEO","tsCompanyName":"Example Company","tsTestimonial":"The Testimonial","tsUserImg":"","tsImageShape":"0","tsIconColor":"#333","tsIconSize":"45","tsTextColor":"#333","tsTextSize":"14","tsTestimonialColor":"#333","tsTestimonialSize":"18","tsTextAlignment":"center"},"widgetShortCode":{"shortCodeInput":""},"widgetCowntdown":{"pbCountDownDate":"","pbCountDownLabel":"","pbCountDownColor":"#333","pbCountDownLabelColor":"#333","pbCountDownTextSize":"21","pbCountDownLabelTextSize":"18"}},{"widgetType":"wigt-WYSIWYG","widgetStyling":"/* Custom CSS for widget here. */","widgetMtop":"0","widgetMleft":"0","widgetMbottom":"0","widgetMright":"0","widgetBgColor":"transparent","widgetAnimation":null,"widgetWYSIWYG":{"widgetContent":"<p style=\"text-align: center;\" data-mce-style=\"text-align: center;\"><span style=\"font-size: 12pt; color: rgb(255, 255, 255);\" data-mce-style=\"font-size: 12pt; color: #ffffff;\">HOME</span></p>"},"widgetMenu":{"menuName":"Select","menuColor":""},"widgetImg":{"imgUrl":"/","imgSize":"original","imgAlignment":"default"},"widgetForm":[],"widgetSlider":{"sliderName":"Select"},"widgetSform":{"sFormName":"Select"},"widgetPostSlider":[],"widgetTestimonialSlider":[],"widgetSocialFeed":{"socialFeedName":"Select"},"widgetButton":{"btnText":"Click Me","btnLink":"https://pluginops.com/page-builder/?ref=LPBTempButton","btnTextColor":"#fff","btnFontSize":"","btnBgColor":"#333","btnWidth":"40","btnHeight":"20","btnHoverBgColor":"#222","btnBlankAttr":"_blank","btnBorderColor":"","btnBorderWidth":"","btnBorderRadius":"10","btnButtonAlignment":null},"widgetSubscribeForm":{"pbFormID":"ulpb_form2322","formLayout":"stacked","showNameField":"block","successAction":"showMessage","successURL":"","successMessage":"Thanks for subscribing! Please check your email for further instructions.","formBtnText":"Subscribe","formBtnHeight":"20","formBtnWidth":"40","formBtnBgColor":"#333","formBtnColor":"#fff","formBtnHoverBgColor":"#e3e3e3","formBtnFontSize":"16","formBtnBorderWidth":"1","formBtnBorderColor":"#111","formBtnBorderRadius":"5","formDataSaveType":"database"},"widgetVideo":{"videoWebM":"","videoMpfour":"","videoThumb":"","vidAutoPlay":"no","vidLoop":"no","vidControls":"controls"},"widgetPBPostsSlider":{"psAutoplay":"false","psSlideDelay":"1","psSlideLoop":"true","psSlideTransition":"fade","psPostsNumber":"10","psDots":"true","psArrows":"true","psFtrImage":null,"psFtrImageSize":"medium","psExcerpt":null,"psReadMore":null,"psMoreLinkText":"Read More","psHeadingSize":"24","psTextAlignment":"left","psBgColor":"transparent","psTxtColor":"#fff","psHeadingTxtColor":"#fff","psPostType":"post","psPostsOrderBy":null,"psPostsOrder":"Descending","psPostsFilterBy":"none","psFilterValue":" "},"widgetIcons":{"pbSelectedIcon":"fa-archive","pbIconSize":"55","pbIconRotation":"0","pbIconColor":"#333"},"widgetCounter":{"pbCounterID":"ulpb_counter13922","counterStartingNumber":"0","counterEndingNumber":"100","counterNumberPrefix":"","counterNumberSuffix":"","counterAnimationTime":"1000","counterTitle":"Cool Counter","counterTextColor":"#333","counterTitleColor":"[object HTMLInputElement]","counterNumberFontSize":"36","counterTitleFontSize":"34"},"widgetAudio":{"audioOgg":"","audioMpThree":"","audioAutoPlay":"no","audioLoop":"no","audioControls":"controls"},"widgetCard":{"pbSelectedCardIcon":"fa fa-archive","pbCardIconSize":"55","pbCardIconRotation":"0","pbCardIconColor":"#333","pbCardTitleColor":"#333","pbCardTitleSize":"","pbCardDescColor":"#333","pbCardDescSize":"","pbCardTitle":"This is the heading","pbCardDesc":"This is the description"},"widgetTestimonial":{"tsAuthorName":"John Doe","tsJob":"CEO","tsCompanyName":"Example Company","tsTestimonial":"The Testimonial","tsUserImg":"","tsImageShape":"0","tsIconColor":"#333","tsIconSize":"45","tsTextColor":"#333","tsTextSize":"14","tsTestimonialColor":"#333","tsTestimonialSize":"18","tsTextAlignment":"center"},"widgetShortCode":{"shortCodeInput":""},"widgetCowntdown":{"pbCountDownDate":"","pbCountDownLabel":"","pbCountDownColor":"#333","pbCountDownLabelColor":"#333","pbCountDownTextSize":"21","pbCountDownLabelTextSize":"18"}}],"columnOptions":{"bg_color":"transparent","margin":{"columnMarginTop":"0","columnMarginBottom":"0","columnMarginLeft":"0","columnMarginRight":"0"},"padding":{"columnPaddingTop":"0","columnPaddingBottom":"0","columnPaddingLeft":"0","columnPaddingRight":"0"},"width":"24.02","columnCSS":"/* Add your custom CSS for this column here.*/"}},"column2":{"colWidgets":[{"widgetType":"wigt-pb-icons","widgetStyling":"/* Custom CSS for widget here. */\ntext-align:center;","widgetMtop":"5","widgetMleft":"0","widgetMbottom":"0","widgetMright":"0","widgetBgColor":"transparent","widgetAnimation":null,"widgetWYSIWYG":{"widgetContent":"<p>Some Text</p>"},"widgetMenu":{"menuName":"Select","menuColor":""},"widgetImg":{"imgUrl":"/","imgSize":"original","imgAlignment":"default"},"widgetForm":[],"widgetSlider":{"sliderName":"Select"},"widgetSform":{"sFormName":"Select"},"widgetPostSlider":[],"widgetTestimonialSlider":[],"widgetSocialFeed":{"socialFeedName":"Select"},"widgetButton":{"btnText":"Click Me","btnLink":"https://pluginops.com/page-builder/?ref=LPBTempButton","btnTextColor":"#fff","btnFontSize":"","btnBgColor":"#333","btnWidth":"40","btnHeight":"20","btnHoverBgColor":"#222","btnBlankAttr":"_blank","btnBorderColor":"","btnBorderWidth":"","btnBorderRadius":"10","btnButtonAlignment":null},"widgetSubscribeForm":{"pbFormID":"ulpb_form2322","formLayout":"stacked","showNameField":"block","successAction":"showMessage","successURL":"","successMessage":"Thanks for subscribing! Please check your email for further instructions.","formBtnText":"Subscribe","formBtnHeight":"20","formBtnWidth":"40","formBtnBgColor":"#333","formBtnColor":"#fff","formBtnHoverBgColor":"#e3e3e3","formBtnFontSize":"16","formBtnBorderWidth":"1","formBtnBorderColor":"#111","formBtnBorderRadius":"5","formDataSaveType":"database"},"widgetVideo":{"videoWebM":"","videoMpfour":"","videoThumb":"","vidAutoPlay":"no","vidLoop":"no","vidControls":"controls"},"widgetPBPostsSlider":{"psAutoplay":"false","psSlideDelay":"1","psSlideLoop":"true","psSlideTransition":"fade","psPostsNumber":"10","psDots":"true","psArrows":"true","psFtrImage":null,"psFtrImageSize":"medium","psExcerpt":null,"psReadMore":null,"psMoreLinkText":"Read More","psHeadingSize":"24","psTextAlignment":"left","psBgColor":"transparent","psTxtColor":"#fff","psHeadingTxtColor":"#fff","psPostType":"post","psPostsOrderBy":null,"psPostsOrder":"Descending","psPostsFilterBy":"none","psFilterValue":" "},"widgetIcons":{"pbSelectedIcon":"fa fa-users","pbIconSize":"30","pbIconRotation":"0","pbIconColor":"#ffffff"},"widgetCounter":{"pbCounterID":"ulpb_counter13922","counterStartingNumber":"0","counterEndingNumber":"100","counterNumberPrefix":"","counterNumberSuffix":"","counterAnimationTime":"1000","counterTitle":"Cool Counter","counterTextColor":"#333","counterTitleColor":"[object HTMLInputElement]","counterNumberFontSize":"36","counterTitleFontSize":"34"},"widgetAudio":{"audioOgg":"","audioMpThree":"","audioAutoPlay":"no","audioLoop":"no","audioControls":"controls"},"widgetCard":{"pbSelectedCardIcon":"fa fa fa fa fa fa fa fa-archive","pbCardIconSize":"55","pbCardIconRotation":"0","pbCardIconColor":"#333","pbCardTitleColor":"#333","pbCardTitleSize":"","pbCardDescColor":"#333","pbCardDescSize":"","pbCardTitle":"This is the heading","pbCardDesc":"This is the description"},"widgetTestimonial":{"tsAuthorName":"John Doe","tsJob":"CEO","tsCompanyName":"Example Company","tsTestimonial":"The Testimonial","tsUserImg":"","tsImageShape":"0","tsIconColor":"#333","tsIconSize":"45","tsTextColor":"#333","tsTextSize":"14","tsTestimonialColor":"#333","tsTestimonialSize":"18","tsTextAlignment":"center"},"widgetShortCode":{"shortCodeInput":""},"widgetCowntdown":{"pbCountDownDate":"","pbCountDownLabel":"","pbCountDownColor":"#333","pbCountDownLabelColor":"#333","pbCountDownTextSize":"21","pbCountDownLabelTextSize":"18"}},{"widgetType":"wigt-WYSIWYG","widgetStyling":"/* Custom CSS for widget here. */","widgetMtop":"0","widgetMleft":"0","widgetMbottom":"0","widgetMright":"0","widgetBgColor":"transparent","widgetAnimation":null,"widgetWYSIWYG":{"widgetContent":"<p style=\"text-align: center;\"><span style=\"font-size: 12pt; color: #ffffff;\">PROFILE</span></p>"},"widgetMenu":{"menuName":"Select","menuColor":""},"widgetImg":{"imgUrl":"/","imgSize":"original","imgAlignment":"default"},"widgetForm":[],"widgetSlider":{"sliderName":"Select"},"widgetSform":{"sFormName":"Select"},"widgetPostSlider":[],"widgetTestimonialSlider":[],"widgetSocialFeed":{"socialFeedName":"Select"},"widgetButton":{"btnText":"Click Me","btnLink":"https://pluginops.com/page-builder/?ref=LPBTempButton","btnTextColor":"#fff","btnFontSize":"","btnBgColor":"#333","btnWidth":"40","btnHeight":"20","btnHoverBgColor":"#222","btnBlankAttr":"_blank","btnBorderColor":"","btnBorderWidth":"","btnBorderRadius":"10","btnButtonAlignment":null},"widgetSubscribeForm":{"pbFormID":"ulpb_form2322","formLayout":"stacked","showNameField":"block","successAction":"showMessage","successURL":"","successMessage":"Thanks for subscribing! Please check your email for further instructions.","formBtnText":"Subscribe","formBtnHeight":"20","formBtnWidth":"40","formBtnBgColor":"#333","formBtnColor":"#fff","formBtnHoverBgColor":"#e3e3e3","formBtnFontSize":"16","formBtnBorderWidth":"1","formBtnBorderColor":"#111","formBtnBorderRadius":"5","formDataSaveType":"database"},"widgetVideo":{"videoWebM":"","videoMpfour":"","videoThumb":"","vidAutoPlay":"no","vidLoop":"no","vidControls":"controls"},"widgetPBPostsSlider":{"psAutoplay":"false","psSlideDelay":"1","psSlideLoop":"true","psSlideTransition":"fade","psPostsNumber":"10","psDots":"true","psArrows":"true","psFtrImage":null,"psFtrImageSize":"medium","psExcerpt":null,"psReadMore":null,"psMoreLinkText":"Read More","psHeadingSize":"24","psTextAlignment":"left","psBgColor":"transparent","psTxtColor":"#fff","psHeadingTxtColor":"#fff","psPostType":"post","psPostsOrderBy":null,"psPostsOrder":"Descending","psPostsFilterBy":"none","psFilterValue":" "},"widgetIcons":{"pbSelectedIcon":"fa-archive","pbIconSize":"55","pbIconRotation":"0","pbIconColor":"#333"},"widgetCounter":{"pbCounterID":"ulpb_counter13922","counterStartingNumber":"0","counterEndingNumber":"100","counterNumberPrefix":"","counterNumberSuffix":"","counterAnimationTime":"1000","counterTitle":"Cool Counter","counterTextColor":"#333","counterTitleColor":"[object HTMLInputElement]","counterNumberFontSize":"36","counterTitleFontSize":"34"},"widgetAudio":{"audioOgg":"","audioMpThree":"","audioAutoPlay":"no","audioLoop":"no","audioControls":"controls"},"widgetCard":{"pbSelectedCardIcon":"fa fa fa-archive","pbCardIconSize":"55","pbCardIconRotation":"0","pbCardIconColor":"#333","pbCardTitleColor":"#333","pbCardTitleSize":"","pbCardDescColor":"#333","pbCardDescSize":"","pbCardTitle":"This is the heading","pbCardDesc":"This is the description"},"widgetTestimonial":{"tsAuthorName":"John Doe","tsJob":"CEO","tsCompanyName":"Example Company","tsTestimonial":"The Testimonial","tsUserImg":"","tsImageShape":"0","tsIconColor":"#333","tsIconSize":"45","tsTextColor":"#333","tsTextSize":"14","tsTestimonialColor":"#333","tsTestimonialSize":"18","tsTextAlignment":"center"},"widgetShortCode":{"shortCodeInput":""},"widgetCowntdown":{"pbCountDownDate":"","pbCountDownLabel":"","pbCountDownColor":"#333","pbCountDownLabelColor":"#333","pbCountDownTextSize":"21","pbCountDownLabelTextSize":"18"}}],"columnOptions":{"bg_color":"transparent","margin":{"columnMarginTop":"0","columnMarginBottom":"0","columnMarginLeft":"0","columnMarginRight":"0"},"padding":{"columnPaddingTop":"0","columnPaddingBottom":"0","columnPaddingLeft":"0","columnPaddingRight":"0"},"width":"24.98","columnCSS":"/* Add your custom CSS for this column here.*/"}},"column3":{"colWidgets":[{"widgetType":"wigt-pb-icons","widgetStyling":"/* Custom CSS for widget here. */\ntext-align:center;","widgetMtop":"5","widgetMleft":"0","widgetMbottom":"0","widgetMright":"0","widgetBgColor":"transparent","widgetAnimation":null,"widgetWYSIWYG":{"widgetContent":"<p>Some Text</p>"},"widgetMenu":{"menuName":"Select","menuColor":""},"widgetImg":{"imgUrl":"/","imgSize":"original","imgAlignment":"default"},"widgetForm":[],"widgetSlider":{"sliderName":"Select"},"widgetSform":{"sFormName":"Select"},"widgetPostSlider":[],"widgetTestimonialSlider":[],"widgetSocialFeed":{"socialFeedName":"Select"},"widgetButton":{"btnText":"Click Me","btnLink":"https://pluginops.com/page-builder/?ref=LPBTempButton","btnTextColor":"#fff","btnFontSize":"","btnBgColor":"#333","btnWidth":"40","btnHeight":"20","btnHoverBgColor":"#222","btnBlankAttr":"_blank","btnBorderColor":"","btnBorderWidth":"","btnBorderRadius":"10","btnButtonAlignment":null},"widgetSubscribeForm":{"pbFormID":"ulpb_form2322","formLayout":"stacked","showNameField":"block","successAction":"showMessage","successURL":"","successMessage":"Thanks for subscribing! Please check your email for further instructions.","formBtnText":"Subscribe","formBtnHeight":"20","formBtnWidth":"40","formBtnBgColor":"#333","formBtnColor":"#fff","formBtnHoverBgColor":"#e3e3e3","formBtnFontSize":"16","formBtnBorderWidth":"1","formBtnBorderColor":"#111","formBtnBorderRadius":"5","formDataSaveType":"database"},"widgetVideo":{"videoWebM":"","videoMpfour":"","videoThumb":"","vidAutoPlay":"no","vidLoop":"no","vidControls":"controls"},"widgetPBPostsSlider":{"psAutoplay":"false","psSlideDelay":"1","psSlideLoop":"true","psSlideTransition":"fade","psPostsNumber":"10","psDots":"true","psArrows":"true","psFtrImage":null,"psFtrImageSize":"medium","psExcerpt":null,"psReadMore":null,"psMoreLinkText":"Read More","psHeadingSize":"24","psTextAlignment":"left","psBgColor":"transparent","psTxtColor":"#fff","psHeadingTxtColor":"#fff","psPostType":"post","psPostsOrderBy":null,"psPostsOrder":"Descending","psPostsFilterBy":"none","psFilterValue":" "},"widgetIcons":{"pbSelectedIcon":"fa fa-rocket","pbIconSize":"30","pbIconRotation":"0","pbIconColor":"#ffffff"},"widgetCounter":{"pbCounterID":"ulpb_counter13922","counterStartingNumber":"0","counterEndingNumber":"100","counterNumberPrefix":"","counterNumberSuffix":"","counterAnimationTime":"1000","counterTitle":"Cool Counter","counterTextColor":"#333","counterTitleColor":"[object HTMLInputElement]","counterNumberFontSize":"36","counterTitleFontSize":"34"},"widgetAudio":{"audioOgg":"","audioMpThree":"","audioAutoPlay":"no","audioLoop":"no","audioControls":"controls"},"widgetCard":{"pbSelectedCardIcon":"fa fa fa fa fa fa fa-archive","pbCardIconSize":"55","pbCardIconRotation":"0","pbCardIconColor":"#333","pbCardTitleColor":"#333","pbCardTitleSize":"","pbCardDescColor":"#333","pbCardDescSize":"","pbCardTitle":"This is the heading","pbCardDesc":"This is the description"},"widgetTestimonial":{"tsAuthorName":"John Doe","tsJob":"CEO","tsCompanyName":"Example Company","tsTestimonial":"The Testimonial","tsUserImg":"","tsImageShape":"0","tsIconColor":"#333","tsIconSize":"45","tsTextColor":"#333","tsTextSize":"14","tsTestimonialColor":"#333","tsTestimonialSize":"18","tsTextAlignment":"center"},"widgetShortCode":{"shortCodeInput":""},"widgetCowntdown":{"pbCountDownDate":"","pbCountDownLabel":"","pbCountDownColor":"#333","pbCountDownLabelColor":"#333","pbCountDownTextSize":"21","pbCountDownLabelTextSize":"18"}},{"widgetType":"wigt-WYSIWYG","widgetStyling":"/* Custom CSS for widget here. */","widgetMtop":"0","widgetMleft":"0","widgetMbottom":"0","widgetMright":"0","widgetBgColor":"transparent","widgetAnimation":null,"widgetWYSIWYG":{"widgetContent":"<p style=\"text-align: center;\" data-mce-style=\"text-align: center;\"><span style=\"font-size: 12pt; color: rgb(255, 255, 255);\" data-mce-style=\"font-size: 12pt; color: #ffffff;\">SERVICES</span></p>"},"widgetMenu":{"menuName":"Select","menuColor":""},"widgetImg":{"imgUrl":"/","imgSize":"original","imgAlignment":"default"},"widgetForm":[],"widgetSlider":{"sliderName":"Select"},"widgetSform":{"sFormName":"Select"},"widgetPostSlider":[],"widgetTestimonialSlider":[],"widgetSocialFeed":{"socialFeedName":"Select"},"widgetButton":{"btnText":"Click Me","btnLink":"https://pluginops.com/page-builder/?ref=LPBTempButton","btnTextColor":"#fff","btnFontSize":"","btnBgColor":"#333","btnWidth":"40","btnHeight":"20","btnHoverBgColor":"#222","btnBlankAttr":"_blank","btnBorderColor":"","btnBorderWidth":"","btnBorderRadius":"10","btnButtonAlignment":null},"widgetSubscribeForm":{"pbFormID":"ulpb_form2322","formLayout":"stacked","showNameField":"block","successAction":"showMessage","successURL":"","successMessage":"Thanks for subscribing! Please check your email for further instructions.","formBtnText":"Subscribe","formBtnHeight":"20","formBtnWidth":"40","formBtnBgColor":"#333","formBtnColor":"#fff","formBtnHoverBgColor":"#e3e3e3","formBtnFontSize":"16","formBtnBorderWidth":"1","formBtnBorderColor":"#111","formBtnBorderRadius":"5","formDataSaveType":"database"},"widgetVideo":{"videoWebM":"","videoMpfour":"","videoThumb":"","vidAutoPlay":"no","vidLoop":"no","vidControls":"controls"},"widgetPBPostsSlider":{"psAutoplay":"false","psSlideDelay":"1","psSlideLoop":"true","psSlideTransition":"fade","psPostsNumber":"10","psDots":"true","psArrows":"true","psFtrImage":null,"psFtrImageSize":"medium","psExcerpt":null,"psReadMore":null,"psMoreLinkText":"Read More","psHeadingSize":"24","psTextAlignment":"left","psBgColor":"transparent","psTxtColor":"#fff","psHeadingTxtColor":"#fff","psPostType":"post","psPostsOrderBy":null,"psPostsOrder":"Descending","psPostsFilterBy":"none","psFilterValue":" "},"widgetIcons":{"pbSelectedIcon":"fa-archive","pbIconSize":"55","pbIconRotation":"0","pbIconColor":"#333"},"widgetCounter":{"pbCounterID":"ulpb_counter13922","counterStartingNumber":"0","counterEndingNumber":"100","counterNumberPrefix":"","counterNumberSuffix":"","counterAnimationTime":"1000","counterTitle":"Cool Counter","counterTextColor":"#333","counterTitleColor":"[object HTMLInputElement]","counterNumberFontSize":"36","counterTitleFontSize":"34"},"widgetAudio":{"audioOgg":"","audioMpThree":"","audioAutoPlay":"no","audioLoop":"no","audioControls":"controls"},"widgetCard":{"pbSelectedCardIcon":"fa fa fa-archive","pbCardIconSize":"55","pbCardIconRotation":"0","pbCardIconColor":"#333","pbCardTitleColor":"#333","pbCardTitleSize":"","pbCardDescColor":"#333","pbCardDescSize":"","pbCardTitle":"This is the heading","pbCardDesc":"This is the description"},"widgetTestimonial":{"tsAuthorName":"John Doe","tsJob":"CEO","tsCompanyName":"Example Company","tsTestimonial":"The Testimonial","tsUserImg":"","tsImageShape":"0","tsIconColor":"#333","tsIconSize":"45","tsTextColor":"#333","tsTextSize":"14","tsTestimonialColor":"#333","tsTestimonialSize":"18","tsTextAlignment":"center"},"widgetShortCode":{"shortCodeInput":""},"widgetCowntdown":{"pbCountDownDate":"","pbCountDownLabel":"","pbCountDownColor":"#333","pbCountDownLabelColor":"#333","pbCountDownTextSize":"21","pbCountDownLabelTextSize":"18"}}],"columnOptions":{"bg_color":"transparent","margin":{"columnMarginTop":"0","columnMarginBottom":"0","columnMarginLeft":"0","columnMarginRight":"0"},"padding":{"columnPaddingTop":"0","columnPaddingBottom":"0","columnPaddingLeft":"0","columnPaddingRight":"0"},"width":"24.98","columnCSS":"/* Add your custom CSS for this column here.*/"}},"column4":{"colWidgets":[{"widgetType":"wigt-pb-icons","widgetStyling":"/* Custom CSS for widget here. */\ntext-align:center;","widgetMtop":"5","widgetMleft":"0","widgetMbottom":"0","widgetMright":"0","widgetBgColor":"transparent","widgetAnimation":null,"widgetWYSIWYG":{"widgetContent":"<p>Some Text</p>"},"widgetMenu":{"menuName":"Select","menuColor":""},"widgetImg":{"imgUrl":"/","imgSize":"original","imgAlignment":"default"},"widgetForm":[],"widgetSlider":{"sliderName":"Select"},"widgetSform":{"sFormName":"Select"},"widgetPostSlider":[],"widgetTestimonialSlider":[],"widgetSocialFeed":{"socialFeedName":"Select"},"widgetButton":{"btnText":"Click Me","btnLink":"https://pluginops.com/page-builder/?ref=LPBTempButton","btnTextColor":"#fff","btnFontSize":"","btnBgColor":"#333","btnWidth":"40","btnHeight":"20","btnHoverBgColor":"#222","btnBlankAttr":"_blank","btnBorderColor":"","btnBorderWidth":"","btnBorderRadius":"10","btnButtonAlignment":null},"widgetSubscribeForm":{"pbFormID":"ulpb_form2322","formLayout":"stacked","showNameField":"block","successAction":"showMessage","successURL":"","successMessage":"Thanks for subscribing! Please check your email for further instructions.","formBtnText":"Subscribe","formBtnHeight":"20","formBtnWidth":"40","formBtnBgColor":"#333","formBtnColor":"#fff","formBtnHoverBgColor":"#e3e3e3","formBtnFontSize":"16","formBtnBorderWidth":"1","formBtnBorderColor":"#111","formBtnBorderRadius":"5","formDataSaveType":"database"},"widgetVideo":{"videoWebM":"","videoMpfour":"","videoThumb":"","vidAutoPlay":"no","vidLoop":"no","vidControls":"controls"},"widgetPBPostsSlider":{"psAutoplay":"false","psSlideDelay":"1","psSlideLoop":"true","psSlideTransition":"fade","psPostsNumber":"10","psDots":"true","psArrows":"true","psFtrImage":null,"psFtrImageSize":"medium","psExcerpt":null,"psReadMore":null,"psMoreLinkText":"Read More","psHeadingSize":"24","psTextAlignment":"left","psBgColor":"transparent","psTxtColor":"#fff","psHeadingTxtColor":"#fff","psPostType":"post","psPostsOrderBy":null,"psPostsOrder":"Descending","psPostsFilterBy":"none","psFilterValue":" "},"widgetIcons":{"pbSelectedIcon":"fa fa-envelope","pbIconSize":"30","pbIconRotation":"0","pbIconColor":"#ffffff"},"widgetCounter":{"pbCounterID":"ulpb_counter13922","counterStartingNumber":"0","counterEndingNumber":"100","counterNumberPrefix":"","counterNumberSuffix":"","counterAnimationTime":"1000","counterTitle":"Cool Counter","counterTextColor":"#333","counterTitleColor":"[object HTMLInputElement]","counterNumberFontSize":"36","counterTitleFontSize":"34"},"widgetAudio":{"audioOgg":"","audioMpThree":"","audioAutoPlay":"no","audioLoop":"no","audioControls":"controls"},"widgetCard":{"pbSelectedCardIcon":"fa fa fa fa fa fa fa fa-archive","pbCardIconSize":"55","pbCardIconRotation":"0","pbCardIconColor":"#333","pbCardTitleColor":"#333","pbCardTitleSize":"","pbCardDescColor":"#333","pbCardDescSize":"","pbCardTitle":"This is the heading","pbCardDesc":"This is the description"},"widgetTestimonial":{"tsAuthorName":"John Doe","tsJob":"CEO","tsCompanyName":"Example Company","tsTestimonial":"The Testimonial","tsUserImg":"","tsImageShape":"0","tsIconColor":"#333","tsIconSize":"45","tsTextColor":"#333","tsTextSize":"14","tsTestimonialColor":"#333","tsTestimonialSize":"18","tsTextAlignment":"center"},"widgetShortCode":{"shortCodeInput":""},"widgetCowntdown":{"pbCountDownDate":"","pbCountDownLabel":"","pbCountDownColor":"#333","pbCountDownLabelColor":"#333","pbCountDownTextSize":"21","pbCountDownLabelTextSize":"18"}},{"widgetType":"wigt-WYSIWYG","widgetStyling":"/* Custom CSS for widget here. */","widgetMtop":"0","widgetMleft":"0","widgetMbottom":"0","widgetMright":"0","widgetBgColor":"transparent","widgetAnimation":null,"widgetWYSIWYG":{"widgetContent":"<p style=\"text-align: center;\" data-mce-style=\"text-align: center;\"><span style=\"font-size: 12pt; color: rgb(255, 255, 255);\" data-mce-style=\"font-size: 12pt; color: #ffffff;\">CONTACT</span></p>"},"widgetMenu":{"menuName":"Select","menuColor":""},"widgetImg":{"imgUrl":"/","imgSize":"original","imgAlignment":"default"},"widgetForm":[],"widgetSlider":{"sliderName":"Select"},"widgetSform":{"sFormName":"Select"},"widgetPostSlider":[],"widgetTestimonialSlider":[],"widgetSocialFeed":{"socialFeedName":"Select"},"widgetButton":{"btnText":"Click Me","btnLink":"https://pluginops.com/page-builder/?ref=LPBTempButton","btnTextColor":"#fff","btnFontSize":"","btnBgColor":"#333","btnWidth":"40","btnHeight":"20","btnHoverBgColor":"#222","btnBlankAttr":"_blank","btnBorderColor":"","btnBorderWidth":"","btnBorderRadius":"10","btnButtonAlignment":null},"widgetSubscribeForm":{"pbFormID":"ulpb_form2322","formLayout":"stacked","showNameField":"block","successAction":"showMessage","successURL":"","successMessage":"Thanks for subscribing! Please check your email for further instructions.","formBtnText":"Subscribe","formBtnHeight":"20","formBtnWidth":"40","formBtnBgColor":"#333","formBtnColor":"#fff","formBtnHoverBgColor":"#e3e3e3","formBtnFontSize":"16","formBtnBorderWidth":"1","formBtnBorderColor":"#111","formBtnBorderRadius":"5","formDataSaveType":"database"},"widgetVideo":{"videoWebM":"","videoMpfour":"","videoThumb":"","vidAutoPlay":"no","vidLoop":"no","vidControls":"controls"},"widgetPBPostsSlider":{"psAutoplay":"false","psSlideDelay":"1","psSlideLoop":"true","psSlideTransition":"fade","psPostsNumber":"10","psDots":"true","psArrows":"true","psFtrImage":null,"psFtrImageSize":"medium","psExcerpt":null,"psReadMore":null,"psMoreLinkText":"Read More","psHeadingSize":"24","psTextAlignment":"left","psBgColor":"transparent","psTxtColor":"#fff","psHeadingTxtColor":"#fff","psPostType":"post","psPostsOrderBy":null,"psPostsOrder":"Descending","psPostsFilterBy":"none","psFilterValue":" "},"widgetIcons":{"pbSelectedIcon":"fa-archive","pbIconSize":"55","pbIconRotation":"0","pbIconColor":"#333"},"widgetCounter":{"pbCounterID":"ulpb_counter13922","counterStartingNumber":"0","counterEndingNumber":"100","counterNumberPrefix":"","counterNumberSuffix":"","counterAnimationTime":"1000","counterTitle":"Cool Counter","counterTextColor":"#333","counterTitleColor":"[object HTMLInputElement]","counterNumberFontSize":"36","counterTitleFontSize":"34"},"widgetAudio":{"audioOgg":"","audioMpThree":"","audioAutoPlay":"no","audioLoop":"no","audioControls":"controls"},"widgetCard":{"pbSelectedCardIcon":"fa fa fa-archive","pbCardIconSize":"55","pbCardIconRotation":"0","pbCardIconColor":"#333","pbCardTitleColor":"#333","pbCardTitleSize":"","pbCardDescColor":"#333","pbCardDescSize":"","pbCardTitle":"This is the heading","pbCardDesc":"This is the description"},"widgetTestimonial":{"tsAuthorName":"John Doe","tsJob":"CEO","tsCompanyName":"Example Company","tsTestimonial":"The Testimonial","tsUserImg":"","tsImageShape":"0","tsIconColor":"#333","tsIconSize":"45","tsTextColor":"#333","tsTextSize":"14","tsTestimonialColor":"#333","tsTestimonialSize":"18","tsTextAlignment":"center"},"widgetShortCode":{"shortCodeInput":""},"widgetCowntdown":{"pbCountDownDate":"","pbCountDownLabel":"","pbCountDownColor":"#333","pbCountDownLabelColor":"#333","pbCountDownTextSize":"21","pbCountDownLabelTextSize":"18"}}],"columnOptions":{"bg_color":"transparent","margin":{"columnMarginTop":"0","columnMarginBottom":"0","columnMarginLeft":"0","columnMarginRight":"0"},"padding":{"columnPaddingTop":"0","columnPaddingBottom":"0","columnPaddingLeft":"0","columnPaddingRight":"0"},"width":"24.98","columnCSS":"/* Add your custom CSS for this column here.*/"}},"column5":{"colWidgets":0,"columnOptions":{"bg_color":"transparent","margin":{"columnMarginTop":0,"columnMarginBottom":0,"columnMarginLeft":0,"columnMarginRight":0},"padding":{"columnPaddingTop":0,"columnPaddingBottom":0,"columnPaddingLeft":0,"columnPaddingRight":0},"width":"","columnCSS":"/* Add column custom styling here */"}},"column6":{"colWidgets":0,"columnOptions":{"bg_color":"transparent","margin":{"columnMarginTop":0,"columnMarginBottom":0,"columnMarginLeft":0,"columnMarginRight":0},"padding":{"columnPaddingTop":0,"columnPaddingBottom":0,"columnPaddingLeft":0,"columnPaddingRight":0},"width":"","columnCSS":"/* Add column custom styling here */"}},"column7":{"colWidgets":0,"columnOptions":{"bg_color":"transparent","margin":{"columnMarginTop":0,"columnMarginBottom":0,"columnMarginLeft":0,"columnMarginRight":0},"padding":{"columnPaddingTop":0,"columnPaddingBottom":0,"columnPaddingLeft":0,"columnPaddingRight":0},"width":"","columnCSS":"/* Add column custom styling here */"}},"column8":{"colWidgets":0,"columnOptions":{"bg_color":"transparent","margin":{"columnMarginTop":0,"columnMarginBottom":0,"columnMarginLeft":0,"columnMarginRight":0},"padding":{"columnPaddingTop":0,"columnPaddingBottom":0,"columnPaddingLeft":0,"columnPaddingRight":0},"width":"","columnCSS":"/* Add column custom styling here */"}}},{"rowID":"ulpb_Row104576","rowHeight":"800","columns":"1","columnsDivRule":"none","rowData":{"bg_color":"rgba(12,12,12,0.74)","bg_img":"","margin":{"rowMarginTop":"0","rowMarginBottom":"0","rowMarginLeft":"0","rowMarginRight":"0"},"padding":{"rowPaddingTop":"5","rowPaddingBottom":"10","rowPaddingLeft":"0","rowPaddingRight":"0"},"video":{"rowBgVideoEnable":"false","rowBgVideoLoop":"loop","rowVideoMpfour":"","rowVideoWebM":"","rowVideoThumb":""},"customStyling":"/* Insert your custom CSS for this row here. */","customJS":"/* Add your custom Javascript here.*/"},"column1":{"colWidgets":[{"widgetType":"wigt-pb-icons","widgetStyling":"/* Custom CSS for widget here. */\ntext-align:center;","widgetMtop":"10","widgetMleft":"0","widgetMbottom":"0","widgetMright":"0","widgetBgColor":"transparent","widgetAnimation":null,"widgetWYSIWYG":{"widgetContent":"<p>Some Text</p>"},"widgetMenu":{"menuName":"Select","menuColor":""},"widgetImg":{"imgUrl":"/","imgSize":"original","imgAlignment":"default"},"widgetForm":[],"widgetSlider":{"sliderName":"Select"},"widgetSform":{"sFormName":"Select"},"widgetPostSlider":[],"widgetTestimonialSlider":[],"widgetSocialFeed":{"socialFeedName":"Select"},"widgetButton":{"btnText":"Click Me","btnLink":"https://pluginops.com/page-builder/?ref=LPBTempButton","btnTextColor":"#fff","btnFontSize":"","btnBgColor":"#333","btnWidth":"40","btnHeight":"20","btnHoverBgColor":"#222","btnBlankAttr":"_blank","btnBorderColor":"","btnBorderWidth":"","btnBorderRadius":"10","btnButtonAlignment":null},"widgetSubscribeForm":{"pbFormID":"ulpb_form2322","formLayout":"stacked","showNameField":"block","successAction":"showMessage","successURL":"","successMessage":"Thanks for subscribing! Please check your email for further instructions.","formBtnText":"Subscribe","formBtnHeight":"20","formBtnWidth":"40","formBtnBgColor":"#333","formBtnColor":"#fff","formBtnHoverBgColor":"#e3e3e3","formBtnFontSize":"16","formBtnBorderWidth":"1","formBtnBorderColor":"#111","formBtnBorderRadius":"5","formDataSaveType":"database"},"widgetVideo":{"videoWebM":"","videoMpfour":"","videoThumb":"","vidAutoPlay":"no","vidLoop":"no","vidControls":"controls"},"widgetPBPostsSlider":{"psAutoplay":"false","psSlideDelay":"1","psSlideLoop":"true","psSlideTransition":"fade","psPostsNumber":"10","psDots":"true","psArrows":"true","psFtrImage":null,"psFtrImageSize":"medium","psExcerpt":null,"psReadMore":null,"psMoreLinkText":"Read More","psHeadingSize":"24","psTextAlignment":"left","psBgColor":"transparent","psTxtColor":"#fff","psHeadingTxtColor":"#fff","psPostType":"post","psPostsOrderBy":null,"psPostsOrder":"Descending","psPostsFilterBy":"none","psFilterValue":" "},"widgetIcons":{"pbSelectedIcon":"fa fa-umbrella","pbIconSize":"120","pbIconRotation":"0","pbIconColor":"#ffffff"},"widgetCounter":{"pbCounterID":"ulpb_counter13922","counterStartingNumber":"0","counterEndingNumber":"100","counterNumberPrefix":"","counterNumberSuffix":"","counterAnimationTime":"1000","counterTitle":"Cool Counter","counterTextColor":"#333","counterTitleColor":"[object HTMLInputElement]","counterNumberFontSize":"36","counterTitleFontSize":"34"},"widgetAudio":{"audioOgg":"","audioMpThree":"","audioAutoPlay":"no","audioLoop":"no","audioControls":"controls"},"widgetCard":{"pbSelectedCardIcon":"fa fa fa fa fa-archive","pbCardIconSize":"55","pbCardIconRotation":"0","pbCardIconColor":"#333","pbCardTitleColor":"#333","pbCardTitleSize":"","pbCardDescColor":"#333","pbCardDescSize":"","pbCardTitle":"This is the heading","pbCardDesc":"This is the description"},"widgetTestimonial":{"tsAuthorName":"John Doe","tsJob":"CEO","tsCompanyName":"Example Company","tsTestimonial":"The Testimonial","tsUserImg":"","tsImageShape":"0","tsIconColor":"#333","tsIconSize":"45","tsTextColor":"#333","tsTextSize":"14","tsTestimonialColor":"#333","tsTestimonialSize":"18","tsTextAlignment":"center"},"widgetShortCode":{"shortCodeInput":""},"widgetCowntdown":{"pbCountDownDate":"","pbCountDownLabel":"","pbCountDownColor":"#333","pbCountDownLabelColor":"#333","pbCountDownTextSize":"21","pbCountDownLabelTextSize":"18"}},{"widgetType":"wigt-WYSIWYG","widgetStyling":"/* Custom CSS for widget here. */","widgetMtop":"5","widgetMleft":"0","widgetMbottom":"0","widgetMright":"0","widgetBgColor":"transparent","widgetAnimation":null,"widgetWYSIWYG":{"widgetContent":"<p style=\"text-align: center;\" data-mce-style=\"text-align: center;\"><span style=\"font-family: arial, helvetica, sans-serif; font-size: 55px; color: #ffffff;\" data-mce-style=\"font-family: arial, helvetica, sans-serif; font-size: 55px; color: #ffffff;\">PHOTO</span></p><p style=\"text-align: center;\" data-mce-style=\"text-align: center;\"><span style=\"font-size: 12pt; color: rgb(255, 255, 255);\" data-mce-style=\"font-size: 12pt; color: #ffffff;\">We are currently working hard on something.</span><br><span style=\"font-size: 12pt; color: rgb(255, 255, 255);\" data-mce-style=\"font-size: 12pt; color: #ffffff;\"> We'll be here anytime, so subscribe !</span></p>"},"widgetMenu":{"menuName":"Select","menuColor":""},"widgetImg":{"imgUrl":"/","imgSize":"original","imgAlignment":"default"},"widgetForm":[],"widgetSlider":{"sliderName":"Select"},"widgetSform":{"sFormName":"Select"},"widgetPostSlider":[],"widgetTestimonialSlider":[],"widgetSocialFeed":{"socialFeedName":"Select"},"widgetButton":{"btnText":"Click Me","btnLink":"https://pluginops.com/page-builder/?ref=LPBTempButton","btnTextColor":"#fff","btnFontSize":"","btnBgColor":"#333","btnWidth":"40","btnHeight":"20","btnHoverBgColor":"#222","btnBlankAttr":"_blank","btnBorderColor":"","btnBorderWidth":"","btnBorderRadius":"10","btnButtonAlignment":null},"widgetSubscribeForm":{"pbFormID":"ulpb_form2322","formLayout":"stacked","showNameField":"block","successAction":"showMessage","successURL":"","successMessage":"Thanks for subscribing! Please check your email for further instructions.","formBtnText":"Subscribe","formBtnHeight":"20","formBtnWidth":"40","formBtnBgColor":"#333","formBtnColor":"#fff","formBtnHoverBgColor":"#e3e3e3","formBtnFontSize":"16","formBtnBorderWidth":"1","formBtnBorderColor":"#111","formBtnBorderRadius":"5","formDataSaveType":"database"},"widgetVideo":{"videoWebM":"","videoMpfour":"","videoThumb":"","vidAutoPlay":"no","vidLoop":"no","vidControls":"controls"},"widgetPBPostsSlider":{"psAutoplay":"false","psSlideDelay":"1","psSlideLoop":"true","psSlideTransition":"fade","psPostsNumber":"10","psDots":"true","psArrows":"true","psFtrImage":null,"psFtrImageSize":"medium","psExcerpt":null,"psReadMore":null,"psMoreLinkText":"Read More","psHeadingSize":"24","psTextAlignment":"left","psBgColor":"transparent","psTxtColor":"#fff","psHeadingTxtColor":"#fff","psPostType":"post","psPostsOrderBy":null,"psPostsOrder":"Descending","psPostsFilterBy":"none","psFilterValue":" "},"widgetIcons":{"pbSelectedIcon":"fa-archive","pbIconSize":"55","pbIconRotation":"0","pbIconColor":"#333"},"widgetCounter":{"pbCounterID":"ulpb_counter13922","counterStartingNumber":"0","counterEndingNumber":"100","counterNumberPrefix":"","counterNumberSuffix":"","counterAnimationTime":"1000","counterTitle":"Cool Counter","counterTextColor":"#333","counterTitleColor":"[object HTMLInputElement]","counterNumberFontSize":"36","counterTitleFontSize":"34"},"widgetAudio":{"audioOgg":"","audioMpThree":"","audioAutoPlay":"no","audioLoop":"no","audioControls":"controls"},"widgetCard":{"pbSelectedCardIcon":"fa fa fa fa-archive","pbCardIconSize":"55","pbCardIconRotation":"0","pbCardIconColor":"#333","pbCardTitleColor":"#333","pbCardTitleSize":"","pbCardDescColor":"#333","pbCardDescSize":"","pbCardTitle":"This is the heading","pbCardDesc":"This is the description"},"widgetTestimonial":{"tsAuthorName":"John Doe","tsJob":"CEO","tsCompanyName":"Example Company","tsTestimonial":"The Testimonial","tsUserImg":"","tsImageShape":"0","tsIconColor":"#333","tsIconSize":"45","tsTextColor":"#333","tsTextSize":"14","tsTestimonialColor":"#333","tsTestimonialSize":"18","tsTextAlignment":"center"},"widgetShortCode":{"shortCodeInput":""},"widgetCowntdown":{"pbCountDownDate":"","pbCountDownLabel":"","pbCountDownColor":"#333","pbCountDownLabelColor":"#333","pbCountDownTextSize":"21","pbCountDownLabelTextSize":"18"}},{"widgetType":"wigt-btn-gen","widgetStyling":"/* Custom CSS for widget here. */","widgetMtop":"0","widgetMleft":"0","widgetMbottom":"0","widgetMright":"0","widgetBgColor":"transparent","widgetAnimation":null,"widgetWYSIWYG":{"widgetContent":"<p>Some Text</p>"},"widgetMenu":{"menuName":"Select","menuColor":""},"widgetImg":{"imgUrl":"/","imgSize":"original","imgAlignment":"default"},"widgetForm":[],"widgetSlider":{"sliderName":"Select"},"widgetSform":{"sFormName":"Select"},"widgetPostSlider":[],"widgetTestimonialSlider":[],"widgetSocialFeed":{"socialFeedName":"Select"},"widgetButton":{"btnText":"SUBSCRIBE NOW","btnLink":"https://pluginops.com/page-builder/?ref=LPBTempButton","btnTextColor":"#ffffff","btnFontSize":"20","btnBgColor":"TRANSPARENT","btnWidth":"100","btnHeight":"20","btnHoverBgColor":"transparent","btnBlankAttr":"_self","btnBorderColor":"#ffffff","btnBorderWidth":"2","btnBorderRadius":"0","btnButtonAlignment":"center"},"widgetSubscribeForm":{"pbFormID":"ulpb_form2322","formLayout":"stacked","showNameField":"block","successAction":"showMessage","successURL":"","successMessage":"Thanks for subscribing! Please check your email for further instructions.","formBtnText":"Subscribe","formBtnHeight":"20","formBtnWidth":"40","formBtnBgColor":"#333","formBtnColor":"#fff","formBtnHoverBgColor":"#e3e3e3","formBtnFontSize":"16","formBtnBorderWidth":"1","formBtnBorderColor":"#111","formBtnBorderRadius":"5","formDataSaveType":"database"},"widgetVideo":{"videoWebM":"","videoMpfour":"","videoThumb":"","vidAutoPlay":"no","vidLoop":"no","vidControls":"controls"},"widgetPBPostsSlider":{"psAutoplay":"false","psSlideDelay":"1","psSlideLoop":"true","psSlideTransition":"fade","psPostsNumber":"10","psDots":"true","psArrows":"true","psFtrImage":null,"psFtrImageSize":"medium","psExcerpt":null,"psReadMore":null,"psMoreLinkText":"Read More","psHeadingSize":"24","psTextAlignment":"left","psBgColor":"transparent","psTxtColor":"#fff","psHeadingTxtColor":"#fff","psPostType":"post","psPostsOrderBy":null,"psPostsOrder":"Descending","psPostsFilterBy":"none","psFilterValue":" "},"widgetIcons":{"pbSelectedIcon":"fa-archive","pbIconSize":"55","pbIconRotation":"0","pbIconColor":"#333"},"widgetCounter":{"pbCounterID":"ulpb_counter13922","counterStartingNumber":"0","counterEndingNumber":"100","counterNumberPrefix":"","counterNumberSuffix":"","counterAnimationTime":"1000","counterTitle":"Cool Counter","counterTextColor":"#333","counterTitleColor":"[object HTMLInputElement]","counterNumberFontSize":"36","counterTitleFontSize":"34"},"widgetAudio":{"audioOgg":"","audioMpThree":"","audioAutoPlay":"no","audioLoop":"no","audioControls":"controls"},"widgetCard":{"pbSelectedCardIcon":"fa fa fa-archive","pbCardIconSize":"55","pbCardIconRotation":"0","pbCardIconColor":"#333","pbCardTitleColor":"#333","pbCardTitleSize":"","pbCardDescColor":"#333","pbCardDescSize":"","pbCardTitle":"This is the heading","pbCardDesc":"This is the description"},"widgetTestimonial":{"tsAuthorName":"John Doe","tsJob":"CEO","tsCompanyName":"Example Company","tsTestimonial":"The Testimonial","tsUserImg":"","tsImageShape":"0","tsIconColor":"#333","tsIconSize":"45","tsTextColor":"#333","tsTextSize":"14","tsTestimonialColor":"#333","tsTestimonialSize":"18","tsTextAlignment":"center"},"widgetShortCode":{"shortCodeInput":""},"widgetCowntdown":{"pbCountDownDate":"","pbCountDownLabel":"","pbCountDownColor":"#333","pbCountDownLabelColor":"#333","pbCountDownTextSize":"21","pbCountDownLabelTextSize":"18"}}],"columnOptions":{"bg_color":"transparent","margin":{"columnMarginTop":"0","columnMarginBottom":"0","columnMarginLeft":"0","columnMarginRight":"0"},"padding":{"columnPaddingTop":"0","columnPaddingBottom":"0","columnPaddingLeft":"0","columnPaddingRight":"0"},"width":"100.00","columnCSS":"/* Add your custom CSS for this column here.*/"}},"column2":{"colWidgets":0,"columnOptions":{"bg_color":"transparent","margin":{"columnMarginTop":0,"columnMarginBottom":0,"columnMarginLeft":0,"columnMarginRight":0},"padding":{"columnPaddingTop":0,"columnPaddingBottom":0,"columnPaddingLeft":0,"columnPaddingRight":0},"width":"","columnCSS":"/* Add column custom styling here */"}},"column3":{"colWidgets":0,"columnOptions":{"bg_color":"transparent","margin":{"columnMarginTop":0,"columnMarginBottom":0,"columnMarginLeft":0,"columnMarginRight":0},"padding":{"columnPaddingTop":0,"columnPaddingBottom":0,"columnPaddingLeft":0,"columnPaddingRight":0},"width":"","columnCSS":"/* Add column custom styling here */"}},"column4":{"colWidgets":0,"columnOptions":{"bg_color":"transparent","margin":{"columnMarginTop":0,"columnMarginBottom":0,"columnMarginLeft":0,"columnMarginRight":0},"padding":{"columnPaddingTop":0,"columnPaddingBottom":0,"columnPaddingLeft":0,"columnPaddingRight":0},"width":"","columnCSS":"/* Add column custom styling here */"}},"column5":{"colWidgets":0,"columnOptions":{"bg_color":"transparent","margin":{"columnMarginTop":0,"columnMarginBottom":0,"columnMarginLeft":0,"columnMarginRight":0},"padding":{"columnPaddingTop":0,"columnPaddingBottom":0,"columnPaddingLeft":0,"columnPaddingRight":0},"width":"","columnCSS":"/* Add column custom styling here */"}},"column6":{"colWidgets":0,"columnOptions":{"bg_color":"transparent","margin":{"columnMarginTop":0,"columnMarginBottom":0,"columnMarginLeft":0,"columnMarginRight":0},"padding":{"columnPaddingTop":0,"columnPaddingBottom":0,"columnPaddingLeft":0,"columnPaddingRight":0},"width":"","columnCSS":"/* Add column custom styling here */"}},"column7":{"colWidgets":0,"columnOptions":{"bg_color":"transparent","margin":{"columnMarginTop":0,"columnMarginBottom":0,"columnMarginLeft":0,"columnMarginRight":0},"padding":{"columnPaddingTop":0,"columnPaddingBottom":0,"columnPaddingLeft":0,"columnPaddingRight":0},"width":"","columnCSS":"/* Add column custom styling here */"}},"column8":{"colWidgets":0,"columnOptions":{"bg_color":"transparent","margin":{"columnMarginTop":0,"columnMarginBottom":0,"columnMarginLeft":0,"columnMarginRight":0},"padding":{"columnPaddingTop":0,"columnPaddingBottom":0,"columnPaddingLeft":0,"columnPaddingRight":0},"width":"","columnCSS":"/* Add column custom styling here */"}}}]