{"pageID":"1546","postType":"landingpagetemplates","pageLink":"","pageTitle":"","pageStatus":"publish","pageBuilderVersion":"1.4.6.3","pageOptions":{"loadWpHead":"false","loadWpFooter":"true","pageBgImage":"https://smuzthemes.com/wp-content/uploads/2017/02/riciardus-189738-compressor.png","pageBgColor":" ","pageLink":"template-8","pagePadding":{"pagePaddingTop":"0","pagePaddingBottom":"0","pagePaddingLeft":"0","pagePaddingRight":"0"},"pageSeoName":"Template 8","pageSeoDescription":"","pageSeoKeywords":""},"formMailchimp":{"listId":"","apiKey":""},"Rows":[{"rowID":"ulpb_Row38650","rowHeight":"85","columns":"1","columnsDivRule":"none","rowData":{"bg_color":"#ffffff","bg_img":"","margin":{"rowMarginTop":"0","rowMarginBottom":"0","rowMarginLeft":"0","rowMarginRight":"0"},"padding":{"rowPaddingTop":"0","rowPaddingBottom":"0","rowPaddingLeft":"0","rowPaddingRight":"0"},"customStyling":"/* Insert your custom CSS here. */","customJS":"/* Insert your JS codes here. */"},"column1":{"colWidgets":[{"widgetType":"wigt-WYSIWYG","widgetStyling":"/* Custom CSS for widget here. */","widgetMtop":"0","widgetMleft":"0","widgetMbottom":"0","widgetMright":"0","widgetBgColor":"transparent","widgetWYSIWYG":{"widgetContent":"<h1 data-mce-style=\"text-align: center;\" style=\"text-align: center;\"><span style=\"color: rgb(253, 108, 63);\" data-mce-style=\"color: #fd6c3f;\">VOYAGER</span></h1>"},"widgetMenu":{"menuName":"Select","menuColor":""},"widgetImg":{"imgUrl":"/","imgSize":"original","imgAlignment":"default"},"widgetForm":[],"widgetSlider":[],"widgetSform":[],"widgetPostSlider":[],"widgetTestimonialSlider":[],"widgetSocialFeed":[],"widgetButton":{"btnText":"Click Me","btnLink":"https://pluginops.com/page-builder/?ref=LPBTempButton","btnTextColor":"#fff","btnFontSize":"","btnBgColor":"#333","btnWidth":"40","btnHeight":"20","btnHoverBgColor":"#222","btnBorderColor":"","btnBorderWidth":"","btnBorderRadius":"10","btnButtonAlignment":null},"widgetSubscribeForm":{"pbFormID":"ulpb_form13243","formLayout":"stacked","showNameField":"block","successAction":"showMessage","successURL":"","successMessage":"Thanks for subscribing! Please check your email for further instructions.","formBtnText":"Subscribe","formBtnHeight":"20","formBtnWidth":"40","formBtnBgColor":"#333","formBtnColor":"#fff","formBtnHoverBgColor":"#e3e3e3","formBtnFontSize":"16","formBtnBorderWidth":"1","formBtnBorderColor":"#111","formBtnBorderRadius":"5"}}],"columnOptions":{"bg_color":"transparent","margin":{"columnMarginTop":"0","columnMarginBottom":"0","columnMarginLeft":"0","columnMarginRight":"0"},"padding":{"columnPaddingTop":"0","columnPaddingBottom":"0","columnPaddingLeft":"0","columnPaddingRight":"0"},"width":"100.00"}},"column2":{"colWidgets":0,"columnOptions":{"bg_color":"transparent","margin":{"columnMarginTop":0,"columnMarginBottom":0,"columnMarginLeft":0,"columnMarginRight":0},"padding":{"columnPaddingTop":0,"columnPaddingBottom":0,"columnPaddingLeft":0,"columnPaddingRight":0},"width":""}},"column3":{"colWidgets":0,"columnOptions":{"bg_color":"transparent","margin":{"columnMarginTop":0,"columnMarginBottom":0,"columnMarginLeft":0,"columnMarginRight":0},"padding":{"columnPaddingTop":0,"columnPaddingBottom":0,"columnPaddingLeft":0,"columnPaddingRight":0},"width":""}},"column4":{"colWidgets":0,"columnOptions":{"bg_color":"transparent","margin":{"columnMarginTop":0,"columnMarginBottom":0,"columnMarginLeft":0,"columnMarginRight":0},"padding":{"columnPaddingTop":0,"columnPaddingBottom":0,"columnPaddingLeft":0,"columnPaddingRight":0},"width":""}},"column5":{"colWidgets":0,"columnOptions":{"bg_color":"transparent","margin":{"columnMarginTop":0,"columnMarginBottom":0,"columnMarginLeft":0,"columnMarginRight":0},"padding":{"columnPaddingTop":0,"columnPaddingBottom":0,"columnPaddingLeft":0,"columnPaddingRight":0},"width":""}},"column6":{"colWidgets":0,"columnOptions":{"bg_color":"transparent","margin":{"columnMarginTop":0,"columnMarginBottom":0,"columnMarginLeft":0,"columnMarginRight":0},"padding":{"columnPaddingTop":0,"columnPaddingBottom":0,"columnPaddingLeft":0,"columnPaddingRight":0},"width":""}},"column7":{"colWidgets":0,"columnOptions":{"bg_color":"transparent","margin":{"columnMarginTop":0,"columnMarginBottom":0,"columnMarginLeft":0,"columnMarginRight":0},"padding":{"columnPaddingTop":0,"columnPaddingBottom":0,"columnPaddingLeft":0,"columnPaddingRight":0},"width":""}},"column8":{"colWidgets":0,"columnOptions":{"bg_color":"transparent","margin":{"columnMarginTop":0,"columnMarginBottom":0,"columnMarginLeft":0,"columnMarginRight":0},"padding":{"columnPaddingTop":0,"columnPaddingBottom":0,"columnPaddingLeft":0,"columnPaddingRight":0},"width":""}}},{"rowID":"ulpb_Row106684","rowHeight":"520","columns":"1","columnsDivRule":"none","rowData":{"bg_color":"trasnparent","bg_img":"","margin":{"rowMarginTop":"0","rowMarginBottom":"0","rowMarginLeft":"0","rowMarginRight":"0"},"padding":{"rowPaddingTop":"0","rowPaddingBottom":"0","rowPaddingLeft":"0","rowPaddingRight":"0"},"customStyling":"/* Insert your custom CSS here. */","customJS":"/* Insert your JS codes here. */"},"column1":{"colWidgets":[{"widgetType":"wigt-WYSIWYG","widgetStyling":"/* Custom CSS for widget here. */","widgetMtop":"0","widgetMleft":"0","widgetMbottom":"1","widgetMright":"0","widgetBgColor":"transparent","widgetWYSIWYG":{"widgetContent":"<h1 style=\"text-align: center; font-size:4em !important;\"><span style=\"color: #ffffff;\">GrindelWell</span></h1>"},"widgetMenu":{"menuName":"Select","menuColor":""},"widgetImg":{"imgUrl":"/","imgSize":"original","imgAlignment":"default"},"widgetForm":[],"widgetSlider":[],"widgetSform":[],"widgetPostSlider":[],"widgetTestimonialSlider":[],"widgetSocialFeed":[],"widgetButton":{"btnText":"Click Me","btnLink":"https://pluginops.com/page-builder/?ref=LPBTempButton","btnTextColor":"#fff","btnFontSize":"","btnBgColor":"#333","btnWidth":"40","btnHeight":"20","btnHoverBgColor":"#222","btnBorderColor":"","btnBorderWidth":"","btnBorderRadius":"10","btnButtonAlignment":null},"widgetSubscribeForm":{"pbFormID":"ulpb_form257","formLayout":"stacked","showNameField":"block","successAction":"showMessage","successURL":"","successMessage":"Thanks for subscribing! Please check your email for further instructions.","formBtnText":"Subscribe","formBtnHeight":"20","formBtnWidth":"40","formBtnBgColor":"#333","formBtnColor":"#fff","formBtnHoverBgColor":"#e3e3e3","formBtnFontSize":"16","formBtnBorderWidth":"1","formBtnBorderColor":"#111","formBtnBorderRadius":"5"}},{"widgetType":"wigt-WYSIWYG","widgetStyling":"border-top: 2px solid #fd6c3f;\nborder-bottom: 2px solid #fd6c3f;","widgetMtop":"0","widgetMleft":"32","widgetMbottom":"0","widgetMright":"32","widgetBgColor":"transparent","widgetWYSIWYG":{"widgetContent":"<h2 data-mce-style=\"text-align: center;\" style=\"text-align: center; margin:3% 0;\"><span style=\"color: #ffffff;\" data-mce-style=\"color: #ffffff;\"><strong>WIN A TRIP FOR 2 TO SWITZERLAND</strong></span></h2>"},"widgetMenu":{"menuName":"Select","menuColor":""},"widgetImg":{"imgUrl":"/","imgSize":"original","imgAlignment":"default"},"widgetForm":[],"widgetSlider":[],"widgetSform":[],"widgetPostSlider":[],"widgetTestimonialSlider":[],"widgetSocialFeed":[],"widgetButton":{"btnText":"Click Me","btnLink":"https://pluginops.com/page-builder/?ref=LPBTempButton","btnTextColor":"#fff","btnFontSize":"","btnBgColor":"#333","btnWidth":"40","btnHeight":"20","btnHoverBgColor":"#222","btnBorderColor":"","btnBorderWidth":"","btnBorderRadius":"10","btnButtonAlignment":null},"widgetSubscribeForm":{"pbFormID":"ulpb_form257","formLayout":"stacked","showNameField":"block","successAction":"showMessage","successURL":"","successMessage":"Thanks for subscribing! Please check your email for further instructions.","formBtnText":"Subscribe","formBtnHeight":"20","formBtnWidth":"40","formBtnBgColor":"#333","formBtnColor":"#fff","formBtnHoverBgColor":"#e3e3e3","formBtnFontSize":"16","formBtnBorderWidth":"1","formBtnBorderColor":"#111","formBtnBorderRadius":"5"}},{"widgetType":"wigt-WYSIWYG","widgetStyling":"","widgetMtop":"0","widgetMleft":"34","widgetMbottom":"0","widgetMright":"34","widgetBgColor":"transparent","widgetWYSIWYG":{"widgetContent":"<h4 data-mce-style=\"text-align: center;\" style=\"text-align: center;\"><span style=\"color: rgb(158, 166, 170);\" data-mce-style=\"color: #9ea6aa;\">A full complimentary stay in swiss mountain resort for 6 days and flight tickets from anywhere in the world.</span></h4>"},"widgetMenu":{"menuName":"Select","menuColor":""},"widgetImg":{"imgUrl":"/","imgSize":"original","imgAlignment":"default"},"widgetForm":[],"widgetSlider":[],"widgetSform":[],"widgetPostSlider":[],"widgetTestimonialSlider":[],"widgetSocialFeed":[],"widgetButton":{"btnText":"Click Me","btnLink":"https://pluginops.com/page-builder/?ref=LPBTempButton","btnTextColor":"#fff","btnFontSize":"","btnBgColor":"#333","btnWidth":"40","btnHeight":"20","btnHoverBgColor":"#222","btnBorderColor":"","btnBorderWidth":"","btnBorderRadius":"10","btnButtonAlignment":null},"widgetSubscribeForm":{"pbFormID":"ulpb_form257","formLayout":"stacked","showNameField":"block","successAction":"showMessage","successURL":"","successMessage":"Thanks for subscribing! Please check your email for further instructions.","formBtnText":"Subscribe","formBtnHeight":"20","formBtnWidth":"40","formBtnBgColor":"#333","formBtnColor":"#fff","formBtnHoverBgColor":"#e3e3e3","formBtnFontSize":"16","formBtnBorderWidth":"1","formBtnBorderColor":"#111","formBtnBorderRadius":"5"}},{"widgetType":"wigt-btn-gen","widgetStyling":"/* Custom CSS for widget here. */","widgetMtop":"0","widgetMleft":"0","widgetMbottom":"0","widgetMright":"0","widgetBgColor":"transparent","widgetWYSIWYG":{"widgetContent":"<p>Some Text</p>"},"widgetMenu":{"menuName":"Select","menuColor":""},"widgetImg":{"imgUrl":"/","imgSize":"original","imgAlignment":"default"},"widgetForm":[],"widgetSlider":[],"widgetSform":[],"widgetPostSlider":[],"widgetTestimonialSlider":[],"widgetSocialFeed":[],"widgetButton":{"btnText":"ENTER THE CONTEST","btnLink":"https://pluginops.com/page-builder/?ref=LPBTempButton","btnTextColor":"#fff","btnFontSize":"20","btnBgColor":"#fd6c3f","btnWidth":"55","btnHeight":"24","btnHoverBgColor":"#fc4a14","btnBorderColor":"#fc3e05","btnBorderWidth":"0","btnBorderRadius":"10","btnButtonAlignment":"center"},"widgetSubscribeForm":{"pbFormID":"ulpb_form257","formLayout":"stacked","showNameField":"block","successAction":"showMessage","successURL":"","successMessage":"Thanks for subscribing! Please check your email for further instructions.","formBtnText":"Subscribe","formBtnHeight":"20","formBtnWidth":"40","formBtnBgColor":"#333","formBtnColor":"#fff","formBtnHoverBgColor":"#e3e3e3","formBtnFontSize":"16","formBtnBorderWidth":"1","formBtnBorderColor":"#111","formBtnBorderRadius":"5"}}],"columnOptions":{"bg_color":"transparent","margin":{"columnMarginTop":"0","columnMarginBottom":"0","columnMarginLeft":"0","columnMarginRight":"0"},"padding":{"columnPaddingTop":"0","columnPaddingBottom":"0","columnPaddingLeft":"0","columnPaddingRight":"0"},"width":"100.00"}},"column2":{"colWidgets":0,"columnOptions":{"bg_color":"transparent","margin":{"columnMarginTop":0,"columnMarginBottom":0,"columnMarginLeft":0,"columnMarginRight":0},"padding":{"columnPaddingTop":0,"columnPaddingBottom":0,"columnPaddingLeft":0,"columnPaddingRight":0},"width":""}},"column3":{"colWidgets":0,"columnOptions":{"bg_color":"transparent","margin":{"columnMarginTop":0,"columnMarginBottom":0,"columnMarginLeft":0,"columnMarginRight":0},"padding":{"columnPaddingTop":0,"columnPaddingBottom":0,"columnPaddingLeft":0,"columnPaddingRight":0},"width":""}},"column4":{"colWidgets":0,"columnOptions":{"bg_color":"transparent","margin":{"columnMarginTop":0,"columnMarginBottom":0,"columnMarginLeft":0,"columnMarginRight":0},"padding":{"columnPaddingTop":0,"columnPaddingBottom":0,"columnPaddingLeft":0,"columnPaddingRight":0},"width":""}},"column5":{"colWidgets":0,"columnOptions":{"bg_color":"transparent","margin":{"columnMarginTop":0,"columnMarginBottom":0,"columnMarginLeft":0,"columnMarginRight":0},"padding":{"columnPaddingTop":0,"columnPaddingBottom":0,"columnPaddingLeft":0,"columnPaddingRight":0},"width":""}},"column6":{"colWidgets":0,"columnOptions":{"bg_color":"transparent","margin":{"columnMarginTop":0,"columnMarginBottom":0,"columnMarginLeft":0,"columnMarginRight":0},"padding":{"columnPaddingTop":0,"columnPaddingBottom":0,"columnPaddingLeft":0,"columnPaddingRight":0},"width":""}},"column7":{"colWidgets":0,"columnOptions":{"bg_color":"transparent","margin":{"columnMarginTop":0,"columnMarginBottom":0,"columnMarginLeft":0,"columnMarginRight":0},"padding":{"columnPaddingTop":0,"columnPaddingBottom":0,"columnPaddingLeft":0,"columnPaddingRight":0},"width":""}},"column8":{"colWidgets":0,"columnOptions":{"bg_color":"transparent","margin":{"columnMarginTop":0,"columnMarginBottom":0,"columnMarginLeft":0,"columnMarginRight":0},"padding":{"columnPaddingTop":0,"columnPaddingBottom":0,"columnPaddingLeft":0,"columnPaddingRight":0},"width":""}}},{"rowID":"ulpb_Row46313","rowHeight":"320","columns":"1","columnsDivRule":"none","rowData":{"bg_color":"transparent","bg_img":"","margin":{"rowMarginTop":"0","rowMarginBottom":"0","rowMarginLeft":"0","rowMarginRight":"0"},"padding":{"rowPaddingTop":"0","rowPaddingBottom":"0","rowPaddingLeft":"0","rowPaddingRight":"0"},"customStyling":"/* Insert your custom CSS here. */","customJS":"/* Insert your JS codes here. */"},"column1":{"colWidgets":[{"widgetType":"wigt-WYSIWYG","widgetStyling":"/* Custom CSS for widget here. */","widgetMtop":"0","widgetMleft":"0","widgetMbottom":"0","widgetMright":"0","widgetBgColor":"transparent","widgetWYSIWYG":{"widgetContent":"<h3 style=\"text-align: center;\"><img class=\"\" src=\"https://smuzthemes.com/wp-content/uploads/2017/02/plus-sign.png\" width=\"33\" height=\"33\" /></h3>\n&nbsp;\n<h3 style=\"text-align: center;\"><span style=\"color: #ffffff;\">$1000 HIKING GEAR PROVIDED</span></h3>\n<h3 style=\"text-align: center;\"><span style=\"color: #ffffff;\">BY THE MOUNTAIN RESORT COMPANY</span></h3>"},"widgetMenu":{"menuName":"Select","menuColor":""},"widgetImg":{"imgUrl":"/","imgSize":"original","imgAlignment":"default"},"widgetForm":[],"widgetSlider":[],"widgetSform":[],"widgetPostSlider":[],"widgetTestimonialSlider":[],"widgetSocialFeed":[],"widgetButton":{"btnText":"Click Me","btnLink":"https://pluginops.com/page-builder/?ref=LPBTempButton","btnTextColor":"#fff","btnFontSize":"","btnBgColor":"#333","btnWidth":"40","btnHeight":"20","btnHoverBgColor":"#222","btnBorderColor":"","btnBorderWidth":"","btnBorderRadius":"10","btnButtonAlignment":null},"widgetSubscribeForm":{"pbFormID":"ulpb_form257","formLayout":"stacked","showNameField":"block","successAction":"showMessage","successURL":"","successMessage":"Thanks for subscribing! Please check your email for further instructions.","formBtnText":"Subscribe","formBtnHeight":"20","formBtnWidth":"40","formBtnBgColor":"#333","formBtnColor":"#fff","formBtnHoverBgColor":"#e3e3e3","formBtnFontSize":"16","formBtnBorderWidth":"1","formBtnBorderColor":"#111","formBtnBorderRadius":"5"}},{"widgetType":"wigt-WYSIWYG","widgetStyling":"/* Custom CSS for widget here. */","widgetMtop":"0","widgetMleft":"0","widgetMbottom":"0","widgetMright":"0","widgetBgColor":"transparent","widgetWYSIWYG":{"widgetContent":"<h4 style=\"padding: 5px; width: 60px; margin:0 auto; background: rgba(255, 255, 255, 0.709804); text-align: center;\"><span style=\"color: #333333;\">MRC</span></h4>"},"widgetMenu":{"menuName":"Select","menuColor":""},"widgetImg":{"imgUrl":"/","imgSize":"original","imgAlignment":"default"},"widgetForm":[],"widgetSlider":[],"widgetSform":[],"widgetPostSlider":[],"widgetTestimonialSlider":[],"widgetSocialFeed":[],"widgetButton":{"btnText":"Click Me","btnLink":"https://pluginops.com/page-builder/?ref=LPBTempButton","btnTextColor":"#fff","btnFontSize":"","btnBgColor":"#333","btnWidth":"40","btnHeight":"20","btnHoverBgColor":"#222","btnBorderColor":"","btnBorderWidth":"","btnBorderRadius":"10","btnButtonAlignment":null},"widgetSubscribeForm":{"pbFormID":"ulpb_form257","formLayout":"stacked","showNameField":"block","successAction":"showMessage","successURL":"","successMessage":"Thanks for subscribing! Please check your email for further instructions.","formBtnText":"Subscribe","formBtnHeight":"20","formBtnWidth":"40","formBtnBgColor":"#333","formBtnColor":"#fff","formBtnHoverBgColor":"#e3e3e3","formBtnFontSize":"16","formBtnBorderWidth":"1","formBtnBorderColor":"#111","formBtnBorderRadius":"5"}}],"columnOptions":{"bg_color":"transparent","margin":{"columnMarginTop":"0","columnMarginBottom":"0","columnMarginLeft":"0","columnMarginRight":"0"},"padding":{"columnPaddingTop":"0","columnPaddingBottom":"0","columnPaddingLeft":"0","columnPaddingRight":"0"},"width":"100.00"}},"column2":{"colWidgets":0,"columnOptions":{"bg_color":"transparent","margin":{"columnMarginTop":0,"columnMarginBottom":0,"columnMarginLeft":0,"columnMarginRight":0},"padding":{"columnPaddingTop":0,"columnPaddingBottom":0,"columnPaddingLeft":0,"columnPaddingRight":0},"width":""}},"column3":{"colWidgets":0,"columnOptions":{"bg_color":"transparent","margin":{"columnMarginTop":0,"columnMarginBottom":0,"columnMarginLeft":0,"columnMarginRight":0},"padding":{"columnPaddingTop":0,"columnPaddingBottom":0,"columnPaddingLeft":0,"columnPaddingRight":0},"width":""}},"column4":{"colWidgets":0,"columnOptions":{"bg_color":"transparent","margin":{"columnMarginTop":0,"columnMarginBottom":0,"columnMarginLeft":0,"columnMarginRight":0},"padding":{"columnPaddingTop":0,"columnPaddingBottom":0,"columnPaddingLeft":0,"columnPaddingRight":0},"width":""}},"column5":{"colWidgets":0,"columnOptions":{"bg_color":"transparent","margin":{"columnMarginTop":0,"columnMarginBottom":0,"columnMarginLeft":0,"columnMarginRight":0},"padding":{"columnPaddingTop":0,"columnPaddingBottom":0,"columnPaddingLeft":0,"columnPaddingRight":0},"width":""}},"column6":{"colWidgets":0,"columnOptions":{"bg_color":"transparent","margin":{"columnMarginTop":0,"columnMarginBottom":0,"columnMarginLeft":0,"columnMarginRight":0},"padding":{"columnPaddingTop":0,"columnPaddingBottom":0,"columnPaddingLeft":0,"columnPaddingRight":0},"width":""}},"column7":{"colWidgets":0,"columnOptions":{"bg_color":"transparent","margin":{"columnMarginTop":0,"columnMarginBottom":0,"columnMarginLeft":0,"columnMarginRight":0},"padding":{"columnPaddingTop":0,"columnPaddingBottom":0,"columnPaddingLeft":0,"columnPaddingRight":0},"width":""}},"column8":{"colWidgets":0,"columnOptions":{"bg_color":"transparent","margin":{"columnMarginTop":0,"columnMarginBottom":0,"columnMarginLeft":0,"columnMarginRight":0},"padding":{"columnPaddingTop":0,"columnPaddingBottom":0,"columnPaddingLeft":0,"columnPaddingRight":0},"width":""}}}],"":{"parse":true,"emulateHTTP":false,"emulateJSON":false,"xhr":{"readyState":4,"responseText":"\"\"","responseJSON":"","status":200,"statusText":"OK"}},"wait":true,"RowsDivided":0}