{"pageID":"6034","postType":"ulpb_post","pageLink":"","pageTitle":"","pageStatus":"publish","pageBuilderVersion":"1.4.6.9","pageOptions":{"setFrontPage":"false","loadWpHead":"false","loadWpFooter":"false","pageBgImage":"","pageBgColor":"transparent","pageLink":"template-63-free-e-book","pagePadding":{"pagePaddingTop":"","pagePaddingBottom":"","pagePaddingLeft":"","pagePaddingRight":""},"pagePaddingTablet":{"pagePaddingTopTablet":"","pagePaddingBottomTablet":"","pagePaddingLeftTablet":"","pagePaddingRightTablet":""},"pagePaddingMobile":{"pagePaddingTopMobile":"","pagePaddingBottomMobile":"","pagePaddingLeftMobile":"","pagePaddingRightMobile":""},"pageSeoName":"Template #63 - Free  E-Book ","pageSeoDescription":"","pageSeoKeywords":"","pageLogoUrl":"","pageFavIconUrl":"","MultiVariantTesting":{"VariantB":null,"VariantC":null,"VariantD":null},"POcustomCSS":"/* Add your custom CSS here.*/","POcustomJS":"/* Add your custom Javascript here.*/","POPBDefaults":{"POPBDefaultsEnable":"false","POPB_typefaces":{"typefaceHOne":"Arial","typefaceHTwo":"Arial","typefaceH3":"Arial","typefaceH4":"Arial","typefaceH5":"Arial","typefaceH6":"Arial","typefaceParagraph":"Arial","typefaceButton":"Arial","typefaceAnchorLink":"Arial"},"POPB_typeSizes":{"typeSizeHOne":"45","typeSizeHTwo":"32","typeSizeParagraph":"15","typeSizeButton":"16","typeSizeAnchorLink":"15","typeSizeHOneTablet":"","typeSizeHOneMobile":"","typeSizeHTwoTablet":"","typeSizeHTwoMobile":"","typeSizeH3":"26","typeSizeH3Tablet":"","typeSizeH3Mobile":"","typeSizeH4":"22","typeSizeH4Tablet":"","typeSizeH4Mobile":"","typeSizeH5":"20","typeSizeH5Tablet":"","typeSizeH5Mobile":"","typeSizeH6":"18","typeSizeH6Tablet":"","typeSizeH6Mobile":"","typeSizeParagraphTablet":"","typeSizeParagraphMobile":"","typeSizeButtonTablet":"","typeSizeButtonMobile":"","typeSizeAnchorLinkTablet":"","typeSizeAnchorLinkMobile":""}},"bodyBackgroundType":"solid","bodyGradient":{"bodyGradientColorFirst":"","bodyGradientLocationFirst":"","bodyGradientColorSecond":"","bodyGradientLocationSecond":"","bodyGradientType":null,"bodyGradientPosition":null,"bodyGradientAngle":""},"bodyHoverOptions":{"bodyBgColorHover":"","bodyHoverTransitionDuration":"","bodyGradientHover":{"bodyGradientColorFirstHover":"","bodyGradientLocationFirstHover":"","bodyGradientColorSecondHover":"","bodyGradientLocationSecondHover":"","bodyGradientTypeHover":null,"bodyGradientPositionHover":null,"bodyGradientAngleHover":""}},"bodyOverlayGradient":{"bodyOverlayGradientColorFirst":"","bodyOverlayGradientLocationFirst":"","bodyOverlayGradientColorSecond":"","bodyOverlayGradientLocationSecond":"","bodyOverlayGradientType":null,"bodyOverlayGradientPosition":null,"bodyOverlayGradientAngle":""},"bodyBgOverlayColor":"","bodyBorderRadius":[]},"formMailchimp":{"listId":"","apiKey":""},"Rows":[{"rowID":"ulpb_Row43330","rowHeight":"100","rowHeightUnit":"px","rowHeightTablet":"","rowHeightUnitTablet":null,"rowHeightMobile":"","rowHeightUnitMobile":null,"columns":"1","columnsDivRule":"none","rowData":{"rowCustomClass":"","bg_color":"hsv(0, 0%, 100%)","bg_img":"","margin":{"rowMarginTop":"0","rowMarginBottom":"0","rowMarginLeft":"0","rowMarginRight":"0"},"marginTablet":{"rMTT":"0","rMBT":"0","rMLT":"0","rMRT":"0"},"marginMobile":{"rMTM":"0","rMBM":"0","rMLM":"0","rMRM":"0"},"padding":{"rowPaddingTop":"4","rowPaddingBottom":"4","rowPaddingLeft":"15","rowPaddingRight":"15"},"paddingTablet":{"rPTT":"1.5","rPBT":"1.5","rPLT":"1.5","rPRT":"1.5"},"paddingMobile":{"rPTM":"1.5","rPBM":"1.5","rPLM":"1.5","rPRM":"1.5"},"video":{"rowBgVideoEnable":"false","rowBgVideoLoop":"loop","rowVideoMpfour":" ","rowVideoWebM":" ","rowVideoThumb":" ","rowVideoType":"mp4","rowVideoYtUrl":""},"customStyling":"/* Insert your custom CSS for this row here. */","customJS":" ","rowBackgroundType":"gradient","rowBackgroundParallax":"false","rowGradient":{"rowGradientColorFirst":"#717171","rowGradientLocationFirst":"40","rowGradientColorSecond":"#999999","rowGradientLocationSecond":"100","rowGradientType":"linear","rowGradientPosition":"top left","rowGradientAngle":"180"},"rowHoverOptions":{"rowBgColorHover":"hsv(0, 0%, 0%)","rowHoverTransitionDuration":"","rowGradientHover":{"rowGradientColorFirstHover":"hsv(0, 0%, 0%)","rowGradientLocationFirstHover":"","rowGradientColorSecondHover":"hsv(0, 0%, 0%)","rowGradientLocationSecondHover":"","rowGradientTypeHover":null,"rowGradientPositionHover":null,"rowGradientAngleHover":""}},"rowOverlayGradient":{"rowOverlayGradientColorFirst":"hsv(0, 0%, 0%)","rowOverlayGradientLocationFirst":"","rowOverlayGradientColorSecond":"hsv(0, 0%, 0%)","rowOverlayGradientLocationSecond":"","rowOverlayGradientType":null,"rowOverlayGradientPosition":null,"rowOverlayGradientAngle":""},"rowBgOverlayColor":"hsv(0, 0%, 0%)","rowHideOnDesktop":null,"rowHideOnTablet":null,"rowHideOnMobile":null,"bgSTop":{"rbgstType":"none","rbgstColor":"hsv(0, 0%, 100%)","rbgstWidth":"100","rbgstWidtht":"","rbgstWidthm":"","rbgstHeight":"200","rbgstHeightt":"","rbgstHeightm":"","rbgstFlipped":"false","rbgstFront":"false"},"bgSBottom":{"rbgsbType":"none","rbgsbColor":"hsv(0, 0%, 100%)","rbgsbWidth":"100","rbgsbWidtht":"","rbgsbWidthm":"","rbgsbHeight":"200","rbgsbHeightt":"","rbgsbHeightm":"","rbgsbFlipped":"false","rbgsbFront":"false"}},"column1":{"colWidgets":[{"widgetType":"wigt-pb-text","widgetStyling":"/* Custom CSS for widget here. */","widgetMtop":"0","widgetMleft":"0","widgetMbottom":"0","widgetMright":"0","widgetPtop":"0","widgetPleft":"0","widgetPbottom":"0","widgetPright":"0","widgetPaddingTablet":{"rPTT":"1.5","rPBT":"1.5","rPLT":"1.5","rPRT":"1.5"},"widgetPaddingMobile":{"rPTM":"1.5","rPBM":"1.5","rPLM":"1.5","rPRM":"1.5"},"widgetMarginTablet":{"rMTT":"0","rMBT":"0","rMLT":"0","rMRT":"0"},"widgetMarginMobile":{"rMTM":"0","rMBM":"0","rMLM":"0","rMRM":"0"},"widgetBgColor":"transparent","widgetAnimation":"","widgetBorderWidth":"","widgetBorderStyle":null,"widgetBorderColor":"","widgetBoxShadowH":"","widgetBoxShadowV":"","widgetBoxShadowBlur":"","widgetBoxShadowColor":"","widgetIsInline":null,"widgetIsInlineTablet":null,"widgetIsInlineMobile":null,"widgetCustomClass":"","widgBgImg":"","widgBackgroundType":"solid","widgGradient":{"widgGradientColorFirst":"#dd9933","widgGradientLocationFirst":"55","widgGradientColorSecond":"#eeee22","widgGradientLocationSecond":"50","widgGradientType":"linear","widgGradientPosition":"top left","widgGradientAngle":"135"},"widgHoverOptions":{"widgBgColorHover":"hsv(0, 0%, 0%)","widgHoverTransitionDuration":"","widgetHoverAnimation":"","widgGradientHover":{"widgGradientColorFirstHover":"hsv(0, 0%, 0%)","widgGradientLocationFirstHover":"","widgGradientColorSecondHover":"hsv(0, 0%, 0%)","widgGradientLocationSecondHover":"","widgGradientTypeHover":"linear","widgGradientPositionHover":"top left","widgGradientAngleHover":""}},"widgHideOnDesktop":null,"widgHideOnTablet":null,"widgHideOnMobile":null,"widgetText":{"widgetTextContent":" <span class=\"elLtWrapped defaultELt\"> GET YOUR FREE COPY <span class=\"elLtWrapped\" style=\"color: rgb(236, 194, 0);\">NOW</span> </span> <div class=\"ltwFontScript\" style=\"display:none;\">     </div>","widgetTextAlignment":"left","widgetTextAlignmentTablet":null,"widgetTextAlignmentMobile":null,"widgetTextTag":"h1","wtextLink":"","widgetTextColor":"rgb(255, 255, 255)","widgetTextSize":"60","widgetTextFamily":"Roboto+Slab","widgetTextWeight":"900","widgetTextTransform":"none","widgetTextLineHeight":"","widgetTextSpacing":"","widgetTextBold":true,"widgetTextItalic":false,"widgetTextUnderlined":false,"widgetTextSizeTablet":" ","widgetTextSizeMobile":" ","widgetTextLineHeightTablet":"","widgetTextLineHeightMobile":"","widgetTextSpacingTablet":"","widgetTextSpacingMobile":""},"borderRadius":{"wbrt":"","wbrb":"","wbrl":"","wbrr":""},"borderWidth":{"wbwt":"","wbwb":"","wbwl":"","wbwr":""}},{"widgetType":"wigt-pb-text","widgetStyling":"/* Custom CSS for widget here. */","widgetMtop":"0","widgetMleft":"0","widgetMbottom":"0","widgetMright":"0","widgetPtop":"0","widgetPleft":"0","widgetPbottom":"0","widgetPright":"0","widgetPaddingTablet":{"rPTT":"1.5","rPBT":"1.5","rPLT":"1.5","rPRT":"1.5"},"widgetPaddingMobile":{"rPTM":"1.5","rPBM":"1.5","rPLM":"1.5","rPRM":"1.5"},"widgetMarginTablet":{"rMTT":"0","rMBT":"0","rMLT":"0","rMRT":"0"},"widgetMarginMobile":{"rMTM":"0","rMBM":"0","rMLM":"0","rMRM":"0"},"widgetBgColor":"transparent","widgetAnimation":"","widgetBorderWidth":"","widgetBorderStyle":null,"widgetBorderColor":"","widgetBoxShadowH":"","widgetBoxShadowV":"","widgetBoxShadowBlur":"","widgetBoxShadowColor":"","widgetIsInline":null,"widgetIsInlineTablet":null,"widgetIsInlineMobile":null,"widgetCustomClass":"","widgBgImg":"","widgBackgroundType":"solid","widgGradient":{"widgGradientColorFirst":"#dd9933","widgGradientLocationFirst":"55","widgGradientColorSecond":"#eeee22","widgGradientLocationSecond":"50","widgGradientType":"linear","widgGradientPosition":"top left","widgGradientAngle":"135"},"widgHoverOptions":{"widgBgColorHover":"hsv(0, 0%, 0%)","widgHoverTransitionDuration":"","widgetHoverAnimation":"","widgGradientHover":{"widgGradientColorFirstHover":"hsv(0, 0%, 0%)","widgGradientLocationFirstHover":"","widgGradientColorSecondHover":"hsv(0, 0%, 0%)","widgGradientLocationSecondHover":"","widgGradientTypeHover":"linear","widgGradientPositionHover":"top left","widgGradientAngleHover":""}},"widgHideOnDesktop":null,"widgHideOnTablet":null,"widgHideOnMobile":null,"widgetText":{"widgetTextContent":"Bring your business to real club","widgetTextAlignment":"left","widgetTextAlignmentTablet":null,"widgetTextAlignmentMobile":null,"widgetTextTag":"h2","wtextLink":"","widgetTextColor":"rgb(236, 194, 0)","widgetTextSize":"42","widgetTextFamily":"Roboto+Slab","widgetTextWeight":"","widgetTextTransform":"none","widgetTextLineHeight":"","widgetTextSpacing":"","widgetTextBold":false,"widgetTextItalic":false,"widgetTextUnderlined":false,"widgetTextSizeTablet":" ","widgetTextSizeMobile":" ","widgetTextLineHeightTablet":"","widgetTextLineHeightMobile":"","widgetTextSpacingTablet":"","widgetTextSpacingMobile":""},"borderRadius":{"wbrt":"","wbrb":"","wbrl":"","wbrr":""},"borderWidth":{"wbwt":"","wbwb":"","wbwl":"","wbwr":""}},{"widgetType":"wigt-pb-liveText","widgetStyling":"/* Custom CSS for widget here. */","widgetMtop":"0","widgetMleft":"0","widgetMbottom":"0","widgetMright":"0","widgetPtop":"0","widgetPleft":"0","widgetPbottom":"0","widgetPright":"0","widgetPaddingTablet":{"rPTT":"1.5","rPBT":"1.5","rPLT":"1.5","rPRT":"1.5"},"widgetPaddingMobile":{"rPTM":"1.5","rPBM":"1.5","rPLM":"1.5","rPRM":"1.5"},"widgetMarginTablet":{"rMTT":"0","rMBT":"0","rMLT":"0","rMRT":"0"},"widgetMarginMobile":{"rMTM":"0","rMBM":"0","rMLM":"0","rMRM":"0"},"widgetBgColor":"transparent","widgetAnimation":"","widgetBorderStyle":null,"widgetBorderColor":"","widgetBoxShadowH":"","widgetBoxShadowV":"","widgetBoxShadowBlur":"","widgetBoxShadowColor":"","widgetIsInline":null,"widgetIsInlineTablet":null,"widgetIsInlineMobile":null,"widgetCustomClass":"","widgBgImg":"","widgBackgroundType":"solid","widgGradient":{"widgGradientColorFirst":"#dd9933","widgGradientLocationFirst":"55","widgGradientColorSecond":"#eeee22","widgGradientLocationSecond":"50","widgGradientType":"linear","widgGradientPosition":"top left","widgGradientAngle":"135"},"widgHoverOptions":{"widgBgColorHover":"hsv(0, 0%, 0%)","widgHoverTransitionDuration":"","widgetHoverAnimation":"","widgGradientHover":{"widgGradientColorFirstHover":"hsv(0, 0%, 0%)","widgGradientLocationFirstHover":"","widgGradientColorSecondHover":"hsv(0, 0%, 0%)","widgGradientLocationSecondHover":"","widgGradientTypeHover":"linear","widgGradientPositionHover":"top left","widgGradientAngleHover":""}},"widgHideOnDesktop":null,"widgHideOnTablet":null,"widgHideOnMobile":null,"wLText":{"wltc":"&nbsp;\n<h3 class=\"elLtWrapped\" style=\"text-align: left; font-family: Roboto;\">Everyone at the top has been there, and everyone has success secrets. <br>\nI want to share mine with you in a free e-book!</h3>","wltfs":"  <link rel=\"stylesheet\" href=\"https://fonts.googleapis.com/css?family=Roboto\" class=\"loadedfont-Roboto\">"},"borderRadius":{"wbrt":"","wbrb":"","wbrl":"","wbrr":""},"borderWidth":{"wbwt":"","wbwb":"","wbwl":"","wbwr":""}}],"columnOptions":{"bg_color":"transparent","margin":{"columnMarginTop":"0","columnMarginBottom":"0","columnMarginLeft":"0","columnMarginRight":"0"},"padding":{"columnPaddingTop":"0","columnPaddingBottom":"0","columnPaddingLeft":"0","columnPaddingRight":"0"},"paddingTablet":{"rPTT":"","rPBT":"","rPLT":"","rPRT":""},"paddingMobile":{"rPTM":"","rPBM":"","rPLM":"","rPRM":""},"marginTablet":{"rMTT":"","rMBT":"","rMLT":"","rMRT":""},"marginMobile":{"rMTM":"","rMBM":"","rMLM":"","rMRM":""},"width":"","widthTablet":"","widthMobile":"","columnCSS":"/* Add column custom styling here */","columnCustomClass":"","colHideOnDesktop":null,"colHideOnTablet":null,"colHideOnMobile":null,"colBoxShadow":{"colBoxShadowH":"","colBoxShadowV":"","colBoxShadowBlur":"","colBoxShadowColor":"hsv(0, 0%, 0%)"},"colBorder":{"colBorderWidth":"","colBorderStyle":null,"colBorderColor":"hsv(0, 0%, 0%)","colBorderRadius":""},"colBgImg":"","colBackgroundType":"solid","colGradient":{"colGradientColorFirst":"#dd9933","colGradientLocationFirst":"55","colGradientColorSecond":"#eeee22","colGradientLocationSecond":"50","colGradientType":"linear","colGradientPosition":"top left","colGradientAngle":"135"},"colHoverOptions":{"colBgColorHover":"","colHoverTransitionDuration":"","colGradientHover":{"colGradientColorFirstHover":"hsv(0, 0%, 0%)","colGradientLocationFirstHover":"","colGradientColorSecondHover":"hsv(0, 0%, 0%)","colGradientLocationSecondHover":"","colGradientTypeHover":"linear","colGradientPositionHover":"top left","colGradientAngleHover":""}}}}},{"rowID":"ulpb_Row70160","rowHeight":"100","rowHeightUnit":"px","rowHeightTablet":"","rowHeightUnitTablet":null,"rowHeightMobile":"","rowHeightUnitMobile":null,"columns":"2","columnsDivRule":"none","rowData":{"rowCustomClass":"","bg_color":"hsv(0, 0%, 100%)","bg_img":"","margin":{"rowMarginTop":"-1","rowMarginBottom":"0","rowMarginLeft":"0","rowMarginRight":"0"},"marginTablet":{"rMTT":"0","rMBT":"0","rMLT":"0","rMRT":"0"},"marginMobile":{"rMTM":"0","rMBM":"0","rMLM":"0","rMRM":"0"},"padding":{"rowPaddingTop":"4","rowPaddingBottom":"4","rowPaddingLeft":"10","rowPaddingRight":"10"},"paddingTablet":{"rPTT":"1.5","rPBT":"1.5","rPLT":"1.5","rPRT":"1.5"},"paddingMobile":{"rPTM":"1.5","rPBM":"1.5","rPLM":"1.5","rPRM":"1.5"},"video":{"rowBgVideoEnable":"false","rowBgVideoLoop":"loop","rowVideoMpfour":" ","rowVideoWebM":" ","rowVideoThumb":" ","rowVideoType":"mp4","rowVideoYtUrl":""},"customStyling":"/* Insert your custom CSS for this row here. */","customJS":" ","rowBackgroundType":"gradient","rowBackgroundParallax":"false","rowGradient":{"rowGradientColorFirst":"#989898","rowGradientLocationFirst":"40","rowGradientColorSecond":"#beb4b4","rowGradientLocationSecond":"100","rowGradientType":"linear","rowGradientPosition":"top left","rowGradientAngle":"180"},"rowHoverOptions":{"rowBgColorHover":"hsv(0, 0%, 0%)","rowHoverTransitionDuration":"","rowGradientHover":{"rowGradientColorFirstHover":"hsv(0, 0%, 0%)","rowGradientLocationFirstHover":"","rowGradientColorSecondHover":"hsv(0, 0%, 0%)","rowGradientLocationSecondHover":"","rowGradientTypeHover":null,"rowGradientPositionHover":null,"rowGradientAngleHover":""}},"rowOverlayGradient":{"rowOverlayGradientColorFirst":"hsv(0, 0%, 0%)","rowOverlayGradientLocationFirst":"","rowOverlayGradientColorSecond":"hsv(0, 0%, 0%)","rowOverlayGradientLocationSecond":"","rowOverlayGradientType":null,"rowOverlayGradientPosition":null,"rowOverlayGradientAngle":""},"rowBgOverlayColor":"hsv(0, 0%, 0%)","rowHideOnDesktop":null,"rowHideOnTablet":null,"rowHideOnMobile":null,"bgSTop":{"rbgstType":"none","rbgstColor":"hsv(0, 0%, 100%)","rbgstWidth":"100","rbgstWidtht":"","rbgstWidthm":"","rbgstHeight":"200","rbgstHeightt":"","rbgstHeightm":"","rbgstFlipped":"false","rbgstFront":"false"},"bgSBottom":{"rbgsbType":"none","rbgsbColor":"hsv(0, 0%, 100%)","rbgsbWidth":"100","rbgsbWidtht":"","rbgsbWidthm":"","rbgsbHeight":"200","rbgsbHeightt":"","rbgsbHeightm":"","rbgsbFlipped":"false","rbgsbFront":"false"}},"column1":{"colWidgets":[{"widgetType":"wigt-img","widgetStyling":"/* Custom CSS for widget here. */","widgetMtop":"0","widgetMleft":"5","widgetMbottom":"0","widgetMright":"5","widgetPtop":"0","widgetPleft":"0","widgetPbottom":"0","widgetPright":"0","widgetPaddingTablet":{"rPTT":"1.5","rPBT":"1.5","rPLT":"1.5","rPRT":"1.5"},"widgetPaddingMobile":{"rPTM":"1.5","rPBM":"1.5","rPLM":"1.5","rPRM":"1.5"},"widgetMarginTablet":{"rMTT":"0","rMBT":"0","rMLT":"0","rMRT":"0"},"widgetMarginMobile":{"rMTM":"0","rMBM":"0","rMLM":"0","rMRM":"0"},"widgetBgColor":"transparent","widgetAnimation":"","widgetBorderStyle":null,"widgetBorderColor":"","widgetBoxShadowH":"","widgetBoxShadowV":"","widgetBoxShadowBlur":"","widgetBoxShadowColor":"","widgetIsInline":null,"widgetIsInlineTablet":null,"widgetIsInlineMobile":null,"widgetCustomClass":"","widgBgImg":"","widgBackgroundType":"solid","widgGradient":{"widgGradientColorFirst":"#dd9933","widgGradientLocationFirst":"55","widgGradientColorSecond":"#eeee22","widgGradientLocationSecond":"50","widgGradientType":"linear","widgGradientPosition":"top left","widgGradientAngle":"135"},"widgHoverOptions":{"widgBgColorHover":"hsv(0, 0%, 0%)","widgHoverTransitionDuration":"","widgetHoverAnimation":"","widgGradientHover":{"widgGradientColorFirstHover":"hsv(0, 0%, 0%)","widgGradientLocationFirstHover":"","widgGradientColorSecondHover":"hsv(0, 0%, 0%)","widgGradientLocationSecondHover":"","widgGradientTypeHover":"linear","widgGradientPositionHover":"top left","widgGradientAngleHover":""}},"widgHideOnDesktop":null,"widgHideOnTablet":null,"widgHideOnMobile":null,"widgetImg":{"imgUrl":"https://smuzthemes.com/wp-content/uploads/2019/04/book-cover.gif","imgSize":"medium","imgAlignment":"center","imgAlignmentTablet":null,"imgAlignmentMobile":null,"imgSizeCustomWidth":"","imgSizeCustomWidthTablet":"","imgSizeCustomWidthMobile":"","imgSizeCustomHeight":"","imgSizeCustomHeightTablet":"","imgSizeCustomHeightMobile":"","imgLightBox":"false","imgLink":"","iwbs":null,"iwbc":"hsv(0, 0%, 0%)","iborderRadius":{"iwbrt":"","iwbrb":"","iwbrl":"","iwbrr":""},"iborderWidth":{"iwbwt":"","iwbwb":"","iwbwl":"","iwbwr":""},"iwbsh":"","iwbsv":"","iwbsb":"","iwbsc":"hsv(0, 0%, 0%)"},"borderRadius":{"wbrt":"","wbrb":"","wbrl":"","wbrr":""},"borderWidth":{"wbwt":"","wbwb":"","wbwl":"","wbwr":""}}],"columnOptions":{"bg_color":"transparent","margin":{"columnMarginTop":"0","columnMarginBottom":"0","columnMarginLeft":"0","columnMarginRight":"0"},"padding":{"columnPaddingTop":"0","columnPaddingBottom":"0","columnPaddingLeft":"0","columnPaddingRight":"0"},"paddingTablet":{"rPTT":"","rPBT":"","rPLT":"","rPRT":""},"paddingMobile":{"rPTM":"","rPBM":"","rPLM":"","rPRM":""},"marginTablet":{"rMTT":"","rMBT":"","rMLT":"","rMRT":""},"marginMobile":{"rMTM":"","rMBM":"","rMLM":"","rMRM":""},"width":"","widthTablet":"","widthMobile":"","columnCSS":"/* Add column custom styling here */","columnCustomClass":"","colHideOnDesktop":null,"colHideOnTablet":null,"colHideOnMobile":null,"colBoxShadow":{"colBoxShadowH":"","colBoxShadowV":"","colBoxShadowBlur":"","colBoxShadowColor":"hsv(0, 0%, 0%)"},"colBorder":{"colBorderWidth":"","colBorderStyle":null,"colBorderColor":"hsv(0, 0%, 0%)","colBorderRadius":""},"colBgImg":"","colBackgroundType":"solid","colGradient":{"colGradientColorFirst":"#dd9933","colGradientLocationFirst":"55","colGradientColorSecond":"#eeee22","colGradientLocationSecond":"50","colGradientType":"linear","colGradientPosition":"top left","colGradientAngle":"135"},"colHoverOptions":{"colBgColorHover":"","colHoverTransitionDuration":"","colGradientHover":{"colGradientColorFirstHover":"hsv(0, 0%, 0%)","colGradientLocationFirstHover":"","colGradientColorSecondHover":"hsv(0, 0%, 0%)","colGradientLocationSecondHover":"","colGradientTypeHover":"linear","colGradientPositionHover":"top left","colGradientAngleHover":""}}}},"column0":{"colWidgets":[],"columnOptions":{"bg_color":"transparent","margin":{"columnMarginTop":0,"columnMarginBottom":0,"columnMarginLeft":0,"columnMarginRight":0},"padding":{"columnPaddingTop":0,"columnPaddingBottom":0,"columnPaddingLeft":0,"columnPaddingRight":0},"paddingTablet":{"rPTT":"","rPBT":"","rPLT":"","rPRT":""},"paddingMobile":{"rPTM":"","rPBM":"","rPLM":"","rPRM":""},"marginTablet":{"rMTT":"","rMBT":"","rMLT":"","rMRT":""},"marginMobile":{"rMTM":"","rMBM":"","rMLM":"","rMRM":""},"width":"","widthTablet":"","widthMobile":"","columnCSS":"/* Add column custom styling here */","columnCustomClass":"","colHideOnDesktop":"","colHideOnTablet":"","colHideOnMobile":"","colBoxShadow":{"colBoxShadowH":"","colBoxShadowV":"","colBoxShadowBlur":"","colBoxShadowColor":""},"colBgImg":"","colBackgroundType":"solid","colGradient":{"colGradientColorFirst":"#dd9933","colGradientLocationFirst":"55","colGradientColorSecond":"#eeee22","colGradientLocationSecond":"50","colGradientType":"linear","colGradientPosition":"top left","colGradientAngle":"135"},"colHoverOptions":{"colBgColorHover":"","colBackgroundTypeHover":"","colHoverTransitionDuration":"","colGradientHover":{"colGradientColorFirstHover":"","colGradientLocationFirstHover":"","colGradientColorSecondHover":"","colGradientLocationSecondHover":"","colGradientTypeHover":"linear","colGradientPositionHover":"top left","colGradientAngleHover":""}}}},"column2":{"colWidgets":[{"widgetType":"wigt-pb-liveText","widgetStyling":"/* Custom CSS for widget here. */","widgetMtop":"0","widgetMleft":"0","widgetMbottom":"0","widgetMright":"0","widgetPtop":"0","widgetPleft":"0","widgetPbottom":"0","widgetPright":"0","widgetPaddingTablet":{"rPTT":"1.5","rPBT":"1.5","rPLT":"1.5","rPRT":"1.5"},"widgetPaddingMobile":{"rPTM":"1.5","rPBM":"1.5","rPLM":"1.5","rPRM":"1.5"},"widgetMarginTablet":{"rMTT":"0","rMBT":"0","rMLT":"0","rMRT":"0"},"widgetMarginMobile":{"rMTM":"0","rMBM":"0","rMLM":"0","rMRM":"0"},"widgetBgColor":"#fbd217","widgetAnimation":"","widgetBorderWidth":"","widgetBorderStyle":null,"widgetBorderColor":"","widgetBoxShadowH":"","widgetBoxShadowV":"","widgetBoxShadowBlur":"","widgetBoxShadowColor":"","widgetIsInline":null,"widgetIsInlineTablet":null,"widgetIsInlineMobile":null,"widgetCustomClass":"","widgBgImg":"","widgBackgroundType":"solid","widgGradient":{"widgGradientColorFirst":"#dd9933","widgGradientLocationFirst":"55","widgGradientColorSecond":"#eeee22","widgGradientLocationSecond":"50","widgGradientType":"linear","widgGradientPosition":"top left","widgGradientAngle":"135"},"widgHoverOptions":{"widgBgColorHover":"hsv(0, 0%, 0%)","widgHoverTransitionDuration":"","widgetHoverAnimation":"","widgGradientHover":{"widgGradientColorFirstHover":"hsv(0, 0%, 0%)","widgGradientLocationFirstHover":"","widgGradientColorSecondHover":"hsv(0, 0%, 0%)","widgGradientLocationSecondHover":"","widgGradientTypeHover":"linear","widgGradientPositionHover":"top left","widgGradientAngleHover":""}},"widgHideOnDesktop":null,"widgHideOnTablet":null,"widgHideOnMobile":null,"wLText":{"wltc":"  <h2 class=\"elLtWrapped\" style=\"text-align: center; font-family: &quot;Roboto Slab&quot;; font-size: 22px; font-weight: bold;\">What will you find in \"Secrets to Success\"?</h2>  ","wltfs":"      <link rel=\"stylesheet\" href=\"https://fonts.googleapis.com/css?family=Roboto+Slab\" class=\"loadedfont-RobotoSlab\">  "},"borderRadius":{"wbrt":"","wbrb":"","wbrl":"","wbrr":""},"borderWidth":{"wbwt":"","wbwb":"","wbwl":"","wbwr":""}},{"widgetType":"wigt-pb-liveText","widgetStyling":"/* Custom CSS for widget here. */","widgetMtop":"7","widgetMleft":"0","widgetMbottom":"0","widgetMright":"0","widgetPtop":"0","widgetPleft":"0","widgetPbottom":"0","widgetPright":"0","widgetPaddingTablet":{"rPTT":"1.5","rPBT":"1.5","rPLT":"1.5","rPRT":"1.5"},"widgetPaddingMobile":{"rPTM":"1.5","rPBM":"1.5","rPLM":"1.5","rPRM":"1.5"},"widgetMarginTablet":{"rMTT":"0","rMBT":"0","rMLT":"0","rMRT":"0"},"widgetMarginMobile":{"rMTM":"0","rMBM":"0","rMLM":"0","rMRM":"0"},"widgetBgColor":"transparent","widgetAnimation":"","widgetBorderWidth":"","widgetBorderStyle":null,"widgetBorderColor":"","widgetBoxShadowH":"","widgetBoxShadowV":"","widgetBoxShadowBlur":"","widgetBoxShadowColor":"","widgetIsInline":null,"widgetIsInlineTablet":null,"widgetIsInlineMobile":null,"widgetCustomClass":"","widgBgImg":"","widgBackgroundType":"solid","widgGradient":{"widgGradientColorFirst":"#dd9933","widgGradientLocationFirst":"55","widgGradientColorSecond":"#eeee22","widgGradientLocationSecond":"50","widgGradientType":"linear","widgGradientPosition":"top left","widgGradientAngle":"135"},"widgHoverOptions":{"widgBgColorHover":"hsv(0, 0%, 0%)","widgHoverTransitionDuration":"","widgetHoverAnimation":"","widgGradientHover":{"widgGradientColorFirstHover":"hsv(0, 0%, 0%)","widgGradientLocationFirstHover":"","widgGradientColorSecondHover":"hsv(0, 0%, 0%)","widgGradientLocationSecondHover":"","widgGradientTypeHover":"linear","widgGradientPositionHover":"top left","widgGradientAngleHover":""}},"widgHideOnDesktop":null,"widgHideOnTablet":null,"widgHideOnMobile":null,"wLText":{"wltc":"<h3 style=\"text-align: left; font-size: 23px; font-weight: bold; font-family: Roboto; line-height: 24px; color: #262626;\" class=\"elLtWrapped\" data-mce-style=\"text-align: left; font-size: 23px; font-weight: bold; font-family: Roboto; line-height: 24px; color: #262626;\"><span class=\"elLtWrapped\" style=\"color: #ffffff;\" data-mce-style=\"color: #ffffff;\">1. </span>A Nice Benefit About Your Product.</h3><p style=\"color: #2e2e2e; font-size: 18px; font-family: Roboto; line-height: 21px;\" class=\"elLtWrapped\" data-mce-style=\"color: #2e2e2e; font-size: 18px; font-family: Roboto; line-height: 21px;\">Some explanation of the benefit and how will it help the customer and what value it brings</p>","wltfs":"    "},"borderRadius":{"wbrt":"","wbrb":"","wbrl":"","wbrr":""},"borderWidth":{"wbwt":"","wbwb":"","wbwl":"","wbwr":""}},{"widgetType":"wigt-pb-liveText","widgetStyling":"/* Custom CSS for widget here. */","widgetMtop":"4","widgetMleft":"0","widgetMbottom":"0","widgetMright":"0","widgetPtop":"0","widgetPleft":"0","widgetPbottom":"0","widgetPright":"0","widgetPaddingTablet":{"rPTT":"1.5","rPBT":"1.5","rPLT":"1.5","rPRT":"1.5"},"widgetPaddingMobile":{"rPTM":"1.5","rPBM":"1.5","rPLM":"1.5","rPRM":"1.5"},"widgetMarginTablet":{"rMTT":"0","rMBT":"0","rMLT":"0","rMRT":"0"},"widgetMarginMobile":{"rMTM":"0","rMBM":"0","rMLM":"0","rMRM":"0"},"widgetBgColor":"transparent","widgetAnimation":"","widgetBorderWidth":"","widgetBorderStyle":null,"widgetBorderColor":"","widgetBoxShadowH":"","widgetBoxShadowV":"","widgetBoxShadowBlur":"","widgetBoxShadowColor":"","widgetIsInline":null,"widgetIsInlineTablet":null,"widgetIsInlineMobile":null,"widgetCustomClass":"","widgBgImg":"","widgBackgroundType":"solid","widgGradient":{"widgGradientColorFirst":"#dd9933","widgGradientLocationFirst":"55","widgGradientColorSecond":"#eeee22","widgGradientLocationSecond":"50","widgGradientType":"linear","widgGradientPosition":"top left","widgGradientAngle":"135"},"widgHoverOptions":{"widgBgColorHover":"hsv(0, 0%, 0%)","widgHoverTransitionDuration":"","widgetHoverAnimation":"","widgGradientHover":{"widgGradientColorFirstHover":"hsv(0, 0%, 0%)","widgGradientLocationFirstHover":"","widgGradientColorSecondHover":"hsv(0, 0%, 0%)","widgGradientLocationSecondHover":"","widgGradientTypeHover":"linear","widgGradientPositionHover":"top left","widgGradientAngleHover":""}},"widgHideOnDesktop":null,"widgHideOnTablet":null,"widgHideOnMobile":null,"wLText":{"wltc":" <h3 style=\"text-align: left; font-size: 23px; font-weight: bold; font-family: Roboto; line-height: 24px; color: #262626;\" class=\"elLtWrapped\"><span class=\"elLtWrapped\" style=\"color: #ffffff;\">2. </span>A Nice Benefit About Your Product.</h3><p style=\"color: #2e2e2e; font-size: 18px; font-family: Roboto; line-height: 21px;\" class=\"elLtWrapped\">Some explanation of the benefit and how will it help the customer and what value it brings</p> ","wltfs":"      "},"borderRadius":{"wbrt":"","wbrb":"","wbrl":"","wbrr":""},"borderWidth":{"wbwt":"","wbwb":"","wbwl":"","wbwr":""}},{"widgetType":"wigt-pb-liveText","widgetStyling":"/* Custom CSS for widget here. */","widgetMtop":"4","widgetMleft":"0","widgetMbottom":"0","widgetMright":"0","widgetPtop":"0","widgetPleft":"0","widgetPbottom":"0","widgetPright":"0","widgetPaddingTablet":{"rPTT":"1.5","rPBT":"1.5","rPLT":"1.5","rPRT":"1.5"},"widgetPaddingMobile":{"rPTM":"1.5","rPBM":"1.5","rPLM":"1.5","rPRM":"1.5"},"widgetMarginTablet":{"rMTT":"0","rMBT":"0","rMLT":"0","rMRT":"0"},"widgetMarginMobile":{"rMTM":"0","rMBM":"0","rMLM":"0","rMRM":"0"},"widgetBgColor":"transparent","widgetAnimation":"","widgetBorderWidth":"","widgetBorderStyle":null,"widgetBorderColor":"","widgetBoxShadowH":"","widgetBoxShadowV":"","widgetBoxShadowBlur":"","widgetBoxShadowColor":"","widgetIsInline":null,"widgetIsInlineTablet":null,"widgetIsInlineMobile":null,"widgetCustomClass":"","widgBgImg":"","widgBackgroundType":"solid","widgGradient":{"widgGradientColorFirst":"#dd9933","widgGradientLocationFirst":"55","widgGradientColorSecond":"#eeee22","widgGradientLocationSecond":"50","widgGradientType":"linear","widgGradientPosition":"top left","widgGradientAngle":"135"},"widgHoverOptions":{"widgBgColorHover":"hsv(0, 0%, 0%)","widgHoverTransitionDuration":"","widgetHoverAnimation":"","widgGradientHover":{"widgGradientColorFirstHover":"hsv(0, 0%, 0%)","widgGradientLocationFirstHover":"","widgGradientColorSecondHover":"hsv(0, 0%, 0%)","widgGradientLocationSecondHover":"","widgGradientTypeHover":"linear","widgGradientPositionHover":"top left","widgGradientAngleHover":""}},"widgHideOnDesktop":null,"widgHideOnTablet":null,"widgHideOnMobile":null,"wLText":{"wltc":"  <h3 style=\"text-align: left; font-size: 23px; font-weight: bold; font-family: Roboto; line-height: 24px; color: #262626;\" class=\"elLtWrapped\"><span class=\"elLtWrapped\" style=\"color: #ffffff;\">3. </span>A Nice Benefit About Your Product.</h3><p style=\"color: #2e2e2e; font-size: 18px; font-family: Roboto; line-height: 21px;\" class=\"elLtWrapped\">Some explanation of the benefit and how will it help the customer and what value it brings</p>  ","wltfs":"        "},"borderRadius":{"wbrt":"","wbrb":"","wbrl":"","wbrr":""},"borderWidth":{"wbwt":"","wbwb":"","wbwl":"","wbwr":""}},{"widgetType":"wigt-pb-liveText","widgetStyling":"/* Custom CSS for widget here. */","widgetMtop":"4","widgetMleft":"0","widgetMbottom":"0","widgetMright":"0","widgetPtop":"0","widgetPleft":"0","widgetPbottom":"0","widgetPright":"0","widgetPaddingTablet":{"rPTT":"1.5","rPBT":"1.5","rPLT":"1.5","rPRT":"1.5"},"widgetPaddingMobile":{"rPTM":"1.5","rPBM":"1.5","rPLM":"1.5","rPRM":"1.5"},"widgetMarginTablet":{"rMTT":"0","rMBT":"0","rMLT":"0","rMRT":"0"},"widgetMarginMobile":{"rMTM":"0","rMBM":"0","rMLM":"0","rMRM":"0"},"widgetBgColor":"transparent","widgetAnimation":"","widgetBorderWidth":"","widgetBorderStyle":null,"widgetBorderColor":"","widgetBoxShadowH":"","widgetBoxShadowV":"","widgetBoxShadowBlur":"","widgetBoxShadowColor":"","widgetIsInline":null,"widgetIsInlineTablet":null,"widgetIsInlineMobile":null,"widgetCustomClass":"","widgBgImg":"","widgBackgroundType":"solid","widgGradient":{"widgGradientColorFirst":"#dd9933","widgGradientLocationFirst":"55","widgGradientColorSecond":"#eeee22","widgGradientLocationSecond":"50","widgGradientType":"linear","widgGradientPosition":"top left","widgGradientAngle":"135"},"widgHoverOptions":{"widgBgColorHover":"hsv(0, 0%, 0%)","widgHoverTransitionDuration":"","widgetHoverAnimation":"","widgGradientHover":{"widgGradientColorFirstHover":"hsv(0, 0%, 0%)","widgGradientLocationFirstHover":"","widgGradientColorSecondHover":"hsv(0, 0%, 0%)","widgGradientLocationSecondHover":"","widgGradientTypeHover":"linear","widgGradientPositionHover":"top left","widgGradientAngleHover":""}},"widgHideOnDesktop":null,"widgHideOnTablet":null,"widgHideOnMobile":null,"wLText":{"wltc":"   <h3 style=\"text-align: left; font-size: 23px; font-weight: bold; font-family: Roboto; line-height: 24px; color: #262626;\" class=\"elLtWrapped\"><span class=\"elLtWrapped\" style=\"color: #ffffff;\">4. </span>A Nice Benefit About Your Product.</h3><p style=\"color: #2e2e2e; font-size: 18px; font-family: Roboto; line-height: 21px;\" class=\"elLtWrapped\">Some explanation of the benefit and how will it help the customer and what value it brings</p>   ","wltfs":"          "},"borderRadius":{"wbrt":"","wbrb":"","wbrl":"","wbrr":""},"borderWidth":{"wbwt":"","wbwb":"","wbwl":"","wbwr":""}}],"columnOptions":{"bg_color":"transparent","margin":{"columnMarginTop":"0","columnMarginBottom":"0","columnMarginLeft":"0","columnMarginRight":"0"},"padding":{"columnPaddingTop":"0","columnPaddingBottom":"0","columnPaddingLeft":"2","columnPaddingRight":"3"},"paddingTablet":{"rPTT":"","rPBT":"","rPLT":"","rPRT":""},"paddingMobile":{"rPTM":"","rPBM":"","rPLM":"","rPRM":""},"marginTablet":{"rMTT":"","rMBT":"","rMLT":"","rMRT":""},"marginMobile":{"rMTM":"","rMBM":"","rMLM":"","rMRM":""},"width":"","widthTablet":"","widthMobile":"","columnCSS":"/* Add column custom styling here */","columnCustomClass":"","colHideOnDesktop":null,"colHideOnTablet":null,"colHideOnMobile":null,"colBoxShadow":{"colBoxShadowH":"","colBoxShadowV":"","colBoxShadowBlur":"","colBoxShadowColor":"hsv(0, 0%, 0%)"},"colBorder":{"colBorderWidth":"","colBorderStyle":null,"colBorderColor":"hsv(0, 0%, 0%)","colBorderRadius":""},"colBgImg":"","colBackgroundType":"solid","colGradient":{"colGradientColorFirst":"#dd9933","colGradientLocationFirst":"55","colGradientColorSecond":"#eeee22","colGradientLocationSecond":"50","colGradientType":"linear","colGradientPosition":"top left","colGradientAngle":"135"},"colHoverOptions":{"colBgColorHover":"","colHoverTransitionDuration":"","colGradientHover":{"colGradientColorFirstHover":"hsv(0, 0%, 0%)","colGradientLocationFirstHover":"","colGradientColorSecondHover":"hsv(0, 0%, 0%)","colGradientLocationSecondHover":"","colGradientTypeHover":"linear","colGradientPositionHover":"top left","colGradientAngleHover":""}}}}},{"rowID":"ulpb_Row49303","rowHeight":"100","rowHeightUnit":"px","rowHeightTablet":"","rowHeightUnitTablet":null,"rowHeightMobile":"","rowHeightUnitMobile":null,"columns":"1","columnsDivRule":"none","rowData":{"rowCustomClass":"","bg_color":"hsv(0, 0%, 100%)","bg_img":"https://images.pexels.com/photos/1536619/pexels-photo-1536619.jpeg?auto=compress&cs=tinysrgb&dpr=2&h=750&w=1260","margin":{"rowMarginTop":"0","rowMarginBottom":"0","rowMarginLeft":"0","rowMarginRight":"0"},"marginTablet":{"rMTT":"0","rMBT":"0","rMLT":"0","rMRT":"0"},"marginMobile":{"rMTM":"0","rMBM":"0","rMLM":"0","rMRM":"0"},"padding":{"rowPaddingTop":"6","rowPaddingBottom":"5","rowPaddingLeft":"15","rowPaddingRight":"15"},"paddingTablet":{"rPTT":"1.5","rPBT":"1.5","rPLT":"1.5","rPRT":"1.5"},"paddingMobile":{"rPTM":"1.5","rPBM":"1.5","rPLM":"1.5","rPRM":"1.5"},"video":{"rowBgVideoEnable":"false","rowBgVideoLoop":"loop","rowVideoMpfour":" ","rowVideoWebM":" ","rowVideoThumb":" ","rowVideoType":"mp4","rowVideoYtUrl":""},"customStyling":"/* Insert your custom CSS for this row here. */","customJS":" ","rowBackgroundType":"solid","rowBackgroundParallax":"false","rowGradient":{"rowGradientColorFirst":"#dd9933","rowGradientLocationFirst":"40","rowGradientColorSecond":"#eeee22","rowGradientLocationSecond":"60","rowGradientType":"linear","rowGradientPosition":"top left","rowGradientAngle":"135"},"rowHoverOptions":{"rowBgColorHover":"hsv(0, 0%, 0%)","rowHoverTransitionDuration":"","rowGradientHover":{"rowGradientColorFirstHover":"hsv(0, 0%, 0%)","rowGradientLocationFirstHover":"","rowGradientColorSecondHover":"hsv(0, 0%, 0%)","rowGradientLocationSecondHover":"","rowGradientTypeHover":null,"rowGradientPositionHover":null,"rowGradientAngleHover":""}},"rowOverlayBackgroundType":"solid","rowOverlayGradient":{"rowOverlayGradientColorFirst":"hsv(0, 0%, 0%)","rowOverlayGradientLocationFirst":"","rowOverlayGradientColorSecond":"hsv(0, 0%, 0%)","rowOverlayGradientLocationSecond":"","rowOverlayGradientType":null,"rowOverlayGradientPosition":null,"rowOverlayGradientAngle":""},"rowBgOverlayColor":"rgba(255, 235, 0, 0.36)","rowHideOnDesktop":null,"rowHideOnTablet":null,"rowHideOnMobile":null,"bgSTop":{"rbgstType":"none","rbgstColor":"hsv(0, 0%, 100%)","rbgstWidth":"100","rbgstWidtht":"","rbgstWidthm":"","rbgstHeight":"200","rbgstHeightt":"","rbgstHeightm":"","rbgstFlipped":"false","rbgstFront":"false"},"bgSBottom":{"rbgsbType":"none","rbgsbColor":"hsv(0, 0%, 100%)","rbgsbWidth":"100","rbgsbWidtht":"","rbgsbWidthm":"","rbgsbHeight":"200","rbgsbHeightt":"","rbgsbHeightm":"","rbgsbFlipped":"false","rbgsbFront":"false"}},"column1":{"colWidgets":[{"widgetType":"wigt-pb-text","widgetStyling":"/* Custom CSS for widget here. */","widgetMtop":"0","widgetMleft":"0","widgetMbottom":"0","widgetMright":"0","widgetPtop":"0","widgetPleft":"0","widgetPbottom":"0","widgetPright":"0","widgetPaddingTablet":{"rPTT":"1.5","rPBT":"1.5","rPLT":"1.5","rPRT":"1.5"},"widgetPaddingMobile":{"rPTM":"1.5","rPBM":"1.5","rPLM":"1.5","rPRM":"1.5"},"widgetMarginTablet":{"rMTT":"0","rMBT":"0","rMLT":"0","rMRT":"0"},"widgetMarginMobile":{"rMTM":"0","rMBM":"0","rMLM":"0","rMRM":"0"},"widgetBgColor":"transparent","widgetAnimation":"","widgetBorderWidth":"","widgetBorderStyle":null,"widgetBorderColor":"","widgetBoxShadowH":"","widgetBoxShadowV":"","widgetBoxShadowBlur":"","widgetBoxShadowColor":"","widgetIsInline":null,"widgetIsInlineTablet":null,"widgetIsInlineMobile":null,"widgetCustomClass":"","widgBgImg":"","widgBackgroundType":"solid","widgGradient":{"widgGradientColorFirst":"#dd9933","widgGradientLocationFirst":"55","widgGradientColorSecond":"#eeee22","widgGradientLocationSecond":"50","widgGradientType":"linear","widgGradientPosition":"top left","widgGradientAngle":"135"},"widgHoverOptions":{"widgBgColorHover":"hsv(0, 0%, 0%)","widgHoverTransitionDuration":"","widgetHoverAnimation":"","widgGradientHover":{"widgGradientColorFirstHover":"hsv(0, 0%, 0%)","widgGradientLocationFirstHover":"","widgGradientColorSecondHover":"hsv(0, 0%, 0%)","widgGradientLocationSecondHover":"","widgGradientTypeHover":"linear","widgGradientPositionHover":"top left","widgGradientAngleHover":""}},"widgHideOnDesktop":null,"widgHideOnTablet":null,"widgHideOnMobile":null,"widgetText":{"widgetTextContent":"Sign up now & grab your free copy","widgetTextAlignment":"center","widgetTextAlignmentTablet":null,"widgetTextAlignmentMobile":null,"widgetTextTag":"h1","wtextLink":"","widgetTextColor":"rgb(32, 32, 32)","widgetTextSize":"60","widgetTextFamily":"Roboto+Slab","widgetTextWeight":"900","widgetTextTransform":"none","widgetTextLineHeight":"","widgetTextSpacing":"","widgetTextBold":true,"widgetTextItalic":false,"widgetTextUnderlined":false,"widgetTextSizeTablet":" ","widgetTextSizeMobile":" ","widgetTextLineHeightTablet":"","widgetTextLineHeightMobile":"","widgetTextSpacingTablet":"","widgetTextSpacingMobile":""},"borderRadius":{"wbrt":"","wbrb":"","wbrl":"","wbrr":""},"borderWidth":{"wbwt":"","wbwb":"","wbwl":"","wbwr":""}},{"widgetType":"wigt-pb-formBuilder","widgetStyling":"/* Custom CSS for widget here. */","widgetMtop":"0","widgetMleft":"20","widgetMbottom":"0","widgetMright":"20","widgetPtop":"0","widgetPleft":"0","widgetPbottom":"0","widgetPright":"0","widgetPaddingTablet":{"rPTT":"1.5","rPBT":"1.5","rPLT":"1.5","rPRT":"1.5"},"widgetPaddingMobile":{"rPTM":"1.5","rPBM":"1.5","rPLM":"1.5","rPRM":"1.5"},"widgetMarginTablet":{"rMTT":"0","rMBT":"0","rMLT":"0","rMRT":"0"},"widgetMarginMobile":{"rMTM":"0","rMBM":"0","rMLM":"0","rMRM":"0"},"widgetBgColor":"transparent","widgetAnimation":"","widgetBorderWidth":"","widgetBorderStyle":null,"widgetBorderColor":"","widgetBoxShadowH":"","widgetBoxShadowV":"","widgetBoxShadowBlur":"","widgetBoxShadowColor":"","widgetIsInline":null,"widgetIsInlineTablet":null,"widgetIsInlineMobile":null,"widgetCustomClass":"","widgBgImg":"","widgBackgroundType":"solid","widgGradient":{"widgGradientColorFirst":"#dd9933","widgGradientLocationFirst":"55","widgGradientColorSecond":"#eeee22","widgGradientLocationSecond":"50","widgGradientType":"linear","widgGradientPosition":"top left","widgGradientAngle":"135"},"widgHoverOptions":{"widgBgColorHover":"hsv(0, 0%, 0%)","widgHoverTransitionDuration":"","widgetHoverAnimation":"","widgGradientHover":{"widgGradientColorFirstHover":"hsv(0, 0%, 0%)","widgGradientLocationFirstHover":"","widgGradientColorSecondHover":"hsv(0, 0%, 0%)","widgGradientLocationSecondHover":"","widgGradientTypeHover":"linear","widgGradientPositionHover":"top left","widgGradientAngleHover":""}},"widgHideOnDesktop":null,"widgHideOnTablet":null,"widgHideOnMobile":null,"widgetFormBuilder":{"widgetPbFbFormFeilds":[{"fbFieldType":"text","thisFieldOptions":{"fbFieldLabel":"Name","fbFieldPlaceHolder":"Name","fbFieldRequired":"false","fbFieldWidth":"100","multiOptionFieldValues":"","fbtextareaRows":"5","displayFieldsInline":null,"fbFieldPreset":""}},{"fbFieldType":"email","thisFieldOptions":{"fbFieldLabel":"Email","fbFieldPlaceHolder":"Email *","fbFieldRequired":"true","fbFieldWidth":"100","multiOptionFieldValues":"","fbtextareaRows":"5","displayFieldsInline":null,"fbFieldPreset":""}}],"widgetPbFbFormFeildOptions":{"formBuilderFieldSize":"medium","formBuilderFieldLabelDisplay":"none","formBuilderFieldBgColor":"#ffffff","formBuilderFieldColor":"hsv(0, 0%, 20%)","formBuilderFieldBorderColor":"#dddddd","formBuilderFieldBorderWidth":"1","formBuilderFieldBorderRadius":"5","formBuilderLabelSize":"18","formBuilderLabelSizeTablet":"","formBuilderLabelSizeMobile":"","formBuilderLabelColor":"hsv(0, 0%, 20%)","formBuilderFieldVGap":"","formBuilderFieldHGap":"","formBuilderFieldFontFamily":""},"widgetPbFbFormSubmitOptions":{"formBuilderBtnText":"<b>Join Us</b>","formBuilderBtnSize":"medium","formBuilderBtnWidth":"50","formBuilderBtnBgColor":"#f45516","formBuilderBtnColor":"#ffffff","formBuilderBtnHoverBgColor":"#ff4a02","formBuilderBtnHoverTextColor":"#000000","formBuilderBtnFontSize":"35","formBuilderBtnFontSizeTablet":"","formBuilderBtnFontSizeMobile":"","formBuilderBtnBorderWidth":"0","formBuilderBtnBorderColor":"#d9534f","formBuilderBtnBorderRadius":"5","formBuilderBtnAlignment":"center","formBuilderBtnHGap":"","formBuilderBtnVGap":"","formBuilderbtnSelectedIcon":"","formBuilderbtnIconPosition":"after","formBuilderbtnIconGap":"","formBuilderbtnIconAnimation":"","formBuilderBtnFontFamily":"Roboto+Slab"},"widgetPbFbFormEmailOptions":{"formEmailformName":"PluginOps Form","formEmailTo":"example@example.com","formEmailSubject":"PluginOps New Submission","formEmailFromEmail":"formBuilder@pluginops.com","formEmailName":"PluginOps","formEmailFormat":"plain","formSuccessMessage":"The form was sent successfully!","formSuccessAction":null,"formSuccessActionURL":"http://","formSuccessCustomAction":"","formDuplicateMessage":"","formFailureMessage":"","formFailureCustomAction":""},"widgetPbFbFormMailChimp":{"formBuilderEnableMailChimp":null,"formBuilderMCAccountName":"","formBuilderMCApiKey":"","formBuilderMCDoubleOptin":"false","formBuilderEnableGetResponse":"false","formBuilderGRAccountName":"","formBuilderGRApiKey":"","formBuilderEnableCM":"false","formBuilderCMAccountName":"","formBuilderCMApiKey":"","formBuilderEnableAC":"false","formBuilderACAccountName":"","formBuilderACApiKey":"","formBuilderACApiUrl":"","formBuilderEnableDrip":"false","formBuilderDripAccountName":"","formBuilderDripApiKey":"","formBuilderEnableAweber":"false","formBuilderAweberList":null,"formBuilderEnableConvertKit":"false","formBuilderConvertKitApiKey":"","formBuilderConvertKitAccountName":"","wfb_cWebHook":"false","wfb_cWebHookURL":"","wfb_cWebHookSuccResponse":"","fbgreCaptcha":"false","fbgreCSiteKey":"","fbgreCSiteSecret":""},"widgetPbFbFormAllowDuplicates":"true"},"borderRadius":{"wbrt":"","wbrb":"","wbrl":"","wbrr":""},"borderWidth":{"wbwt":"","wbwb":"","wbwl":"","wbwr":""}},{"widgetType":"wigt-pb-liveText","widgetStyling":"/* Custom CSS for widget here. */","widgetMtop":"-1","widgetMleft":"0","widgetMbottom":"0","widgetMright":"0","widgetPtop":"0","widgetPleft":"0","widgetPbottom":"0","widgetPright":"0","widgetPaddingTablet":{"rPTT":"1.5","rPBT":"1.5","rPLT":"1.5","rPRT":"1.5"},"widgetPaddingMobile":{"rPTM":"1.5","rPBM":"1.5","rPLM":"1.5","rPRM":"1.5"},"widgetMarginTablet":{"rMTT":"0","rMBT":"0","rMLT":"0","rMRT":"0"},"widgetMarginMobile":{"rMTM":"0","rMBM":"0","rMLM":"0","rMRM":"0"},"widgetBgColor":"transparent","widgetAnimation":null,"widgetBorderStyle":null,"widgetBorderColor":"","widgetBoxShadowH":"","widgetBoxShadowV":"","widgetBoxShadowBlur":"","widgetBoxShadowColor":"","widgetIsInline":null,"widgetIsInlineTablet":null,"widgetIsInlineMobile":null,"widgetCustomClass":"","widgBgImg":"","widgBackgroundType":"solid","widgGradient":{"widgGradientColorFirst":"#dd9933","widgGradientLocationFirst":"55","widgGradientColorSecond":"#eeee22","widgGradientLocationSecond":"50","widgGradientType":"linear","widgGradientPosition":"top left","widgGradientAngle":"135"},"widgHoverOptions":{"widgBgColorHover":"hsv(0, 0%, 0%)","widgHoverTransitionDuration":"","widgetHoverAnimation":"","widgGradientHover":{"widgGradientColorFirstHover":"hsv(0, 0%, 0%)","widgGradientLocationFirstHover":"","widgGradientColorSecondHover":"hsv(0, 0%, 0%)","widgGradientLocationSecondHover":"","widgGradientTypeHover":"linear","widgGradientPositionHover":"top left","widgGradientAngleHover":""}},"widgHideOnDesktop":null,"widgHideOnTablet":null,"widgHideOnMobile":null,"wLText":{"wltc":"<p style=\"text-align: center; font-size: 20px; line-height: 21px; font-weight: bold; color: #2b2b2b; font-family: Roboto;\" class=\"elLtWrapped\" data-mce-style=\"text-align: center; font-size: 20px; line-height: 21px; font-weight: bold; color: #2b2b2b; font-family: Roboto;\">Expert Tips - Just a click away!</p>","wltfs":"  "},"borderRadius":{"wbrt":"","wbrb":"","wbrl":"","wbrr":""},"borderWidth":{"wbwt":"","wbwb":"","wbwl":"","wbwr":""}}],"columnOptions":{"bg_color":"transparent","margin":{"columnMarginTop":"0","columnMarginBottom":"0","columnMarginLeft":"0","columnMarginRight":"0"},"padding":{"columnPaddingTop":"0","columnPaddingBottom":"0","columnPaddingLeft":"0","columnPaddingRight":"0"},"paddingTablet":{"rPTT":"","rPBT":"","rPLT":"","rPRT":""},"paddingMobile":{"rPTM":"","rPBM":"","rPLM":"","rPRM":""},"marginTablet":{"rMTT":"","rMBT":"","rMLT":"","rMRT":""},"marginMobile":{"rMTM":"","rMBM":"","rMLM":"","rMRM":""},"width":"","widthTablet":"","widthMobile":"","columnCSS":"/* Add column custom styling here */","columnCustomClass":"","colHideOnDesktop":null,"colHideOnTablet":null,"colHideOnMobile":null,"colBoxShadow":{"colBoxShadowH":"","colBoxShadowV":"","colBoxShadowBlur":"","colBoxShadowColor":"hsv(0, 0%, 0%)"},"colBorder":{"colBorderWidth":"","colBorderStyle":null,"colBorderColor":"hsv(0, 0%, 0%)","colBorderRadius":""},"colBgImg":"","colBackgroundType":"solid","colGradient":{"colGradientColorFirst":"#dd9933","colGradientLocationFirst":"55","colGradientColorSecond":"#eeee22","colGradientLocationSecond":"50","colGradientType":"linear","colGradientPosition":"top left","colGradientAngle":"135"},"colHoverOptions":{"colBgColorHover":"","colHoverTransitionDuration":"","colGradientHover":{"colGradientColorFirstHover":"hsv(0, 0%, 0%)","colGradientLocationFirstHover":"","colGradientColorSecondHover":"hsv(0, 0%, 0%)","colGradientLocationSecondHover":"","colGradientTypeHover":"linear","colGradientPositionHover":"top left","colGradientAngleHover":""}}}}}],"":{"parse":true,"emulateHTTP":false,"emulateJSON":false,"xhr":{"readyState":4,"responseText":"\"\"","responseJSON":"","status":200,"statusText":"OK"}},"wait":true,"RowsDivided":0,"Data Saved":{"validate":true,"parse":true,"emulateHTTP":false,"emulateJSON":false,"xhr":{"readyState":4,"responseText":"\"Data Saved\"","responseJSON":"Data Saved","status":200,"statusText":"OK"}}}