{"pageID":"6044","postType":"ulpb_post","pageLink":"","pageTitle":"","pageStatus":"draft","pageBuilderVersion":"1.4.7.0","pageOptions":{"setFrontPage":"false","loadWpHead":"false","loadWpFooter":"false","pageBgImage":"","pageBgColor":"transparent","pageLink":"","pagePadding":{"pagePaddingTop":"","pagePaddingBottom":"","pagePaddingLeft":"","pagePaddingRight":""},"pagePaddingTablet":{"pagePaddingTopTablet":"","pagePaddingBottomTablet":"","pagePaddingLeftTablet":"","pagePaddingRightTablet":""},"pagePaddingMobile":{"pagePaddingTopMobile":"","pagePaddingBottomMobile":"","pagePaddingLeftMobile":"","pagePaddingRightMobile":""},"pageSeoName":"Template #65 - Beauty Sign Up Form","pageSeoDescription":"","pageSeoKeywords":"","pageLogoUrl":"","pageFavIconUrl":"","MultiVariantTesting":{"VariantB":null,"VariantC":null,"VariantD":null},"POcustomCSS":"/* Add your custom CSS here.*/","POcustomJS":"/* Add your custom Javascript here.*/","POPBDefaults":{"POPBDefaultsEnable":"false","POPB_typefaces":{"typefaceHOne":"Arial","typefaceHTwo":"Arial","typefaceH3":"","typefaceH4":"","typefaceH5":"","typefaceH6":"","typefaceParagraph":"Arial","typefaceButton":"Arial","typefaceAnchorLink":"Arial"},"POPB_typeSizes":{"typeSizeHOne":"45","typeSizeHTwo":"29","typeSizeParagraph":"15","typeSizeButton":"16","typeSizeAnchorLink":"15","typeSizeHOneTablet":"","typeSizeHOneMobile":"","typeSizeHTwoTablet":"","typeSizeHTwoMobile":"","typeSizeH3":"","typeSizeH3Tablet":"","typeSizeH3Mobile":"","typeSizeH4":"","typeSizeH4Tablet":"","typeSizeH4Mobile":"","typeSizeH5":"","typeSizeH5Tablet":"","typeSizeH5Mobile":"","typeSizeH6":"","typeSizeH6Tablet":"","typeSizeH6Mobile":"","typeSizeParagraphTablet":"","typeSizeParagraphMobile":"","typeSizeButtonTablet":"","typeSizeButtonMobile":"","typeSizeAnchorLinkTablet":"","typeSizeAnchorLinkMobile":""}},"bodyBackgroundType":"solid","bodyGradient":{"bodyGradientColorFirst":"","bodyGradientLocationFirst":"","bodyGradientColorSecond":"","bodyGradientLocationSecond":"","bodyGradientType":null,"bodyGradientPosition":null,"bodyGradientAngle":""},"bodyHoverOptions":{"bodyBgColorHover":"","bodyHoverTransitionDuration":"","bodyGradientHover":{"bodyGradientColorFirstHover":"","bodyGradientLocationFirstHover":"","bodyGradientColorSecondHover":"","bodyGradientLocationSecondHover":"","bodyGradientTypeHover":null,"bodyGradientPositionHover":null,"bodyGradientAngleHover":""}},"bodyOverlayGradient":{"bodyOverlayGradientColorFirst":"","bodyOverlayGradientLocationFirst":"","bodyOverlayGradientColorSecond":"","bodyOverlayGradientLocationSecond":"","bodyOverlayGradientType":null,"bodyOverlayGradientPosition":null,"bodyOverlayGradientAngle":""},"bodyBgOverlayColor":"","bodyBorderRadius":[]},"formMailchimp":{"listId":"","apiKey":""},"Rows":[{"rowID":"ulpb_Row147066","rowHeight":"30","rowHeightUnit":"vh","rowHeightTablet":"","rowHeightUnitTablet":null,"rowHeightMobile":"","rowHeightUnitMobile":null,"columns":"1","columnsDivRule":"none","rowData":{"rowCustomClass":"","bg_color":"hsv(0, 0%, 100%)","bg_img":"https://smuzthemes.com/wp-content/uploads/2019/04/girl-fashion-model-Large.png","margin":{"rowMarginTop":"0","rowMarginBottom":"0","rowMarginLeft":"0","rowMarginRight":"0"},"marginTablet":{"rMTT":"0","rMBT":"0","rMLT":"0","rMRT":"0"},"marginMobile":{"rMTM":"0","rMBM":"0","rMLM":"0","rMRM":"0"},"padding":{"rowPaddingTop":"2","rowPaddingBottom":"4","rowPaddingLeft":"10","rowPaddingRight":"0"},"paddingTablet":{"rPTT":"1.5","rPBT":"1.5","rPLT":"1.5","rPRT":"1.5"},"paddingMobile":{"rPTM":"1.5","rPBM":"1.5","rPLM":"1.5","rPRM":"1.5"},"video":{"rowBgVideoEnable":"false","rowBgVideoLoop":"loop","rowVideoMpfour":" ","rowVideoWebM":" ","rowVideoThumb":" ","rowVideoType":"mp4","rowVideoYtUrl":""},"customStyling":"/* Insert your custom CSS for this row here. */","customJS":" ","rowBackgroundType":"solid","rowBackgroundParallax":"false","rowGradient":{"rowGradientColorFirst":"#dd9933","rowGradientLocationFirst":"40","rowGradientColorSecond":"#eeee22","rowGradientLocationSecond":"60","rowGradientType":"linear","rowGradientPosition":"top left","rowGradientAngle":"135"},"rowHoverOptions":{"rowBgColorHover":"hsv(0, 0%, 0%)","rowHoverTransitionDuration":"","rowGradientHover":{"rowGradientColorFirstHover":"hsv(0, 0%, 0%)","rowGradientLocationFirstHover":"","rowGradientColorSecondHover":"hsv(0, 0%, 0%)","rowGradientLocationSecondHover":"","rowGradientTypeHover":null,"rowGradientPositionHover":null,"rowGradientAngleHover":""}},"rowOverlayGradient":{"rowOverlayGradientColorFirst":"hsv(0, 0%, 0%)","rowOverlayGradientLocationFirst":"","rowOverlayGradientColorSecond":"hsv(0, 0%, 0%)","rowOverlayGradientLocationSecond":"","rowOverlayGradientType":null,"rowOverlayGradientPosition":null,"rowOverlayGradientAngle":""},"rowBgOverlayColor":"hsv(0, 0%, 0%)","rowHideOnDesktop":null,"rowHideOnTablet":null,"rowHideOnMobile":null,"bgSTop":{"rbgstType":"none","rbgstColor":"hsv(0, 0%, 100%)","rbgstWidth":"100","rbgstWidtht":"","rbgstWidthm":"","rbgstHeight":"200","rbgstHeightt":"","rbgstHeightm":"","rbgstFlipped":"false","rbgstFront":"false"},"bgSBottom":{"rbgsbType":"none","rbgsbColor":"hsv(0, 0%, 100%)","rbgsbWidth":"100","rbgsbWidtht":"","rbgsbWidthm":"","rbgsbHeight":"200","rbgsbHeightt":"","rbgsbHeightm":"","rbgsbFlipped":"false","rbgsbFront":"false"}},"column1":{"colWidgets":[{"widgetType":"wigt-pb-liveText","widgetStyling":"/* Custom CSS for widget here. */","widgetMtop":"0","widgetMleft":"0","widgetMbottom":"0","widgetMright":"0","widgetPtop":"0","widgetPleft":"0","widgetPbottom":"0","widgetPright":"0","widgetPaddingTablet":{"rPTT":"1.5","rPBT":"1.5","rPLT":"1.5","rPRT":"1.5"},"widgetPaddingMobile":{"rPTM":"1.5","rPBM":"1.5","rPLM":"1.5","rPRM":"1.5"},"widgetMarginTablet":{"rMTT":"0","rMBT":"0","rMLT":"0","rMRT":"0"},"widgetMarginMobile":{"rMTM":"0","rMBM":"0","rMLM":"0","rMRM":"0"},"widgetBgColor":"transparent","widgetAnimation":"","widgetBorderWidth":"","widgetBorderStyle":null,"widgetBorderColor":"","widgetBoxShadowH":"","widgetBoxShadowV":"","widgetBoxShadowBlur":"","widgetBoxShadowColor":"","widgetIsInline":null,"widgetIsInlineTablet":null,"widgetIsInlineMobile":null,"widgetCustomClass":"","widgBgImg":"","widgBackgroundType":"solid","widgGradient":{"widgGradientColorFirst":"#dd9933","widgGradientLocationFirst":"55","widgGradientColorSecond":"#eeee22","widgGradientLocationSecond":"50","widgGradientType":"linear","widgGradientPosition":"top left","widgGradientAngle":"135"},"widgHoverOptions":{"widgBgColorHover":"hsv(0, 0%, 0%)","widgHoverTransitionDuration":"","widgetHoverAnimation":"","widgGradientHover":{"widgGradientColorFirstHover":"hsv(0, 0%, 0%)","widgGradientLocationFirstHover":"","widgGradientColorSecondHover":"hsv(0, 0%, 0%)","widgGradientLocationSecondHover":"","widgGradientTypeHover":"linear","widgGradientPositionHover":"top left","widgGradientAngleHover":""}},"widgHideOnDesktop":null,"widgHideOnTablet":null,"widgHideOnMobile":null,"wLText":{"wltc":"  <h1 class=\"elLtWrapped\" style=\"font-size: 57px; font-family: &quot;Encode Sans&quot;; color: rgb(255, 255, 255); line-height: 60px;\"> BEST BEAUTY SECRETS&nbsp;</h1><h1 class=\"elLtWrapped\" style=\"font-size: 57px; font-family: &quot;Encode Sans&quot;; color: rgb(255, 255, 255); line-height: 60px;\"><span class=\"elLtWrapped\" style=\"color: rgb(191, 31, 161); font-weight: bold;\">REVEALED FOR YOU</span></h1>\n\n  ","wltfs":"       <link rel=\"stylesheet\" href=\"https://fonts.googleapis.com/css?family=Rubik\" class=\"loadedfont-Rubik\">  <link rel=\"stylesheet\" href=\"https://fonts.googleapis.com/css?family=Encode+Sans\" class=\"loadedfont-EncodeSans\"> "},"borderRadius":{"wbrt":"","wbrb":"","wbrl":"","wbrr":""},"borderWidth":{"wbwt":"","wbwb":"","wbwl":"","wbwr":""}},{"widgetType":"wigt-pb-liveText","widgetStyling":"/* Custom CSS for widget here. */","widgetMtop":"0","widgetMleft":"0","widgetMbottom":"0","widgetMright":"0","widgetPtop":"0","widgetPleft":"0","widgetPbottom":"0","widgetPright":"0","widgetPaddingTablet":{"rPTT":"1.5","rPBT":"1.5","rPLT":"1.5","rPRT":"1.5"},"widgetPaddingMobile":{"rPTM":"1.5","rPBM":"1.5","rPLM":"1.5","rPRM":"1.5"},"widgetMarginTablet":{"rMTT":"0","rMBT":"0","rMLT":"0","rMRT":"0"},"widgetMarginMobile":{"rMTM":"0","rMBM":"0","rMLM":"0","rMRM":"0"},"widgetBgColor":"transparent","widgetAnimation":null,"widgetBorderWidth":"","widgetBorderStyle":null,"widgetBorderColor":"","widgetBoxShadowH":"","widgetBoxShadowV":"","widgetBoxShadowBlur":"","widgetBoxShadowColor":"","widgetIsInline":null,"widgetIsInlineTablet":null,"widgetIsInlineMobile":null,"widgetCustomClass":"","widgBgImg":"","widgBackgroundType":"solid","widgGradient":{"widgGradientColorFirst":"#dd9933","widgGradientLocationFirst":"55","widgGradientColorSecond":"#eeee22","widgGradientLocationSecond":"50","widgGradientType":"linear","widgGradientPosition":"top left","widgGradientAngle":"135"},"widgHoverOptions":{"widgBgColorHover":"hsv(0, 0%, 0%)","widgHoverTransitionDuration":"","widgetHoverAnimation":"","widgGradientHover":{"widgGradientColorFirstHover":"hsv(0, 0%, 0%)","widgGradientLocationFirstHover":"","widgGradientColorSecondHover":"hsv(0, 0%, 0%)","widgGradientLocationSecondHover":"","widgGradientTypeHover":"linear","widgGradientPositionHover":"top left","widgGradientAngleHover":""}},"widgHideOnDesktop":null,"widgHideOnTablet":null,"widgHideOnMobile":null,"wLText":{"wltc":"  <h2 style=\"text-align: left; color: rgb(237, 237, 237); font-family: &quot;Encode Sans&quot;; font-size: 19px;\" class=\"elLtWrapped\"> Write about how your product or service will help users and what great experience your product will offer </h2>  ","wltfs":"    "},"borderRadius":{"wbrt":"","wbrb":"","wbrl":"","wbrr":""},"borderWidth":{"wbwt":"","wbwb":"","wbwl":"","wbwr":""}},{"widgetType":"wigt-pb-formBuilder","widgetStyling":"/* Custom CSS for widget here. */","widgetMtop":"4","widgetMleft":"0","widgetMbottom":"0","widgetMright":"15","widgetPtop":"0","widgetPleft":"0","widgetPbottom":"0","widgetPright":"0","widgetPaddingTablet":{"rPTT":"1.5","rPBT":"1.5","rPLT":"1.5","rPRT":"1.5"},"widgetPaddingMobile":{"rPTM":"1.5","rPBM":"1.5","rPLM":"1.5","rPRM":"1.5"},"widgetMarginTablet":{"rMTT":"0","rMBT":"0","rMLT":"0","rMRT":"0"},"widgetMarginMobile":{"rMTM":"0","rMBM":"0","rMLM":"0","rMRM":"0"},"widgetBgColor":"transparent","widgetAnimation":"","widgetBorderStyle":null,"widgetBorderColor":"","widgetBoxShadowH":"","widgetBoxShadowV":"","widgetBoxShadowBlur":"","widgetBoxShadowColor":"","widgetIsInline":null,"widgetIsInlineTablet":null,"widgetIsInlineMobile":null,"widgetCustomClass":"","widgBgImg":"","widgBackgroundType":"solid","widgGradient":{"widgGradientColorFirst":"#dd9933","widgGradientLocationFirst":"55","widgGradientColorSecond":"#eeee22","widgGradientLocationSecond":"50","widgGradientType":"linear","widgGradientPosition":"top left","widgGradientAngle":"135"},"widgHoverOptions":{"widgBgColorHover":"hsv(0, 0%, 0%)","widgHoverTransitionDuration":"","widgetHoverAnimation":"","widgGradientHover":{"widgGradientColorFirstHover":"hsv(0, 0%, 0%)","widgGradientLocationFirstHover":"","widgGradientColorSecondHover":"hsv(0, 0%, 0%)","widgGradientLocationSecondHover":"","widgGradientTypeHover":"linear","widgGradientPositionHover":"top left","widgGradientAngleHover":""}},"widgHideOnDesktop":null,"widgHideOnTablet":null,"widgHideOnMobile":null,"widgetFormBuilder":{"widgetPbFbFormFeilds":[{"fbFieldType":"text","thisFieldOptions":{"fbFieldLabel":"Name","fbFieldPlaceHolder":"Name","fbFieldRequired":"false","fbFieldWidth":"100","multiOptionFieldValues":"","fbtextareaRows":"5","displayFieldsInline":null,"fbFieldPreset":""}},{"fbFieldType":"email","thisFieldOptions":{"fbFieldLabel":"Email","fbFieldPlaceHolder":"Email","fbFieldRequired":"true","fbFieldWidth":"100","multiOptionFieldValues":"","fbtextareaRows":"5","displayFieldsInline":null,"fbFieldPreset":""}}],"widgetPbFbFormFeildOptions":{"formBuilderFieldSize":"medium","formBuilderFieldLabelDisplay":"none","formBuilderFieldBgColor":"#ffffff","formBuilderFieldColor":"#333333","formBuilderFieldBorderColor":"#dddddd","formBuilderFieldBorderWidth":"1","formBuilderFieldBorderRadius":"0","formBuilderLabelSize":"15","formBuilderLabelSizeTablet":"","formBuilderLabelSizeMobile":"","formBuilderLabelColor":"#333333","formBuilderFieldVGap":"","formBuilderFieldHGap":"","formBuilderFieldFontFamily":"Cutive"},"widgetPbFbFormSubmitOptions":{"formBuilderBtnText":"Reveal The Secret","formBuilderBtnSize":"large","formBuilderBtnWidth":"100","formBuilderBtnBgColor":"#d627b5","formBuilderBtnColor":"#ffffff","formBuilderBtnHoverBgColor":"#bf1fa1","formBuilderBtnHoverTextColor":"hsv(0, 0%, 100%)","formBuilderBtnFontSize":"24","formBuilderBtnFontSizeTablet":"","formBuilderBtnFontSizeMobile":"","formBuilderBtnBorderWidth":"0","formBuilderBtnBorderColor":"#d9534f","formBuilderBtnBorderRadius":"0","formBuilderBtnAlignment":"left","formBuilderBtnHGap":"","formBuilderBtnVGap":"","formBuilderbtnSelectedIcon":"fa fa-arrow-right","formBuilderbtnIconPosition":"after","formBuilderbtnIconGap":"10","formBuilderbtnIconAnimation":"swing","formBuilderBtnFontFamily":"Comfortaa"},"widgetPbFbFormEmailOptions":{"formEmailformName":"PluginOps Form","formEmailTo":"example@example.com","formEmailSubject":"PluginOps New Submission","formEmailFromEmail":"formBuilder@pluginops.com","formEmailName":"PluginOps","formEmailFormat":"plain","formSuccessMessage":"The form was sent successfully!","formSuccessAction":null,"formSuccessActionURL":"http://","formSuccessCustomAction":"","formDuplicateMessage":"","formFailureMessage":"","formFailureCustomAction":""},"widgetPbFbFormMailChimp":{"formBuilderEnableMailChimp":null,"formBuilderMCAccountName":"","formBuilderMCApiKey":"","formBuilderMCDoubleOptin":"false","formBuilderEnableGetResponse":"false","formBuilderGRAccountName":"","formBuilderGRApiKey":"","formBuilderEnableCM":"false","formBuilderCMAccountName":"","formBuilderCMApiKey":"","formBuilderEnableAC":"false","formBuilderACAccountName":"","formBuilderACApiKey":"","formBuilderACApiUrl":"","formBuilderEnableDrip":"false","formBuilderDripAccountName":"","formBuilderDripApiKey":"","formBuilderEnableAweber":"false","formBuilderAweberList":null,"formBuilderEnableConvertKit":"false","formBuilderConvertKitApiKey":"","formBuilderConvertKitAccountName":"","wfb_cWebHook":"false","wfb_cWebHookURL":"","wfb_cWebHookSuccResponse":"","fbgreCaptcha":"false","fbgreCSiteKey":"","fbgreCSiteSecret":""},"widgetPbFbFormAllowDuplicates":"true"},"borderRadius":{"wbrt":"","wbrb":"","wbrl":"","wbrr":""},"borderWidth":{"wbwt":"","wbwb":"","wbwl":"","wbwr":""}},{"widgetType":"wigt-pb-liveText","widgetStyling":"/* Custom CSS for widget here. */","widgetMtop":"0","widgetMleft":"0","widgetMbottom":"0","widgetMright":"17","widgetPtop":"0","widgetPleft":"0","widgetPbottom":"0","widgetPright":"0","widgetPaddingTablet":{"rPTT":"1.5","rPBT":"1.5","rPLT":"1.5","rPRT":"1.5"},"widgetPaddingMobile":{"rPTM":"1.5","rPBM":"1.5","rPLM":"1.5","rPRM":"1.5"},"widgetMarginTablet":{"rMTT":"0","rMBT":"0","rMLT":"0","rMRT":"0"},"widgetMarginMobile":{"rMTM":"0","rMBM":"0","rMLM":"0","rMRM":"0"},"widgetBgColor":"transparent","widgetAnimation":"","widgetBorderWidth":"","widgetBorderStyle":null,"widgetBorderColor":"","widgetBoxShadowH":"","widgetBoxShadowV":"","widgetBoxShadowBlur":"","widgetBoxShadowColor":"","widgetIsInline":null,"widgetIsInlineTablet":null,"widgetIsInlineMobile":null,"widgetCustomClass":"","widgBgImg":"","widgBackgroundType":"solid","widgGradient":{"widgGradientColorFirst":"#dd9933","widgGradientLocationFirst":"55","widgGradientColorSecond":"#eeee22","widgGradientLocationSecond":"50","widgGradientType":"linear","widgGradientPosition":"top left","widgGradientAngle":"135"},"widgHoverOptions":{"widgBgColorHover":"hsv(0, 0%, 0%)","widgHoverTransitionDuration":"","widgetHoverAnimation":"","widgGradientHover":{"widgGradientColorFirstHover":"hsv(0, 0%, 0%)","widgGradientLocationFirstHover":"","widgGradientColorSecondHover":"hsv(0, 0%, 0%)","widgGradientLocationSecondHover":"","widgGradientTypeHover":"linear","widgGradientPositionHover":"top left","widgGradientAngleHover":""}},"widgHideOnDesktop":null,"widgHideOnTablet":null,"widgHideOnMobile":null,"wLText":{"wltc":"<p style=\"text-align: center; color: #a8a8a8;\" class=\"elLtWrapped\" data-mce-style=\"text-align: center; color: #a8a8a8;\">We do not&nbsp; share your information with any third party services. Your email address is safe with us.</p>","wltfs":"      "},"borderRadius":{"wbrt":"","wbrb":"","wbrl":"","wbrr":""},"borderWidth":{"wbwt":"","wbwb":"","wbwl":"","wbwr":""}}],"columnOptions":{"bg_color":"transparent","margin":{"columnMarginTop":"0","columnMarginBottom":"0","columnMarginLeft":"0","columnMarginRight":"0"},"padding":{"columnPaddingTop":"3","columnPaddingBottom":"3","columnPaddingLeft":"0","columnPaddingRight":"3"},"paddingTablet":{"rPTT":"","rPBT":"","rPLT":"4","rPRT":"4"},"paddingMobile":{"rPTM":"","rPBM":"","rPLM":"4","rPRM":"4"},"marginTablet":{"rMTT":"","rMBT":"","rMLT":"","rMRT":""},"marginMobile":{"rMTM":"","rMBM":"","rMLM":"","rMRM":""},"width":"60","widthTablet":"100","widthMobile":"100","columnCSS":"/* Add column custom styling here */","columnCustomClass":"","colHideOnDesktop":null,"colHideOnTablet":null,"colHideOnMobile":null,"colBoxShadow":{"colBoxShadowH":"","colBoxShadowV":"","colBoxShadowBlur":"","colBoxShadowColor":"hsv(0, 0%, 0%)"},"colBorder":{"colBorderWidth":"","colBorderStyle":null,"colBorderColor":"hsv(0, 0%, 0%)","colBorderRadius":""},"colBgImg":"","colBackgroundType":"solid","colGradient":{"colGradientColorFirst":"#dd9933","colGradientLocationFirst":"55","colGradientColorSecond":"#eeee22","colGradientLocationSecond":"50","colGradientType":"linear","colGradientPosition":"top left","colGradientAngle":"135"},"colHoverOptions":{"colBgColorHover":"","colHoverTransitionDuration":"","colGradientHover":{"colGradientColorFirstHover":"hsv(0, 0%, 0%)","colGradientLocationFirstHover":"","colGradientColorSecondHover":"hsv(0, 0%, 0%)","colGradientLocationSecondHover":"","colGradientTypeHover":"linear","colGradientPositionHover":"top left","colGradientAngleHover":""}}}},"column2":{"colWidgets":[],"columnOptions":{"bg_color":"transparent","margin":{"columnMarginTop":"0","columnMarginBottom":"0","columnMarginLeft":"0","columnMarginRight":"0"},"padding":{"columnPaddingTop":"3","columnPaddingBottom":"3","columnPaddingLeft":"3","columnPaddingRight":"3"},"paddingTablet":{"rPTT":"","rPBT":"","rPLT":"","rPRT":""},"paddingMobile":{"rPTM":"","rPBM":"","rPLM":"","rPRM":""},"marginTablet":{"rMTT":"","rMBT":"","rMLT":"","rMRT":""},"marginMobile":{"rMTM":"","rMBM":"","rMLM":"","rMRM":""},"width":"41","widthTablet":"","widthMobile":"","columnCSS":"/* Add column custom styling here */","columnCustomClass":"","colCAD":"default","colCAT":"default","colCAM":"default","colHideOnDesktop":null,"colHideOnTablet":null,"colHideOnMobile":null,"colBoxShadow":{"colBoxShadowH":"","colBoxShadowV":"","colBoxShadowBlur":"","colBoxShadowColor":"hsv(0, 0%, 0%)"},"colBorder":{"colBorderWidth":"","colBorderStyle":null,"colBorderColor":"hsv(0, 0%, 0%)","colBorderRadius":""},"colBgImg":"","colBackgroundType":"solid","colGradient":{"colGradientColorFirst":"#dd9933","colGradientLocationFirst":"55","colGradientColorSecond":"#eeee22","colGradientLocationSecond":"50","colGradientType":"linear","colGradientPosition":"top left","colGradientAngle":"135"},"colHoverOptions":{"colBgColorHover":"","colHoverTransitionDuration":"","colGradientHover":{"colGradientColorFirstHover":"hsv(0, 0%, 0%)","colGradientLocationFirstHover":"","colGradientColorSecondHover":"hsv(0, 0%, 0%)","colGradientLocationSecondHover":"","colGradientTypeHover":"linear","colGradientPositionHover":"top left","colGradientAngleHover":""}}}},"column3":{"colWidgets":[],"columnOptions":{"bg_color":"transparent","margin":{"columnMarginTop":0,"columnMarginBottom":0,"columnMarginLeft":0,"columnMarginRight":0},"padding":{"columnPaddingTop":0,"columnPaddingBottom":0,"columnPaddingLeft":0,"columnPaddingRight":0},"paddingTablet":{"rPTT":"","rPBT":"","rPLT":"","rPRT":""},"paddingMobile":{"rPTM":"","rPBM":"","rPLM":"","rPRM":""},"marginTablet":{"rMTT":"","rMBT":"","rMLT":"","rMRT":""},"marginMobile":{"rMTM":"","rMBM":"","rMLM":"","rMRM":""},"width":"","widthTablet":"","widthMobile":"","columnCSS":"/* Add column custom styling here */","columnCustomClass":"","colHideOnDesktop":"","colHideOnTablet":"","colHideOnMobile":"","colBoxShadow":{"colBoxShadowH":"","colBoxShadowV":"","colBoxShadowBlur":"","colBoxShadowColor":""},"colBgImg":"","colBackgroundType":"solid","colGradient":{"colGradientColorFirst":"#dd9933","colGradientLocationFirst":"55","colGradientColorSecond":"#eeee22","colGradientLocationSecond":"50","colGradientType":"linear","colGradientPosition":"top left","colGradientAngle":"135"},"colHoverOptions":{"colBgColorHover":"","colBackgroundTypeHover":"","colHoverTransitionDuration":"","colGradientHover":{"colGradientColorFirstHover":"","colGradientLocationFirstHover":"","colGradientColorSecondHover":"","colGradientLocationSecondHover":"","colGradientTypeHover":"linear","colGradientPositionHover":"top left","colGradientAngleHover":""}}}},"column4":{"colWidgets":[],"columnOptions":{"bg_color":"transparent","margin":{"columnMarginTop":0,"columnMarginBottom":0,"columnMarginLeft":0,"columnMarginRight":0},"padding":{"columnPaddingTop":0,"columnPaddingBottom":0,"columnPaddingLeft":0,"columnPaddingRight":0},"paddingTablet":{"rPTT":"","rPBT":"","rPLT":"","rPRT":""},"paddingMobile":{"rPTM":"","rPBM":"","rPLM":"","rPRM":""},"marginTablet":{"rMTT":"","rMBT":"","rMLT":"","rMRT":""},"marginMobile":{"rMTM":"","rMBM":"","rMLM":"","rMRM":""},"width":"","widthTablet":"","widthMobile":"","columnCSS":"/* Add column custom styling here */","columnCustomClass":"","colHideOnDesktop":"","colHideOnTablet":"","colHideOnMobile":"","colBoxShadow":{"colBoxShadowH":"","colBoxShadowV":"","colBoxShadowBlur":"","colBoxShadowColor":""},"colBgImg":"","colBackgroundType":"solid","colGradient":{"colGradientColorFirst":"#dd9933","colGradientLocationFirst":"55","colGradientColorSecond":"#eeee22","colGradientLocationSecond":"50","colGradientType":"linear","colGradientPosition":"top left","colGradientAngle":"135"},"colHoverOptions":{"colBgColorHover":"","colBackgroundTypeHover":"","colHoverTransitionDuration":"","colGradientHover":{"colGradientColorFirstHover":"","colGradientLocationFirstHover":"","colGradientColorSecondHover":"","colGradientLocationSecondHover":"","colGradientTypeHover":"linear","colGradientPositionHover":"top left","colGradientAngleHover":""}}}},"column5":{"colWidgets":[],"columnOptions":{"bg_color":"transparent","margin":{"columnMarginTop":0,"columnMarginBottom":0,"columnMarginLeft":0,"columnMarginRight":0},"padding":{"columnPaddingTop":0,"columnPaddingBottom":0,"columnPaddingLeft":0,"columnPaddingRight":0},"paddingTablet":{"rPTT":"","rPBT":"","rPLT":"","rPRT":""},"paddingMobile":{"rPTM":"","rPBM":"","rPLM":"","rPRM":""},"marginTablet":{"rMTT":"","rMBT":"","rMLT":"","rMRT":""},"marginMobile":{"rMTM":"","rMBM":"","rMLM":"","rMRM":""},"width":"","widthTablet":"","widthMobile":"","columnCSS":"/* Add column custom styling here */","columnCustomClass":"","colHideOnDesktop":"","colHideOnTablet":"","colHideOnMobile":"","colBoxShadow":{"colBoxShadowH":"","colBoxShadowV":"","colBoxShadowBlur":"","colBoxShadowColor":""},"colBgImg":"","colBackgroundType":"solid","colGradient":{"colGradientColorFirst":"#dd9933","colGradientLocationFirst":"55","colGradientColorSecond":"#eeee22","colGradientLocationSecond":"50","colGradientType":"linear","colGradientPosition":"top left","colGradientAngle":"135"},"colHoverOptions":{"colBgColorHover":"","colBackgroundTypeHover":"","colHoverTransitionDuration":"","colGradientHover":{"colGradientColorFirstHover":"","colGradientLocationFirstHover":"","colGradientColorSecondHover":"","colGradientLocationSecondHover":"","colGradientTypeHover":"linear","colGradientPositionHover":"top left","colGradientAngleHover":""}}}},"column6":{"colWidgets":[],"columnOptions":{"bg_color":"transparent","margin":{"columnMarginTop":0,"columnMarginBottom":0,"columnMarginLeft":0,"columnMarginRight":0},"padding":{"columnPaddingTop":0,"columnPaddingBottom":0,"columnPaddingLeft":0,"columnPaddingRight":0},"paddingTablet":{"rPTT":"","rPBT":"","rPLT":"","rPRT":""},"paddingMobile":{"rPTM":"","rPBM":"","rPLM":"","rPRM":""},"marginTablet":{"rMTT":"","rMBT":"","rMLT":"","rMRT":""},"marginMobile":{"rMTM":"","rMBM":"","rMLM":"","rMRM":""},"width":"","widthTablet":"","widthMobile":"","columnCSS":"/* Add column custom styling here */","columnCustomClass":"","colHideOnDesktop":"","colHideOnTablet":"","colHideOnMobile":"","colBoxShadow":{"colBoxShadowH":"","colBoxShadowV":"","colBoxShadowBlur":"","colBoxShadowColor":""},"colBgImg":"","colBackgroundType":"solid","colGradient":{"colGradientColorFirst":"#dd9933","colGradientLocationFirst":"55","colGradientColorSecond":"#eeee22","colGradientLocationSecond":"50","colGradientType":"linear","colGradientPosition":"top left","colGradientAngle":"135"},"colHoverOptions":{"colBgColorHover":"","colBackgroundTypeHover":"","colHoverTransitionDuration":"","colGradientHover":{"colGradientColorFirstHover":"","colGradientLocationFirstHover":"","colGradientColorSecondHover":"","colGradientLocationSecondHover":"","colGradientTypeHover":"linear","colGradientPositionHover":"top left","colGradientAngleHover":""}}}},"column7":{"colWidgets":[],"columnOptions":{"bg_color":"transparent","margin":{"columnMarginTop":0,"columnMarginBottom":0,"columnMarginLeft":0,"columnMarginRight":0},"padding":{"columnPaddingTop":0,"columnPaddingBottom":0,"columnPaddingLeft":0,"columnPaddingRight":0},"paddingTablet":{"rPTT":"","rPBT":"","rPLT":"","rPRT":""},"paddingMobile":{"rPTM":"","rPBM":"","rPLM":"","rPRM":""},"marginTablet":{"rMTT":"","rMBT":"","rMLT":"","rMRT":""},"marginMobile":{"rMTM":"","rMBM":"","rMLM":"","rMRM":""},"width":"","widthTablet":"","widthMobile":"","columnCSS":"/* Add column custom styling here */","columnCustomClass":"","colHideOnDesktop":"","colHideOnTablet":"","colHideOnMobile":"","colBoxShadow":{"colBoxShadowH":"","colBoxShadowV":"","colBoxShadowBlur":"","colBoxShadowColor":""},"colBgImg":"","colBackgroundType":"solid","colGradient":{"colGradientColorFirst":"#dd9933","colGradientLocationFirst":"55","colGradientColorSecond":"#eeee22","colGradientLocationSecond":"50","colGradientType":"linear","colGradientPosition":"top left","colGradientAngle":"135"},"colHoverOptions":{"colBgColorHover":"","colBackgroundTypeHover":"","colHoverTransitionDuration":"","colGradientHover":{"colGradientColorFirstHover":"","colGradientLocationFirstHover":"","colGradientColorSecondHover":"","colGradientLocationSecondHover":"","colGradientTypeHover":"linear","colGradientPositionHover":"top left","colGradientAngleHover":""}}}},"column8":{"colWidgets":[],"columnOptions":{"bg_color":"transparent","margin":{"columnMarginTop":0,"columnMarginBottom":0,"columnMarginLeft":0,"columnMarginRight":0},"padding":{"columnPaddingTop":0,"columnPaddingBottom":0,"columnPaddingLeft":0,"columnPaddingRight":0},"paddingTablet":{"rPTT":"","rPBT":"","rPLT":"","rPRT":""},"paddingMobile":{"rPTM":"","rPBM":"","rPLM":"","rPRM":""},"marginTablet":{"rMTT":"","rMBT":"","rMLT":"","rMRT":""},"marginMobile":{"rMTM":"","rMBM":"","rMLM":"","rMRM":""},"width":"","widthTablet":"","widthMobile":"","columnCSS":"/* Add column custom styling here */","columnCustomClass":"","colHideOnDesktop":"","colHideOnTablet":"","colHideOnMobile":"","colBoxShadow":{"colBoxShadowH":"","colBoxShadowV":"","colBoxShadowBlur":"","colBoxShadowColor":""},"colBgImg":"","colBackgroundType":"solid","colGradient":{"colGradientColorFirst":"#dd9933","colGradientLocationFirst":"55","colGradientColorSecond":"#eeee22","colGradientLocationSecond":"50","colGradientType":"linear","colGradientPosition":"top left","colGradientAngle":"135"},"colHoverOptions":{"colBgColorHover":"","colBackgroundTypeHover":"","colHoverTransitionDuration":"","colGradientHover":{"colGradientColorFirstHover":"","colGradientLocationFirstHover":"","colGradientColorSecondHover":"","colGradientLocationSecondHover":"","colGradientTypeHover":"linear","colGradientPositionHover":"top left","colGradientAngleHover":""}}}}},{"rowID":"ulpb_Row90694","rowHeight":"100","rowHeightUnit":"px","rowHeightTablet":"","rowHeightUnitTablet":null,"rowHeightMobile":"","rowHeightUnitMobile":null,"columns":"2","columnsDivRule":"none","rowData":{"rowCustomClass":"","bg_color":"#000942","bg_img":"","margin":{"rowMarginTop":"0","rowMarginBottom":"0","rowMarginLeft":"0","rowMarginRight":"0"},"marginTablet":{"rMTT":"0","rMBT":"0","rMLT":"0","rMRT":"0"},"marginMobile":{"rMTM":"0","rMBM":"0","rMLM":"0","rMRM":"0"},"padding":{"rowPaddingTop":"5","rowPaddingBottom":"5","rowPaddingLeft":"10","rowPaddingRight":"10"},"paddingTablet":{"rPTT":"1.5","rPBT":"1.5","rPLT":"1.5","rPRT":"1.5"},"paddingMobile":{"rPTM":"1.5","rPBM":"1.5","rPLM":"1.5","rPRM":"1.5"},"video":{"rowBgVideoEnable":"false","rowBgVideoLoop":"loop","rowVideoMpfour":" ","rowVideoWebM":" ","rowVideoThumb":" ","rowVideoType":"mp4","rowVideoYtUrl":""},"customStyling":"/* Insert your custom CSS for this row here. */","customJS":" ","rowBackgroundType":"solid","rowBackgroundParallax":"","rowGradient":{"rowGradientColorFirst":"#e92bf2","rowGradientLocationFirst":"0","rowGradientColorSecond":"#26adf2","rowGradientLocationSecond":"95","rowGradientType":"linear","rowGradientPosition":"top left","rowGradientAngle":"90"},"rowHoverOptions":{"rowBgColorHover":"hsv(0, 0%, 0%)","rowHoverTransitionDuration":"","rowGradientHover":{"rowGradientColorFirstHover":"hsv(0, 0%, 0%)","rowGradientLocationFirstHover":"","rowGradientColorSecondHover":"hsv(0, 0%, 0%)","rowGradientLocationSecondHover":"","rowGradientTypeHover":null,"rowGradientPositionHover":null,"rowGradientAngleHover":""}},"rowOverlayGradient":{"rowOverlayGradientColorFirst":"hsv(0, 0%, 0%)","rowOverlayGradientLocationFirst":"","rowOverlayGradientColorSecond":"hsv(0, 0%, 0%)","rowOverlayGradientLocationSecond":"","rowOverlayGradientType":null,"rowOverlayGradientPosition":null,"rowOverlayGradientAngle":""},"rowBgOverlayColor":"hsv(0, 0%, 0%)","rowHideOnDesktop":null,"rowHideOnTablet":null,"rowHideOnMobile":null,"bgSTop":{"rbgstType":"none","rbgstColor":"hsv(0, 0%, 100%)","rbgstWidth":"100","rbgstWidtht":"","rbgstWidthm":"","rbgstHeight":"200","rbgstHeightt":"","rbgstHeightm":"","rbgstFlipped":"false","rbgstFront":"false"},"bgSBottom":{"rbgsbType":"none","rbgsbColor":"hsv(0, 0%, 100%)","rbgsbWidth":"100","rbgsbWidtht":"","rbgsbWidthm":"","rbgsbHeight":"200","rbgsbHeightt":"","rbgsbHeightm":"","rbgsbFlipped":"false","rbgsbFront":"false"}},"column1":{"colWidgets":[{"widgetType":"wigt-pb-liveText","widgetStyling":"/* Custom CSS for widget here. */","widgetMtop":"0","widgetMleft":"0","widgetMbottom":"0","widgetMright":"0","widgetPtop":"0","widgetPleft":"0","widgetPbottom":"0","widgetPright":"0","widgetPaddingTablet":{"rPTT":"1.5","rPBT":"1.5","rPLT":"1.5","rPRT":"1.5"},"widgetPaddingMobile":{"rPTM":"1.5","rPBM":"1.5","rPLM":"1.5","rPRM":"1.5"},"widgetMarginTablet":{"rMTT":"0","rMBT":"0","rMLT":"0","rMRT":"0"},"widgetMarginMobile":{"rMTM":"0","rMBM":"0","rMLM":"0","rMRM":"0"},"widgetBgColor":"transparent","widgetAnimation":"","widgetBorderWidth":"","widgetBorderStyle":null,"widgetBorderColor":"","widgetBoxShadowH":"","widgetBoxShadowV":"","widgetBoxShadowBlur":"","widgetBoxShadowColor":"","widgetIsInline":null,"widgetIsInlineTablet":null,"widgetIsInlineMobile":null,"widgetCustomClass":"","widgBgImg":"","widgBackgroundType":"solid","widgGradient":{"widgGradientColorFirst":"#dd9933","widgGradientLocationFirst":"55","widgGradientColorSecond":"#eeee22","widgGradientLocationSecond":"50","widgGradientType":"linear","widgGradientPosition":"top left","widgGradientAngle":"135"},"widgHoverOptions":{"widgBgColorHover":"hsv(0, 0%, 0%)","widgHoverTransitionDuration":"","widgetHoverAnimation":"","widgGradientHover":{"widgGradientColorFirstHover":"hsv(0, 0%, 0%)","widgGradientLocationFirstHover":"","widgGradientColorSecondHover":"hsv(0, 0%, 0%)","widgGradientLocationSecondHover":"","widgGradientTypeHover":"linear","widgGradientPositionHover":"top left","widgGradientAngleHover":""}},"widgHideOnDesktop":null,"widgHideOnTablet":null,"widgHideOnMobile":null,"wLText":{"wltc":"   <h1 class=\"elLtWrapped\" style=\"font-size: 44px; font-family: &quot;Encode Sans&quot;; color: rgb(255, 255, 255); line-height: 60px;\">Learn more about <span class=\"elLtWrapped\" style=\"color: rgb(191, 31, 161);\">beauty secrets</span></h1>\n\n   ","wltfs":"        <link rel=\"stylesheet\" href=\"https://fonts.googleapis.com/css?family=Rubik\" class=\"loadedfont-Rubik\">  <link rel=\"stylesheet\" href=\"https://fonts.googleapis.com/css?family=Encode+Sans\" class=\"loadedfont-EncodeSans\">  "},"borderRadius":{"wbrt":"","wbrb":"","wbrl":"","wbrr":""},"borderWidth":{"wbwt":"","wbwb":"","wbwl":"","wbwr":""}},{"widgetType":"wigt-pb-liveText","widgetStyling":"/* Custom CSS for widget here. */","widgetMtop":"0","widgetMleft":"0","widgetMbottom":"0","widgetMright":"0","widgetPtop":"0","widgetPleft":"0","widgetPbottom":"0","widgetPright":"0","widgetPaddingTablet":{"rPTT":"1.5","rPBT":"1.5","rPLT":"1.5","rPRT":"1.5"},"widgetPaddingMobile":{"rPTM":"1.5","rPBM":"1.5","rPLM":"1.5","rPRM":"1.5"},"widgetMarginTablet":{"rMTT":"0","rMBT":"0","rMLT":"0","rMRT":"0"},"widgetMarginMobile":{"rMTM":"0","rMBM":"0","rMLM":"0","rMRM":"0"},"widgetBgColor":"transparent","widgetAnimation":null,"widgetBorderWidth":"","widgetBorderStyle":null,"widgetBorderColor":"","widgetBoxShadowH":"","widgetBoxShadowV":"","widgetBoxShadowBlur":"","widgetBoxShadowColor":"","widgetIsInline":null,"widgetIsInlineTablet":null,"widgetIsInlineMobile":null,"widgetCustomClass":"","widgBgImg":"","widgBackgroundType":"solid","widgGradient":{"widgGradientColorFirst":"#dd9933","widgGradientLocationFirst":"55","widgGradientColorSecond":"#eeee22","widgGradientLocationSecond":"50","widgGradientType":"linear","widgGradientPosition":"top left","widgGradientAngle":"135"},"widgHoverOptions":{"widgBgColorHover":"hsv(0, 0%, 0%)","widgHoverTransitionDuration":"","widgetHoverAnimation":"","widgGradientHover":{"widgGradientColorFirstHover":"hsv(0, 0%, 0%)","widgGradientLocationFirstHover":"","widgGradientColorSecondHover":"hsv(0, 0%, 0%)","widgGradientLocationSecondHover":"","widgGradientTypeHover":"linear","widgGradientPositionHover":"top left","widgGradientAngleHover":""}},"widgHideOnDesktop":null,"widgHideOnTablet":null,"widgHideOnMobile":null,"wLText":{"wltc":" <p class=\"elLtWrapped\" style=\"font-size: 16px; color: rgb(243, 243, 243); font-family: Arial;\">Lorem ipsum dolor sit amet, consectetur adipiscing elit, sed do eiusmod tempor incididunt ut labore et dolore magna aliqua. Ut enim ad minim veniam, quis nostrud exercitation ullamco laboris nisi ut aliquip ex ea commodo consequat. Duis aute irure dolor in​.</p> ","wltfs":"  "},"borderRadius":{"wbrt":"","wbrb":"","wbrl":"","wbrr":""},"borderWidth":{"wbwt":"","wbwb":"","wbwl":"","wbwr":""}},{"widgetType":"wigt-btn-gen","widgetStyling":"/* Custom CSS for widget here. */","widgetMtop":"4","widgetMleft":"0","widgetMbottom":"0","widgetMright":"2","widgetPtop":"0","widgetPleft":"0","widgetPbottom":"0","widgetPright":"0","widgetPaddingTablet":{"rPTT":"1.5","rPBT":"1.5","rPLT":"1.5","rPRT":"1.5"},"widgetPaddingMobile":{"rPTM":"1.5","rPBM":"1.5","rPLM":"1.5","rPRM":"1.5"},"widgetMarginTablet":{"rMTT":"0","rMBT":"0","rMLT":"0","rMRT":"0"},"widgetMarginMobile":{"rMTM":"0","rMBM":"0","rMLM":"0","rMRM":"0"},"widgetBgColor":"transparent","widgetAnimation":"","widgetBorderStyle":null,"widgetBorderColor":"","widgetBoxShadowH":"","widgetBoxShadowV":"","widgetBoxShadowBlur":"","widgetBoxShadowColor":"","widgetIsInline":"false","widgetIsInlineTablet":"false","widgetIsInlineMobile":"false","widgetCustomClass":"","widgBgImg":"","widgBackgroundType":"solid","widgGradient":{"widgGradientColorFirst":"#dd9933","widgGradientLocationFirst":"55","widgGradientColorSecond":"#eeee22","widgGradientLocationSecond":"50","widgGradientType":"linear","widgGradientPosition":"top left","widgGradientAngle":"135"},"widgHoverOptions":{"widgBgColorHover":"hsv(0, 0%, 0%)","widgHoverTransitionDuration":"","widgetHoverAnimation":"","widgGradientHover":{"widgGradientColorFirstHover":"hsv(0, 0%, 0%)","widgGradientLocationFirstHover":"","widgGradientColorSecondHover":"hsv(0, 0%, 0%)","widgGradientLocationSecondHover":"","widgGradientTypeHover":"linear","widgGradientPositionHover":"top left","widgGradientAngleHover":""}},"widgHideOnDesktop":null,"widgHideOnTablet":null,"widgHideOnMobile":null,"widgetButton":{"btnText":"Beauty Videos","btnClickAction":"openLink","btnLink":"https://pluginops.com/page-builder/?ref=LPBTempButton","btnTextColor":"#ffffff","btnCAction":"","btnFontSize":"19","btnFontSizeTablet":"","btnFontSizeMobile":"","btnBgColor":"#df0611","btnWidthPercent":"220","btnWidthPercentTablet":"","btnWidthPercentMobile":"","btnWidthUnit":"px","btnWidthUnitTablet":"%","btnWidthUnitMobile":"px","btnHeight":"20","btnHeightTablet":"","btnHeightMobile":"","btnHoverBgColor":"#931a1e","btnHoverTextColor":"#ffffff","btnBlankAttr":"_self","btnBorderColor":"#d9534f","btnBorderWidth":"0","btnBorderRadius":"5","btnButtonAlignment":"left","btnButtonAlignmentTablet":"center","btnButtonAlignmentMobile":"center","btnButtonFontFamily":"Catamaran","btnSelectedIcon":"fa fa-play-circle-o","btnIconPosition":"after","btnIconAnimation":"","btnIconGap":"5"},"borderRadius":{"wbrt":"","wbrb":"","wbrl":"","wbrr":""},"borderWidth":{"wbwt":"","wbwb":"","wbwl":"","wbwr":""}}],"columnOptions":{"bg_color":"transparent","margin":{"columnMarginTop":"0","columnMarginBottom":"0","columnMarginLeft":"0","columnMarginRight":"0"},"padding":{"columnPaddingTop":"0","columnPaddingBottom":"0","columnPaddingLeft":"2","columnPaddingRight":"2"},"paddingTablet":{"rPTT":"","rPBT":"","rPLT":"","rPRT":""},"paddingMobile":{"rPTM":"","rPBM":"","rPLM":"","rPRM":""},"marginTablet":{"rMTT":"","rMBT":"","rMLT":"","rMRT":""},"marginMobile":{"rMTM":"","rMBM":"","rMLM":"","rMRM":""},"width":"","widthTablet":"","widthMobile":"","columnCSS":"/* Add column custom styling here */","columnCustomClass":"","colHideOnDesktop":null,"colHideOnTablet":null,"colHideOnMobile":null,"colBoxShadow":{"colBoxShadowH":"","colBoxShadowV":"","colBoxShadowBlur":"","colBoxShadowColor":"hsv(0, 0%, 0%)"},"colBorder":{"colBorderWidth":"","colBorderStyle":null,"colBorderColor":"hsv(0, 0%, 0%)","colBorderRadius":""},"colBgImg":"","colBackgroundType":"solid","colGradient":{"colGradientColorFirst":"#dd9933","colGradientLocationFirst":"55","colGradientColorSecond":"#eeee22","colGradientLocationSecond":"50","colGradientType":"linear","colGradientPosition":"top left","colGradientAngle":"135"},"colHoverOptions":{"colBgColorHover":"","colHoverTransitionDuration":"","colGradientHover":{"colGradientColorFirstHover":"hsv(0, 0%, 0%)","colGradientLocationFirstHover":"","colGradientColorSecondHover":"hsv(0, 0%, 0%)","colGradientLocationSecondHover":"","colGradientTypeHover":"linear","colGradientPositionHover":"top left","colGradientAngleHover":""}}}},"column0":{"colWidgets":[],"columnOptions":{"bg_color":"transparent","margin":{"columnMarginTop":0,"columnMarginBottom":0,"columnMarginLeft":0,"columnMarginRight":0},"padding":{"columnPaddingTop":0,"columnPaddingBottom":0,"columnPaddingLeft":0,"columnPaddingRight":0},"paddingTablet":{"rPTT":"","rPBT":"","rPLT":"","rPRT":""},"paddingMobile":{"rPTM":"","rPBM":"","rPLM":"","rPRM":""},"marginTablet":{"rMTT":"","rMBT":"","rMLT":"","rMRT":""},"marginMobile":{"rMTM":"","rMBM":"","rMLM":"","rMRM":""},"width":"","widthTablet":"","widthMobile":"","columnCSS":"/* Add column custom styling here */","columnCustomClass":"","colHideOnDesktop":"","colHideOnTablet":"","colHideOnMobile":"","colBoxShadow":{"colBoxShadowH":"","colBoxShadowV":"","colBoxShadowBlur":"","colBoxShadowColor":""},"colBgImg":"","colBackgroundType":"solid","colGradient":{"colGradientColorFirst":"#dd9933","colGradientLocationFirst":"55","colGradientColorSecond":"#eeee22","colGradientLocationSecond":"50","colGradientType":"linear","colGradientPosition":"top left","colGradientAngle":"135"},"colHoverOptions":{"colBgColorHover":"","colBackgroundTypeHover":"","colHoverTransitionDuration":"","colGradientHover":{"colGradientColorFirstHover":"","colGradientLocationFirstHover":"","colGradientColorSecondHover":"","colGradientLocationSecondHover":"","colGradientTypeHover":"linear","colGradientPositionHover":"top left","colGradientAngleHover":""}}}},"column2":{"colWidgets":[{"widgetType":"wigt-pb-embededVideo","widgetStyling":"/* Custom CSS for widget here. */","widgetMtop":"0","widgetMleft":"0","widgetMbottom":"0","widgetMright":"0","widgetPtop":"0","widgetPleft":"0","widgetPbottom":"0","widgetPright":"0","widgetPaddingTablet":{"rPTT":"1.5","rPBT":"1.5","rPLT":"1.5","rPRT":"1.5"},"widgetPaddingMobile":{"rPTM":"1.5","rPBM":"1.5","rPLM":"1.5","rPRM":"1.5"},"widgetMarginTablet":{"rMTT":"0","rMBT":"0","rMLT":"0","rMRT":"0"},"widgetMarginMobile":{"rMTM":"0","rMBM":"0","rMLM":"0","rMRM":"0"},"widgetBgColor":"transparent","widgetAnimation":null,"widgetBorderWidth":"","widgetBorderStyle":null,"widgetBorderColor":"","widgetBoxShadowH":"","widgetBoxShadowV":"","widgetBoxShadowBlur":"","widgetBoxShadowColor":"","widgetIsInline":null,"widgetIsInlineTablet":null,"widgetIsInlineMobile":null,"widgetCustomClass":"","widgBgImg":"","widgBackgroundType":"solid","widgGradient":{"widgGradientColorFirst":"#dd9933","widgGradientLocationFirst":"55","widgGradientColorSecond":"#eeee22","widgGradientLocationSecond":"50","widgGradientType":"linear","widgGradientPosition":"top left","widgGradientAngle":"135"},"widgHoverOptions":{"widgBgColorHover":"hsv(0, 0%, 0%)","widgHoverTransitionDuration":"","widgetHoverAnimation":"","widgGradientHover":{"widgGradientColorFirstHover":"hsv(0, 0%, 0%)","widgGradientLocationFirstHover":"","widgGradientColorSecondHover":"hsv(0, 0%, 0%)","widgGradientLocationSecondHover":"","widgGradientTypeHover":"linear","widgGradientPositionHover":"top left","widgGradientAngleHover":""}},"widgHideOnDesktop":null,"widgHideOnTablet":null,"widgHideOnMobile":null,"widgetEmbedVideo":{"widgetEvidVideoType":"vimeo","widgetEvidVideoLink":"https://vimeo.com/175938239","widgetEvidVideoAutoplay":"false","widgetEvidVideoPlayerControls":"true","widgetEvidVideoTitle":"true","widgetEvidVideoSuggested":"false","widgetEvidImageOverlay":"false","widgetEvidImageUrl":"http://localhost/wp/wp-content/plugins/page-builder-add/images/dashboard/placeholder.jpg","widgetEvidImageIcon":"block","widgetEvidImageIconColor":"hsv(0, 0%, 20%)"},"borderRadius":{"wbrt":"","wbrb":"","wbrl":"","wbrr":""},"borderWidth":{"wbwt":"","wbwb":"","wbwl":"","wbwr":""}}],"columnOptions":{"bg_color":"transparent","margin":{"columnMarginTop":"0","columnMarginBottom":"0","columnMarginLeft":"0","columnMarginRight":"0"},"padding":{"columnPaddingTop":"0","columnPaddingBottom":"0","columnPaddingLeft":"3","columnPaddingRight":"3"},"paddingTablet":{"rPTT":"","rPBT":"","rPLT":"","rPRT":""},"paddingMobile":{"rPTM":"","rPBM":"","rPLM":"","rPRM":""},"marginTablet":{"rMTT":"","rMBT":"","rMLT":"","rMRT":""},"marginMobile":{"rMTM":"","rMBM":"","rMLM":"","rMRM":""},"width":"","widthTablet":"","widthMobile":"","columnCSS":"/* Add column custom styling here */","columnCustomClass":"","colCAD":"default","colCAT":"default","colCAM":"default","colHideOnDesktop":null,"colHideOnTablet":null,"colHideOnMobile":null,"colBoxShadow":{"colBoxShadowH":"","colBoxShadowV":"","colBoxShadowBlur":"","colBoxShadowColor":"hsv(0, 0%, 0%)"},"colBorder":{"colBorderWidth":"","colBorderStyle":null,"colBorderColor":"hsv(0, 0%, 0%)","colBorderRadius":""},"colBgImg":"","colBackgroundType":"solid","colGradient":{"colGradientColorFirst":"#dd9933","colGradientLocationFirst":"55","colGradientColorSecond":"#eeee22","colGradientLocationSecond":"50","colGradientType":"linear","colGradientPosition":"top left","colGradientAngle":"135"},"colHoverOptions":{"colBgColorHover":"","colHoverTransitionDuration":"","colGradientHover":{"colGradientColorFirstHover":"hsv(0, 0%, 0%)","colGradientLocationFirstHover":"","colGradientColorSecondHover":"hsv(0, 0%, 0%)","colGradientLocationSecondHover":"","colGradientTypeHover":"linear","colGradientPositionHover":"top left","colGradientAngleHover":""}}}}},{"rowID":"ulpb_Row91227","rowHeight":"100","rowHeightUnit":"px","rowHeightTablet":"","rowHeightUnitTablet":null,"rowHeightMobile":"","rowHeightUnitMobile":null,"columns":"1","columnsDivRule":"none","rowData":{"rowCustomClass":"","bg_color":"#000942","bg_img":"","margin":{"rowMarginTop":"0","rowMarginBottom":"0","rowMarginLeft":"0","rowMarginRight":"0"},"marginTablet":{"rMTT":"0","rMBT":"0","rMLT":"0","rMRT":"0"},"marginMobile":{"rMTM":"0","rMBM":"0","rMLM":"0","rMRM":"0"},"padding":{"rowPaddingTop":"1","rowPaddingBottom":"0","rowPaddingLeft":"10","rowPaddingRight":"10"},"paddingTablet":{"rPTT":"1.5","rPBT":"1.5","rPLT":"1.5","rPRT":"1.5"},"paddingMobile":{"rPTM":"1.5","rPBM":"1.5","rPLM":"1.5","rPRM":"1.5"},"video":{"rowBgVideoEnable":"false","rowBgVideoLoop":"loop","rowVideoMpfour":" ","rowVideoWebM":" ","rowVideoThumb":" ","rowVideoType":"mp4","rowVideoYtUrl":""},"customStyling":"/* Insert your custom CSS for this row here. */","customJS":" ","rowBackgroundType":"solid","rowBackgroundParallax":"false","rowGradient":{"rowGradientColorFirst":"#e92bf2","rowGradientLocationFirst":"0","rowGradientColorSecond":"#26adf2","rowGradientLocationSecond":"95","rowGradientType":"linear","rowGradientPosition":"top left","rowGradientAngle":"90"},"rowHoverOptions":{"rowBgColorHover":"hsv(0, 0%, 0%)","rowHoverTransitionDuration":"","rowGradientHover":{"rowGradientColorFirstHover":"hsv(0, 0%, 0%)","rowGradientLocationFirstHover":"","rowGradientColorSecondHover":"hsv(0, 0%, 0%)","rowGradientLocationSecondHover":"","rowGradientTypeHover":null,"rowGradientPositionHover":null,"rowGradientAngleHover":""}},"rowOverlayGradient":{"rowOverlayGradientColorFirst":"hsv(0, 0%, 0%)","rowOverlayGradientLocationFirst":"","rowOverlayGradientColorSecond":"hsv(0, 0%, 0%)","rowOverlayGradientLocationSecond":"","rowOverlayGradientType":null,"rowOverlayGradientPosition":null,"rowOverlayGradientAngle":""},"rowBgOverlayColor":"hsv(0, 0%, 0%)","rowHideOnDesktop":null,"rowHideOnTablet":null,"rowHideOnMobile":null,"bgSTop":{"rbgstType":"none","rbgstColor":"hsv(0, 0%, 100%)","rbgstWidth":"100","rbgstWidtht":"","rbgstWidthm":"","rbgstHeight":"200","rbgstHeightt":"","rbgstHeightm":"","rbgstFlipped":"false","rbgstFront":"false"},"bgSBottom":{"rbgsbType":"none","rbgsbColor":"hsv(0, 0%, 100%)","rbgsbWidth":"100","rbgsbWidtht":"","rbgsbWidthm":"","rbgsbHeight":"200","rbgsbHeightt":"","rbgsbHeightm":"","rbgsbFlipped":"false","rbgsbFront":"false"}},"column1":{"colWidgets":[{"widgetType":"wigt-pb-liveText","widgetStyling":"/* Custom CSS for widget here. */","widgetMtop":"0","widgetMleft":"0","widgetMbottom":"0","widgetMright":"0","widgetPtop":"0","widgetPleft":"0","widgetPbottom":"0","widgetPright":"0","widgetPaddingTablet":{"rPTT":"1.5","rPBT":"1.5","rPLT":"1.5","rPRT":"1.5"},"widgetPaddingMobile":{"rPTM":"1.5","rPBM":"1.5","rPLM":"1.5","rPRM":"1.5"},"widgetMarginTablet":{"rMTT":"0","rMBT":"0","rMLT":"0","rMRT":"0"},"widgetMarginMobile":{"rMTM":"0","rMBM":"0","rMLM":"0","rMRM":"0"},"widgetBgColor":"transparent","widgetAnimation":null,"widgetBorderWidth":"","widgetBorderStyle":null,"widgetBorderColor":"","widgetBoxShadowH":"","widgetBoxShadowV":"","widgetBoxShadowBlur":"","widgetBoxShadowColor":"","widgetIsInline":null,"widgetIsInlineTablet":null,"widgetIsInlineMobile":null,"widgetCustomClass":"","widgBgImg":"","widgBackgroundType":"solid","widgGradient":{"widgGradientColorFirst":"#dd9933","widgGradientLocationFirst":"55","widgGradientColorSecond":"#eeee22","widgGradientLocationSecond":"50","widgGradientType":"linear","widgGradientPosition":"top left","widgGradientAngle":"135"},"widgHoverOptions":{"widgBgColorHover":"hsv(0, 0%, 0%)","widgHoverTransitionDuration":"","widgetHoverAnimation":"","widgGradientHover":{"widgGradientColorFirstHover":"hsv(0, 0%, 0%)","widgGradientLocationFirstHover":"","widgGradientColorSecondHover":"hsv(0, 0%, 0%)","widgGradientLocationSecondHover":"","widgGradientTypeHover":"linear","widgGradientPositionHover":"top left","widgGradientAngleHover":""}},"widgHideOnDesktop":null,"widgHideOnTablet":null,"widgHideOnMobile":null,"wLText":{"wltc":" <p style=\"text-align: center; color: rgb(255, 255, 255); font-family: Cabin; font-size: 20px;\" class=\"elLtWrapped\">Copyright - 2019 All Rights Reserved - PluginOps Landing Pages</p> ","wltfs":"  <link rel=\"stylesheet\" href=\"https://fonts.googleapis.com/css?family=Cabin\" class=\"loadedfont-Cabin\">"},"borderRadius":{"wbrt":"","wbrb":"","wbrl":"","wbrr":""},"borderWidth":{"wbwt":"","wbwb":"","wbwl":"","wbwr":""}}],"columnOptions":{"bg_color":"transparent","margin":{"columnMarginTop":"0","columnMarginBottom":"0","columnMarginLeft":"0","columnMarginRight":"0"},"padding":{"columnPaddingTop":"0","columnPaddingBottom":"0","columnPaddingLeft":"0","columnPaddingRight":"0"},"paddingTablet":{"rPTT":"","rPBT":"","rPLT":"","rPRT":""},"paddingMobile":{"rPTM":"","rPBM":"","rPLM":"","rPRM":""},"marginTablet":{"rMTT":"","rMBT":"","rMLT":"","rMRT":""},"marginMobile":{"rMTM":"","rMBM":"","rMLM":"","rMRM":""},"width":"","widthTablet":"","widthMobile":"","columnCSS":"/* Add column custom styling here */","columnCustomClass":"","colHideOnDesktop":null,"colHideOnTablet":null,"colHideOnMobile":null,"colBoxShadow":{"colBoxShadowH":"","colBoxShadowV":"","colBoxShadowBlur":"","colBoxShadowColor":"hsv(0, 0%, 0%)"},"colBorder":{"colBorderWidth":"","colBorderStyle":null,"colBorderColor":"hsv(0, 0%, 0%)","colBorderRadius":""},"colBgImg":"","colBackgroundType":"solid","colGradient":{"colGradientColorFirst":"#dd9933","colGradientLocationFirst":"55","colGradientColorSecond":"#eeee22","colGradientLocationSecond":"50","colGradientType":"linear","colGradientPosition":"top left","colGradientAngle":"135"},"colHoverOptions":{"colBgColorHover":"","colHoverTransitionDuration":"","colGradientHover":{"colGradientColorFirstHover":"hsv(0, 0%, 0%)","colGradientLocationFirstHover":"","colGradientColorSecondHover":"hsv(0, 0%, 0%)","colGradientLocationSecondHover":"","colGradientTypeHover":"linear","colGradientPositionHover":"top left","colGradientAngleHover":""}}}}}],"":{"parse":true,"emulateHTTP":false,"emulateJSON":false,"xhr":{"readyState":4,"responseText":"\"\"","responseJSON":"","status":200,"statusText":"OK"}},"shareOpShown":0,"wait":true,"RowsDivided":0,"Data Saved":{"validate":true,"parse":true,"emulateHTTP":false,"emulateJSON":false,"xhr":{"readyState":4,"responseText":"\"Data Saved\"","responseJSON":"Data Saved","status":200,"statusText":"OK"}}}