[{"rowID":"ulpb_Row21466","rowHeight":"800","rowHeightUnit":"px","rowHeightTablet":"","rowHeightUnitTablet":"","rowHeightMobile":"","rowHeightUnitMobile":"","columns":"1","columnsDivRule":"none","rowData":{"bg_color":"rgba(33,33,33,0.54)","bg_img":"","margin":{"rowMarginTop":"0","rowMarginBottom":"0","rowMarginLeft":"0","rowMarginRight":"0"},"padding":{"rowPaddingTop":"0","rowPaddingBottom":"0","rowPaddingLeft":"0","rowPaddingRight":"0"},"video":{"rowBgVideoEnable":"false","rowBgVideoLoop":"loop","rowVideoMpfour":"","rowVideoWebM":"","rowVideoThumb":""},"customStyling":"/* Insert your custom CSS here. */","customJS":"/* Insert your JS codes here. */"},"column1":{"colWidgets":[{"widgetType":"wigt-WYSIWYG","widgetStyling":"/* Custom CSS for widget here. */","widgetMtop":"4","widgetMleft":"0","widgetMbottom":"3","widgetMright":"0","widgetPtop":"0","widgetPleft":"0","widgetPbottom":"0","widgetPright":"0","widgetBgColor":"transparent","widgetAnimation":"","widgetBorderWidth":"","widgetBorderStyle":null,"widgetBorderColor":"","widgetBoxShadowH":"","widgetBoxShadowV":"","widgetBoxShadowBlur":"","widgetBoxShadowColor":"","widgetWYSIWYG":{"widgetContent":"<p style=\"text-align: center;\"><span style=\"font-size: 36pt; font-family: helvetica, arial, sans-serif; color: #ffffff;\">Business Inquiries Form</span>\n</p>"}},{"widgetType":"wigt-WYSIWYG","widgetStyling":"/* Custom CSS for widget here. */","widgetMtop":"0","widgetMleft":"25","widgetMbottom":"0","widgetMright":"25","widgetPtop":"1","widgetPleft":"1","widgetPbottom":"1","widgetPright":"1","widgetBgColor":"rgba(12,12,12,0.65)","widgetAnimation":"","widgetBorderWidth":"","widgetBorderStyle":null,"widgetBorderColor":"","widgetBoxShadowH":"","widgetBoxShadowV":"","widgetBoxShadowBlur":"","widgetBoxShadowColor":"","widgetWYSIWYG":{"widgetContent":"<span style=\"color: #ffffff; font-size: 14pt;\">Send us an inquiry using the form below and we will get back to you as soon as possible!</span>"}},{"widgetType":"wigt-pb-formBuilder","widgetStyling":"/* Custom CSS for widget here. */","widgetMtop":"0","widgetMleft":"25","widgetMbottom":"0","widgetMright":"25","widgetPtop":"0","widgetPleft":"2","widgetPbottom":"1","widgetPright":"2","widgetBgColor":"rgba(12,12,12,0.65)","widgetAnimation":"","widgetBorderWidth":"","widgetBorderStyle":null,"widgetBorderColor":"","widgetBoxShadowH":"","widgetBoxShadowV":"","widgetBoxShadowBlur":"","widgetBoxShadowColor":"","widgetFormBuilder":{"widgetPbFbFormFeilds":[{"fbFieldType":"text","thisFieldOptions":{"fbFieldLabel":"","fbFieldPlaceHolder":"Title","fbFieldRequired":"false","fbFieldWidth":"100","multiOptionFieldValues":"","fbtextareaRows":"5","displayFieldsInline":null}},{"fbFieldType":"text","thisFieldOptions":{"fbFieldLabel":"FIRST NAME","fbFieldPlaceHolder":"","fbFieldRequired":"false","fbFieldWidth":"50","multiOptionFieldValues":"","fbtextareaRows":"","displayFieldsInline":"inline-block"}},{"fbFieldType":"text","thisFieldOptions":{"fbFieldLabel":"LAST NAME","fbFieldPlaceHolder":"","fbFieldRequired":"false","fbFieldWidth":"50","multiOptionFieldValues":"","fbtextareaRows":"","displayFieldsInline":"inline-block"}},{"fbFieldType":"tel","thisFieldOptions":{"fbFieldLabel":"CONTACT NUMBER","fbFieldPlaceHolder":"","fbFieldRequired":"false","fbFieldWidth":"50","multiOptionFieldValues":"","fbtextareaRows":"","displayFieldsInline":"inline-block"}},{"fbFieldType":"email","thisFieldOptions":{"fbFieldLabel":"YOUR EMAIL","fbFieldPlaceHolder":"","fbFieldRequired":"false","fbFieldWidth":"50","multiOptionFieldValues":"","fbtextareaRows":"","displayFieldsInline":"inline-block"}},{"fbFieldType":"textarea","thisFieldOptions":{"fbFieldLabel":"HOW CAN WE HELP YOU ?","fbFieldPlaceHolder":"","fbFieldRequired":"false","fbFieldWidth":"100","multiOptionFieldValues":"","fbtextareaRows":"8","displayFieldsInline":"inline-block"}}],"widgetPbFbFormFeildOptions":{"formBuilderFieldSize":"small","formBuilderFieldLabelDisplay":"true","formBuilderFieldBgColor":"#fff","formBuilderFieldColor":"#333","formBuilderFieldBorderColor":"#dddddd","formBuilderFieldBorderWidth":"1","formBuilderFieldBorderRadius":"3","formBuilderLabelSize":"16","formBuilderLabelColor":"#ffffff"},"widgetPbFbFormSubmitOptions":{"formBuilderBtnText":"SEND MESSAGE","formBuilderBtnSize":"medium","formBuilderBtnWidth":"100","formBuilderBtnBgColor":"#00a9a0","formBuilderBtnColor":"#ffffff","formBuilderBtnHoverBgColor":"rgba(51,51,51,0)","formBuilderBtnHoverTextColor":"#00a9a0","formBuilderBtnFontSize":"21","formBuilderBtnBorderWidth":"2","formBuilderBtnBorderColor":"#00a9a0","formBuilderBtnBorderRadius":"3","formBuilderBtnAlignment":"left"},"widgetPbFbFormEmailOptions":{"formEmailformName":"","formEmailTo":"example@example.com","formEmailSubject":"","formEmailFromEmail":"","formEmailName":"","formEmailFormat":"plain","formSuccessMessage":"The form was sent successfully!"}}},{"widgetType":"wigt-WYSIWYG","widgetStyling":"/* Custom CSS for widget here. */","widgetMtop":"3","widgetMleft":"1","widgetMbottom":"1","widgetMright":"1","widgetPtop":"0","widgetPleft":"0","widgetPbottom":"0","widgetPright":"0","widgetBgColor":"transparent","widgetAnimation":"","widgetBorderWidth":"","widgetBorderStyle":null,"widgetBorderColor":"","widgetBoxShadowH":"","widgetBoxShadowV":"","widgetBoxShadowBlur":"","widgetBoxShadowColor":"","widgetWYSIWYG":{"widgetContent":"<p data-mce-style=\"text-align: center;\" style=\"text-align: center;\"><span style=\"font-size: 14pt; color: rgb(255, 255, 255);\" data-mce-style=\"font-size: 14pt; color: #ffffff;\">© 2017 Business Inquiry Template. All Rights Reserved | Design by PlugiOps</span></p>"}}],"columnOptions":{"bg_color":"transparent","margin":{"columnMarginTop":"0","columnMarginBottom":"0","columnMarginLeft":"0","columnMarginRight":"0"},"padding":{"columnPaddingTop":"0","columnPaddingBottom":"0","columnPaddingLeft":"0","columnPaddingRight":"0"},"width":"100.00","columnCSS":"/* Add column custom styling here */"}},"column2":{"colWidgets":[],"columnOptions":{"bg_color":"transparent","margin":{"columnMarginTop":0,"columnMarginBottom":0,"columnMarginLeft":0,"columnMarginRight":0},"padding":{"columnPaddingTop":0,"columnPaddingBottom":0,"columnPaddingLeft":0,"columnPaddingRight":0},"width":"","columnCSS":"/* Add column custom styling here */"}},"column3":{"colWidgets":[],"columnOptions":{"bg_color":"transparent","margin":{"columnMarginTop":0,"columnMarginBottom":0,"columnMarginLeft":0,"columnMarginRight":0},"padding":{"columnPaddingTop":0,"columnPaddingBottom":0,"columnPaddingLeft":0,"columnPaddingRight":0},"width":"","columnCSS":"/* Add column custom styling here */"}},"column4":{"colWidgets":[],"columnOptions":{"bg_color":"transparent","margin":{"columnMarginTop":0,"columnMarginBottom":0,"columnMarginLeft":0,"columnMarginRight":0},"padding":{"columnPaddingTop":0,"columnPaddingBottom":0,"columnPaddingLeft":0,"columnPaddingRight":0},"width":"","columnCSS":"/* Add column custom styling here */"}},"column5":{"colWidgets":[],"columnOptions":{"bg_color":"transparent","margin":{"columnMarginTop":0,"columnMarginBottom":0,"columnMarginLeft":0,"columnMarginRight":0},"padding":{"columnPaddingTop":0,"columnPaddingBottom":0,"columnPaddingLeft":0,"columnPaddingRight":0},"width":"","columnCSS":"/* Add column custom styling here */"}},"column6":{"colWidgets":[],"columnOptions":{"bg_color":"transparent","margin":{"columnMarginTop":0,"columnMarginBottom":0,"columnMarginLeft":0,"columnMarginRight":0},"padding":{"columnPaddingTop":0,"columnPaddingBottom":0,"columnPaddingLeft":0,"columnPaddingRight":0},"width":"","columnCSS":"/* Add column custom styling here */"}},"column7":{"colWidgets":[],"columnOptions":{"bg_color":"transparent","margin":{"columnMarginTop":0,"columnMarginBottom":0,"columnMarginLeft":0,"columnMarginRight":0},"padding":{"columnPaddingTop":0,"columnPaddingBottom":0,"columnPaddingLeft":0,"columnPaddingRight":0},"width":"","columnCSS":"/* Add column custom styling here */"}},"column8":{"colWidgets":[],"columnOptions":{"bg_color":"transparent","margin":{"columnMarginTop":0,"columnMarginBottom":0,"columnMarginLeft":0,"columnMarginRight":0},"padding":{"columnPaddingTop":0,"columnPaddingBottom":0,"columnPaddingLeft":0,"columnPaddingRight":0},"width":"","columnCSS":"/* Add column custom styling here */"}}}]