[{"rowID":"ulpb_Row51766","rowHeight":"100","columns":"1","columnsDivRule":"none","rowData":{"bg_color":"#6f6f6f","bg_img":"","margin":{"rowMarginTop":"0","rowMarginBottom":"0","rowMarginLeft":"0","rowMarginRight":"0"},"padding":{"rowPaddingTop":"0","rowPaddingBottom":"0","rowPaddingLeft":"5","rowPaddingRight":"5"},"video":{"rowBgVideoEnable":"false","rowBgVideoLoop":"loop","rowVideoMpfour":"","rowVideoWebM":"","rowVideoThumb":""},"customStyling":"/* Insert your custom CSS here. */","customJS":"/* Insert your JS codes here. */"},"column1":{"colWidgets":[{"widgetType":"wigt-menu","widgetStyling":"/* Custom CSS for widget here. */","widgetMtop":"0","widgetMleft":"0","widgetMbottom":"0","widgetMright":"0","widgetPtop":"0","widgetPleft":"0","widgetPbottom":"0","widgetPright":"0","widgetBgColor":"transparent","widgetAnimation":"","widgetBorderWidth":"","widgetBorderStyle":"","widgetBorderColor":"","widgetBoxShadowH":"","widgetBoxShadowV":"","widgetBoxShadowBlur":"","widgetBoxShadowColor":"","widgetMenu":{"menuName":"Landing Page Builder Nav","menuStyle":"menu-style-4","menuColor":"#ffffff","pbMenuFontFamily":"Cantarell"}}],"columnOptions":{"bg_color":"transparent","margin":{"columnMarginTop":"0","columnMarginBottom":"0","columnMarginLeft":"0","columnMarginRight":"0"},"padding":{"columnPaddingTop":"0","columnPaddingBottom":"0","columnPaddingLeft":"0","columnPaddingRight":"0"},"width":"100.03","columnCSS":"/* Add column custom styling here */"}},"column2":{"columnOptions":{"bg_color":"transparent","margin":{"columnMarginTop":"0","columnMarginBottom":"0","columnMarginLeft":"0","columnMarginRight":"0"},"padding":{"columnPaddingTop":"0","columnPaddingBottom":"0","columnPaddingLeft":"0","columnPaddingRight":"0"},"width":"","columnCSS":"/* Add column custom styling here */"}},"column3":{"columnOptions":{"bg_color":"transparent","margin":{"columnMarginTop":"0","columnMarginBottom":"0","columnMarginLeft":"0","columnMarginRight":"0"},"padding":{"columnPaddingTop":"0","columnPaddingBottom":"0","columnPaddingLeft":"0","columnPaddingRight":"0"},"width":"","columnCSS":"/* Add column custom styling here */"}},"column4":{"columnOptions":{"bg_color":"transparent","margin":{"columnMarginTop":"0","columnMarginBottom":"0","columnMarginLeft":"0","columnMarginRight":"0"},"padding":{"columnPaddingTop":"0","columnPaddingBottom":"0","columnPaddingLeft":"0","columnPaddingRight":"0"},"width":"","columnCSS":"/* Add column custom styling here */"}},"column5":{"columnOptions":{"bg_color":"transparent","margin":{"columnMarginTop":"0","columnMarginBottom":"0","columnMarginLeft":"0","columnMarginRight":"0"},"padding":{"columnPaddingTop":"0","columnPaddingBottom":"0","columnPaddingLeft":"0","columnPaddingRight":"0"},"width":"","columnCSS":"/* Add column custom styling here */"}},"column6":{"columnOptions":{"bg_color":"transparent","margin":{"columnMarginTop":"0","columnMarginBottom":"0","columnMarginLeft":"0","columnMarginRight":"0"},"padding":{"columnPaddingTop":"0","columnPaddingBottom":"0","columnPaddingLeft":"0","columnPaddingRight":"0"},"width":"","columnCSS":"/* Add column custom styling here */"}},"column7":{"columnOptions":{"bg_color":"transparent","margin":{"columnMarginTop":"0","columnMarginBottom":"0","columnMarginLeft":"0","columnMarginRight":"0"},"padding":{"columnPaddingTop":"0","columnPaddingBottom":"0","columnPaddingLeft":"0","columnPaddingRight":"0"},"width":"","columnCSS":"/* Add column custom styling here */"}},"column8":{"columnOptions":{"bg_color":"transparent","margin":{"columnMarginTop":"0","columnMarginBottom":"0","columnMarginLeft":"0","columnMarginRight":"0"},"padding":{"columnPaddingTop":"0","columnPaddingBottom":"0","columnPaddingLeft":"0","columnPaddingRight":"0"},"width":"","columnCSS":"/* Add column custom styling here */"}}},{"rowID":"ulpb_Row118790","rowHeight":"600","columns":"1","columnsDivRule":"none","rowData":{"bg_color":"#6f6f6f","bg_img":"https://cdn-images-1.medium.com/max/2000/1*ylUDk-TygLjUXRug5ss07Q.jpeg","margin":{"rowMarginTop":"0","rowMarginBottom":"0","rowMarginLeft":"0","rowMarginRight":"0"},"padding":{"rowPaddingTop":"0","rowPaddingBottom":"0","rowPaddingLeft":"0","rowPaddingRight":"0"},"video":{"rowBgVideoEnable":"false","rowBgVideoLoop":"loop","rowVideoMpfour":"","rowVideoWebM":"","rowVideoThumb":""},"customStyling":"/* Insert your custom CSS here. */","customJS":"/* Insert your JS codes here. */"},"column1":{"colWidgets":[{"widgetType":"wigt-WYSIWYG","widgetStyling":"/* Custom CSS for widget here. */","widgetMtop":"10","widgetMleft":"0","widgetMbottom":"0","widgetMright":"0","widgetPtop":"0","widgetPleft":"0","widgetPbottom":"0","widgetPright":"0","widgetBgColor":"transparent","widgetAnimation":"","widgetBorderWidth":"","widgetBorderStyle":null,"widgetBorderColor":"","widgetBoxShadowH":"","widgetBoxShadowV":"","widgetBoxShadowBlur":"","widgetBoxShadowColor":"","widgetWYSIWYG":{"widgetContent":"<h1 style=\"color: #fff; text-align: center; font-size: 2em;\" data-mce-style=\"color: #fff; text-align: center; font-size: 2em;\">Welcome To <span style=\"background: #F77924; border-bottom: 2px solid #fff; padding: 5px;\" data-mce-style=\"background: #F77924; border-bottom: 2px solid #fff; padding: 5px;\"> Home Page</span></h1>"}},{"widgetType":"wigt-pb-text","widgetStyling":"/* Custom CSS for widget here. */","widgetMtop":"3","widgetMleft":"0","widgetMbottom":"3","widgetMright":"0","widgetPtop":"0","widgetPleft":"0","widgetPbottom":"0","widgetPright":"0","widgetBgColor":"transparent","widgetAnimation":null,"widgetBorderWidth":"","widgetBorderStyle":null,"widgetBorderColor":"","widgetBoxShadowH":"","widgetBoxShadowV":"","widgetBoxShadowBlur":"","widgetBoxShadowColor":"","widgetText":{"widgetTextContent":"Best Of <span style='color:#00b8ff;'>Business</span> Planning Advisors & Specialist","widgetTextAlignment":"center","widgetTextTag":"h2","widgetTextColor":"#ffffff","widgetTextSize":"42","widgetTextFamily":"Allerta","widgetTextWeight":"200","widgetTextTransform":"none"}},{"widgetType":"wigt-btn-gen","widgetStyling":"/* Custom CSS for widget here. */","widgetMtop":"0","widgetMleft":"0","widgetMbottom":"10","widgetMright":"0","widgetPtop":"0","widgetPleft":"0","widgetPbottom":"0","widgetPright":"0","widgetBgColor":"transparent","widgetAnimation":"","widgetBorderWidth":"","widgetBorderStyle":null,"widgetBorderColor":"","widgetBoxShadowH":"","widgetBoxShadowV":"","widgetBoxShadowBlur":"","widgetBoxShadowColor":"","widgetButton":{"btnText":"READ MORE","btnLink":"https://pluginops.com/page-builder/?ref=LPBTempButton","btnTextColor":"#ffffff","btnFontSize":"18","btnBgColor":"rgba(252,252,252,0.14)","btnWidth":"50","btnHeight":"20","btnHoverBgColor":"#f4bc38","btnBlankAttr":"_self","btnBorderColor":"#ffffff","btnBorderWidth":"2","btnBorderRadius":"5","btnButtonAlignment":"center","btnButtonFontFamily":"sans"}}],"columnOptions":{"bg_color":"rgba(33,33,33,0.26)","margin":{"columnMarginTop":"0","columnMarginBottom":"0","columnMarginLeft":"0","columnMarginRight":"0"},"padding":{"columnPaddingTop":"0","columnPaddingBottom":"0","columnPaddingLeft":"0","columnPaddingRight":"0"},"width":"100.00","columnCSS":"/* Add column custom styling here */"}},"column2":{"colWidgets":[],"columnOptions":{"bg_color":"transparent","margin":{"columnMarginTop":0,"columnMarginBottom":0,"columnMarginLeft":0,"columnMarginRight":0},"padding":{"columnPaddingTop":0,"columnPaddingBottom":0,"columnPaddingLeft":0,"columnPaddingRight":0},"width":"","columnCSS":"/* Add column custom styling here */"}},"column3":{"colWidgets":[],"columnOptions":{"bg_color":"transparent","margin":{"columnMarginTop":0,"columnMarginBottom":0,"columnMarginLeft":0,"columnMarginRight":0},"padding":{"columnPaddingTop":0,"columnPaddingBottom":0,"columnPaddingLeft":0,"columnPaddingRight":0},"width":"","columnCSS":"/* Add column custom styling here */"}},"column4":{"colWidgets":[],"columnOptions":{"bg_color":"transparent","margin":{"columnMarginTop":0,"columnMarginBottom":0,"columnMarginLeft":0,"columnMarginRight":0},"padding":{"columnPaddingTop":0,"columnPaddingBottom":0,"columnPaddingLeft":0,"columnPaddingRight":0},"width":"","columnCSS":"/* Add column custom styling here */"}},"column5":{"colWidgets":[],"columnOptions":{"bg_color":"transparent","margin":{"columnMarginTop":0,"columnMarginBottom":0,"columnMarginLeft":0,"columnMarginRight":0},"padding":{"columnPaddingTop":0,"columnPaddingBottom":0,"columnPaddingLeft":0,"columnPaddingRight":0},"width":"","columnCSS":"/* Add column custom styling here */"}},"column6":{"colWidgets":[],"columnOptions":{"bg_color":"transparent","margin":{"columnMarginTop":0,"columnMarginBottom":0,"columnMarginLeft":0,"columnMarginRight":0},"padding":{"columnPaddingTop":0,"columnPaddingBottom":0,"columnPaddingLeft":0,"columnPaddingRight":0},"width":"","columnCSS":"/* Add column custom styling here */"}},"column7":{"colWidgets":[],"columnOptions":{"bg_color":"transparent","margin":{"columnMarginTop":0,"columnMarginBottom":0,"columnMarginLeft":0,"columnMarginRight":0},"padding":{"columnPaddingTop":0,"columnPaddingBottom":0,"columnPaddingLeft":0,"columnPaddingRight":0},"width":"","columnCSS":"/* Add column custom styling here */"}},"column8":{"colWidgets":[],"columnOptions":{"bg_color":"transparent","margin":{"columnMarginTop":0,"columnMarginBottom":0,"columnMarginLeft":0,"columnMarginRight":0},"padding":{"columnPaddingTop":0,"columnPaddingBottom":0,"columnPaddingLeft":0,"columnPaddingRight":0},"width":"","columnCSS":"/* Add column custom styling here */"}}},{"rowID":"ulpb_Row173895","rowHeight":"200","columns":"2","columnsDivRule":"none","rowData":{"bg_color":"#ffffff","bg_img":"","margin":{"rowMarginTop":"0","rowMarginBottom":"0","rowMarginLeft":"0","rowMarginRight":"0"},"padding":{"rowPaddingTop":"3","rowPaddingBottom":"3","rowPaddingLeft":"15","rowPaddingRight":"15"},"video":{"rowBgVideoEnable":"false","rowBgVideoLoop":"loop","rowVideoMpfour":"","rowVideoWebM":"","rowVideoThumb":""},"customStyling":"/* Insert your custom CSS here. */","customJS":"/* Insert your JS codes here. */"},"column1":{"colWidgets":[{"widgetType":"wigt-img","widgetStyling":"/* Custom CSS for widget here. */","widgetMtop":"0","widgetMleft":"0","widgetMbottom":"0","widgetMright":"0","widgetPtop":"0","widgetPleft":"0","widgetPbottom":"0","widgetPright":"0","widgetBgColor":"transparent","widgetAnimation":"","widgetBorderWidth":"","widgetBorderStyle":null,"widgetBorderColor":"","widgetBoxShadowH":"","widgetBoxShadowV":"","widgetBoxShadowBlur":"","widgetBoxShadowColor":"","widgetImg":{"imgUrl":"https://smuzthemes.com/wp-content/uploads/2017/10/fgfd.png","imgSize":"large","imgAlignment":"center","imgSizeCustomWidth":"","imgSizeCustomHeight":"","imgLightBox":"false","imgLink":""}}],"columnOptions":{"bg_color":"transparent","margin":{"columnMarginTop":"0","columnMarginBottom":"0","columnMarginLeft":"2","columnMarginRight":"0"},"padding":{"columnPaddingTop":"0","columnPaddingBottom":"0","columnPaddingLeft":"0","columnPaddingRight":"0"},"width":"47","columnCSS":"/* Add column custom styling here */"}},"column2":{"colWidgets":[{"widgetType":"wigt-pb-text","widgetStyling":"/* Custom CSS for widget here. */","widgetMtop":"0","widgetMleft":"0","widgetMbottom":"0","widgetMright":"0","widgetPtop":"0","widgetPleft":"0","widgetPbottom":"0","widgetPright":"0","widgetBgColor":"transparent","widgetAnimation":"","widgetBorderWidth":"","widgetBorderStyle":null,"widgetBorderColor":"","widgetBoxShadowH":"","widgetBoxShadowV":"","widgetBoxShadowBlur":"","widgetBoxShadowColor":"","widgetText":{"widgetTextContent":"<i>- <span style=\"color:#F77924;\">W</span>ELCOME</i>","widgetTextAlignment":"right","widgetTextTag":"h1","widgetTextColor":"#565656","widgetTextSize":"25","widgetTextFamily":"Arimo","widgetTextWeight":"normal","widgetTextTransform":"uppercase"}},{"widgetType":"wigt-WYSIWYG","widgetStyling":"/* Custom CSS for widget here. */","widgetMtop":"0","widgetMleft":"0","widgetMbottom":"0","widgetMright":"0","widgetPtop":"0","widgetPleft":"0","widgetPbottom":"0","widgetPright":"0","widgetBgColor":"transparent","widgetAnimation":"","widgetBorderWidth":"","widgetBorderStyle":null,"widgetBorderColor":"","widgetBoxShadowH":"","widgetBoxShadowV":"","widgetBoxShadowBlur":"","widgetBoxShadowColor":"","widgetWYSIWYG":{"widgetContent":"<h2><span style=\"color: rgb(51, 51, 51); font-size: 24pt;\" data-mce-style=\"color: #333333; font-size: 24pt;\">Lorem ipsum dolor sit amet, consectetur adipiscing elit!</span></h2><p>&nbsp;<br></p><p><span style=\"font-size: 12pt;\" data-mce-style=\"font-size: 12pt;\">Sed ut perspiciatis unde omnis iste natus error sit voluptatem accusantium doloremque laudantium, totam rem aperiam, eaque ipsa quae ab illo inventore veritatis et quasi architecto beatae vitae dicta sunt explicabo</span></p>"}},{"widgetType":"wigt-pb-iconList","widgetStyling":"/* Custom CSS for widget here. */","widgetMtop":"8","widgetMleft":"0","widgetMbottom":"0","widgetMright":"0","widgetPtop":"0","widgetPleft":"0","widgetPbottom":"0","widgetPright":"0","widgetBgColor":"transparent","widgetAnimation":null,"widgetBorderWidth":"","widgetBorderStyle":null,"widgetBorderColor":"","widgetBoxShadowH":"","widgetBoxShadowV":"","widgetBoxShadowBlur":"","widgetBoxShadowColor":"","widgetIconList":{"iconListComplete":[{"iconListItemText":"Masagni dolores eoquie oluptd olorem","iconListItemIcon":"fa-hand-o-right","iconListItemLink":"","iconListItemLinkOpen":"_blank"},{"iconListItemText":"Masagni dolores eoquie oluptd olorem","iconListItemIcon":"fa-hand-o-right","iconListItemLink":"","iconListItemLinkOpen":"_blank"},{"iconListItemText":"Ipsumquia dolor sitamne adipiscquam","iconListItemIcon":"fa-hand-o-right","iconListItemLink":"","iconListItemLinkOpen":"_blank"}],"iconListLineHeight":"35","iconListAlignment":"left","iconListIconSize":"16","iconListIconColor":"#ff9b2f","iconListTextSize":"16","iconListTextIndent":"20","iconListTextColor":"#969696"}}],"columnOptions":{"bg_color":"transparent","margin":{"columnMarginTop":"0","columnMarginBottom":"0","columnMarginLeft":"3","columnMarginRight":"0"},"padding":{"columnPaddingTop":"0","columnPaddingBottom":"0","columnPaddingLeft":"0","columnPaddingRight":"0"},"width":"46.01","columnCSS":"/* Add column custom styling here */"}},"column3":{"colWidgets":[],"columnOptions":{"bg_color":"transparent","margin":{"columnMarginTop":0,"columnMarginBottom":0,"columnMarginLeft":0,"columnMarginRight":0},"padding":{"columnPaddingTop":0,"columnPaddingBottom":0,"columnPaddingLeft":0,"columnPaddingRight":0},"width":"","columnCSS":"/* Add column custom styling here */"}},"column4":{"colWidgets":[],"columnOptions":{"bg_color":"transparent","margin":{"columnMarginTop":0,"columnMarginBottom":0,"columnMarginLeft":0,"columnMarginRight":0},"padding":{"columnPaddingTop":0,"columnPaddingBottom":0,"columnPaddingLeft":0,"columnPaddingRight":0},"width":"","columnCSS":"/* Add column custom styling here */"}},"column5":{"colWidgets":[],"columnOptions":{"bg_color":"transparent","margin":{"columnMarginTop":0,"columnMarginBottom":0,"columnMarginLeft":0,"columnMarginRight":0},"padding":{"columnPaddingTop":0,"columnPaddingBottom":0,"columnPaddingLeft":0,"columnPaddingRight":0},"width":"","columnCSS":"/* Add column custom styling here */"}},"column6":{"colWidgets":[],"columnOptions":{"bg_color":"transparent","margin":{"columnMarginTop":0,"columnMarginBottom":0,"columnMarginLeft":0,"columnMarginRight":0},"padding":{"columnPaddingTop":0,"columnPaddingBottom":0,"columnPaddingLeft":0,"columnPaddingRight":0},"width":"","columnCSS":"/* Add column custom styling here */"}},"column7":{"colWidgets":[],"columnOptions":{"bg_color":"transparent","margin":{"columnMarginTop":0,"columnMarginBottom":0,"columnMarginLeft":0,"columnMarginRight":0},"padding":{"columnPaddingTop":0,"columnPaddingBottom":0,"columnPaddingLeft":0,"columnPaddingRight":0},"width":"","columnCSS":"/* Add column custom styling here */"}},"column8":{"colWidgets":[],"columnOptions":{"bg_color":"transparent","margin":{"columnMarginTop":0,"columnMarginBottom":0,"columnMarginLeft":0,"columnMarginRight":0},"padding":{"columnPaddingTop":0,"columnPaddingBottom":0,"columnPaddingLeft":0,"columnPaddingRight":0},"width":"","columnCSS":"/* Add column custom styling here */"}}},{"rowID":"ulpb_Row181293","rowHeight":"200","columns":"4","columnsDivRule":"none","rowData":{"bg_color":"#ffffff","bg_img":"","margin":{"rowMarginTop":"0","rowMarginBottom":"0","rowMarginLeft":"0","rowMarginRight":"0"},"padding":{"rowPaddingTop":"5","rowPaddingBottom":"5","rowPaddingLeft":"15","rowPaddingRight":"15"},"video":{"rowBgVideoEnable":"false","rowBgVideoLoop":"loop","rowVideoMpfour":"","rowVideoWebM":"","rowVideoThumb":""},"customStyling":"/* Insert your custom CSS here. */","customJS":"/* Insert your JS codes here. */"},"column1":{"colWidgets":[{"widgetType":"wigt-pb-icons","widgetStyling":"text-align:center;","widgetMtop":"0","widgetMleft":"0","widgetMbottom":"0","widgetMright":"0","widgetPtop":"0","widgetPleft":"0","widgetPbottom":"0","widgetPright":"0","widgetBgColor":"transparent","widgetAnimation":"","widgetBorderWidth":"","widgetBorderStyle":null,"widgetBorderColor":"","widgetBoxShadowH":"","widgetBoxShadowV":"","widgetBoxShadowBlur":"","widgetBoxShadowColor":"","widgetIcons":{"pbSelectedIcon":"fa fa-key","pbIconSize":"50","pbIconRotation":"0","pbIconColor":"#474747","pbIconLink":""}},{"widgetType":"wigt-pb-text","widgetStyling":"/* Custom CSS for widget here. */","widgetMtop":"0","widgetMleft":"0","widgetMbottom":"1","widgetMright":"0","widgetPtop":"2","widgetPleft":"0","widgetPbottom":"0","widgetPright":"0","widgetBgColor":"transparent","widgetAnimation":"","widgetBorderWidth":"","widgetBorderStyle":null,"widgetBorderColor":"","widgetBoxShadowH":"","widgetBoxShadowV":"","widgetBoxShadowBlur":"","widgetBoxShadowColor":"","widgetText":{"widgetTextContent":"Business Branding","widgetTextAlignment":"center","widgetTextTag":"p","widgetTextColor":"#777777","widgetTextSize":"22","widgetTextFamily":"Select","widgetTextWeight":"100","widgetTextTransform":"none"}},{"widgetType":"wigt-pb-break","widgetStyling":"/* Custom CSS for widget here. */","widgetMtop":"0","widgetMleft":"0","widgetMbottom":"0","widgetMright":"0","widgetPtop":"0","widgetPleft":"0","widgetPbottom":"0","widgetPright":"0","widgetBgColor":"transparent","widgetAnimation":null,"widgetBorderWidth":"","widgetBorderStyle":null,"widgetBorderColor":"","widgetBoxShadowH":"","widgetBoxShadowV":"","widgetBoxShadowBlur":"","widgetBoxShadowColor":"","widgetBreaker":{"widgetBreakerStyle":"solid","widgetBreakerWeight":"3","widgetBreakerColor":"#ff7c38","widgetBreakerWidth":"25","widgetBreakerAlignment":"center","widgetBreakerSpacing":"0"}},{"widgetType":"wigt-pb-text","widgetStyling":"/* Custom CSS for widget here. */","widgetMtop":"2","widgetMleft":"10","widgetMbottom":"2","widgetMright":"10","widgetPtop":"0","widgetPleft":"0","widgetPbottom":"0","widgetPright":"0","widgetBgColor":"transparent","widgetAnimation":null,"widgetBorderWidth":"","widgetBorderStyle":null,"widgetBorderColor":"","widgetBoxShadowH":"","widgetBoxShadowV":"","widgetBoxShadowBlur":"","widgetBoxShadowColor":"","widgetText":{"widgetTextContent":"Sed ut perspiciatis unde omnis iste natus error sit doloremque laudantium","widgetTextAlignment":"center","widgetTextTag":"p","widgetTextColor":"#a0a0a0","widgetTextSize":"16","widgetTextFamily":"select","widgetTextWeight":"200","widgetTextTransform":"none"}}],"columnOptions":{"bg_color":"transparent","margin":{"columnMarginTop":"0","columnMarginBottom":"0","columnMarginLeft":"1","columnMarginRight":"0"},"padding":{"columnPaddingTop":"0","columnPaddingBottom":"0","columnPaddingLeft":"0","columnPaddingRight":"0"},"width":"23.05","columnCSS":"/* Add column custom styling here */"}},"column2":{"colWidgets":[{"widgetType":"wigt-pb-icons","widgetStyling":"text-align:center;","widgetMtop":"0","widgetMleft":"0","widgetMbottom":"0","widgetMright":"0","widgetPtop":"0","widgetPleft":"0","widgetPbottom":"0","widgetPright":"0","widgetBgColor":"transparent","widgetAnimation":"","widgetBorderWidth":"","widgetBorderStyle":null,"widgetBorderColor":"","widgetBoxShadowH":"","widgetBoxShadowV":"","widgetBoxShadowBlur":"","widgetBoxShadowColor":"","widgetIcons":{"pbSelectedIcon":"fa fa-area-chart","pbIconSize":"50","pbIconRotation":"0","pbIconColor":"#474747","pbIconLink":""}},{"widgetType":"wigt-pb-text","widgetStyling":"/* Custom CSS for widget here. */","widgetMtop":"0","widgetMleft":"0","widgetMbottom":"1","widgetMright":"0","widgetPtop":"2","widgetPleft":"0","widgetPbottom":"0","widgetPright":"0","widgetBgColor":"transparent","widgetAnimation":"","widgetBorderWidth":"","widgetBorderStyle":null,"widgetBorderColor":"","widgetBoxShadowH":"","widgetBoxShadowV":"","widgetBoxShadowBlur":"","widgetBoxShadowColor":"","widgetText":{"widgetTextContent":"Business Branding","widgetTextAlignment":"center","widgetTextTag":"p","widgetTextColor":"#777777","widgetTextSize":"22","widgetTextFamily":"Select","widgetTextWeight":"100","widgetTextTransform":"none"}},{"widgetType":"wigt-pb-break","widgetStyling":"/* Custom CSS for widget here. */","widgetMtop":"0","widgetMleft":"0","widgetMbottom":"0","widgetMright":"0","widgetPtop":"0","widgetPleft":"0","widgetPbottom":"0","widgetPright":"0","widgetBgColor":"transparent","widgetAnimation":null,"widgetBorderWidth":"","widgetBorderStyle":null,"widgetBorderColor":"","widgetBoxShadowH":"","widgetBoxShadowV":"","widgetBoxShadowBlur":"","widgetBoxShadowColor":"","widgetBreaker":{"widgetBreakerStyle":"solid","widgetBreakerWeight":"3","widgetBreakerColor":"#ff7c38","widgetBreakerWidth":"25","widgetBreakerAlignment":"center","widgetBreakerSpacing":"0"}},{"widgetType":"wigt-pb-text","widgetStyling":"/* Custom CSS for widget here. */","widgetMtop":"2","widgetMleft":"10","widgetMbottom":"2","widgetMright":"10","widgetPtop":"0","widgetPleft":"0","widgetPbottom":"0","widgetPright":"0","widgetBgColor":"transparent","widgetAnimation":null,"widgetBorderWidth":"","widgetBorderStyle":null,"widgetBorderColor":"","widgetBoxShadowH":"","widgetBoxShadowV":"","widgetBoxShadowBlur":"","widgetBoxShadowColor":"","widgetText":{"widgetTextContent":"Sed ut perspiciatis unde omnis iste natus error sit doloremque laudantium","widgetTextAlignment":"center","widgetTextTag":"p","widgetTextColor":"#a0a0a0","widgetTextSize":"16","widgetTextFamily":"select","widgetTextWeight":"200","widgetTextTransform":"none"}}],"columnOptions":{"bg_color":"transparent","margin":{"columnMarginTop":"0","columnMarginBottom":"0","columnMarginLeft":"1","columnMarginRight":"0"},"padding":{"columnPaddingTop":"0","columnPaddingBottom":"0","columnPaddingLeft":"0","columnPaddingRight":"0"},"width":"22.97","columnCSS":"/* Add column custom styling here */"}},"column3":{"colWidgets":[{"widgetType":"wigt-pb-icons","widgetStyling":"text-align:center;","widgetMtop":"0","widgetMleft":"0","widgetMbottom":"0","widgetMright":"0","widgetPtop":"0","widgetPleft":"0","widgetPbottom":"0","widgetPright":"0","widgetBgColor":"transparent","widgetAnimation":"","widgetBorderWidth":"","widgetBorderStyle":null,"widgetBorderColor":"","widgetBoxShadowH":"","widgetBoxShadowV":"","widgetBoxShadowBlur":"","widgetBoxShadowColor":"","widgetIcons":{"pbSelectedIcon":"fa fa-money","pbIconSize":"50","pbIconRotation":"0","pbIconColor":"#474747","pbIconLink":""}},{"widgetType":"wigt-pb-text","widgetStyling":"/* Custom CSS for widget here. */","widgetMtop":"0","widgetMleft":"0","widgetMbottom":"1","widgetMright":"0","widgetPtop":"2","widgetPleft":"0","widgetPbottom":"0","widgetPright":"0","widgetBgColor":"transparent","widgetAnimation":"","widgetBorderWidth":"","widgetBorderStyle":null,"widgetBorderColor":"","widgetBoxShadowH":"","widgetBoxShadowV":"","widgetBoxShadowBlur":"","widgetBoxShadowColor":"","widgetText":{"widgetTextContent":"Business Branding","widgetTextAlignment":"center","widgetTextTag":"p","widgetTextColor":"#777777","widgetTextSize":"22","widgetTextFamily":"Select","widgetTextWeight":"100","widgetTextTransform":"none"}},{"widgetType":"wigt-pb-break","widgetStyling":"/* Custom CSS for widget here. */","widgetMtop":"0","widgetMleft":"0","widgetMbottom":"0","widgetMright":"0","widgetPtop":"0","widgetPleft":"0","widgetPbottom":"0","widgetPright":"0","widgetBgColor":"transparent","widgetAnimation":null,"widgetBorderWidth":"","widgetBorderStyle":null,"widgetBorderColor":"","widgetBoxShadowH":"","widgetBoxShadowV":"","widgetBoxShadowBlur":"","widgetBoxShadowColor":"","widgetBreaker":{"widgetBreakerStyle":"solid","widgetBreakerWeight":"3","widgetBreakerColor":"#ff7c38","widgetBreakerWidth":"25","widgetBreakerAlignment":"center","widgetBreakerSpacing":"0"}},{"widgetType":"wigt-pb-text","widgetStyling":"/* Custom CSS for widget here. */","widgetMtop":"2","widgetMleft":"10","widgetMbottom":"2","widgetMright":"10","widgetPtop":"0","widgetPleft":"0","widgetPbottom":"0","widgetPright":"0","widgetBgColor":"transparent","widgetAnimation":null,"widgetBorderWidth":"","widgetBorderStyle":null,"widgetBorderColor":"","widgetBoxShadowH":"","widgetBoxShadowV":"","widgetBoxShadowBlur":"","widgetBoxShadowColor":"","widgetText":{"widgetTextContent":"Sed ut perspiciatis unde omnis iste natus error sit doloremque laudantium","widgetTextAlignment":"center","widgetTextTag":"p","widgetTextColor":"#a0a0a0","widgetTextSize":"16","widgetTextFamily":"select","widgetTextWeight":"200","widgetTextTransform":"none"}}],"columnOptions":{"bg_color":"transparent","margin":{"columnMarginTop":"0","columnMarginBottom":"0","columnMarginLeft":"1","columnMarginRight":"0"},"padding":{"columnPaddingTop":"0","columnPaddingBottom":"0","columnPaddingLeft":"0","columnPaddingRight":"0"},"width":"23.05","columnCSS":"/* Add column custom styling here */"}},"column4":{"colWidgets":[{"widgetType":"wigt-pb-icons","widgetStyling":"text-align:center;","widgetMtop":"0","widgetMleft":"0","widgetMbottom":"0","widgetMright":"0","widgetPtop":"0","widgetPleft":"0","widgetPbottom":"0","widgetPright":"0","widgetBgColor":"transparent","widgetAnimation":"","widgetBorderWidth":"","widgetBorderStyle":null,"widgetBorderColor":"","widgetBoxShadowH":"","widgetBoxShadowV":"","widgetBoxShadowBlur":"","widgetBoxShadowColor":"","widgetIcons":{"pbSelectedIcon":"fa fa-cloud","pbIconSize":"50","pbIconRotation":"0","pbIconColor":"#474747","pbIconLink":""}},{"widgetType":"wigt-pb-text","widgetStyling":"/* Custom CSS for widget here. */","widgetMtop":"0","widgetMleft":"0","widgetMbottom":"1","widgetMright":"0","widgetPtop":"2","widgetPleft":"0","widgetPbottom":"0","widgetPright":"0","widgetBgColor":"transparent","widgetAnimation":"","widgetBorderWidth":"","widgetBorderStyle":null,"widgetBorderColor":"","widgetBoxShadowH":"","widgetBoxShadowV":"","widgetBoxShadowBlur":"","widgetBoxShadowColor":"","widgetText":{"widgetTextContent":"Business Branding","widgetTextAlignment":"center","widgetTextTag":"p","widgetTextColor":"#777777","widgetTextSize":"22","widgetTextFamily":"Select","widgetTextWeight":"100","widgetTextTransform":"none"}},{"widgetType":"wigt-pb-break","widgetStyling":"/* Custom CSS for widget here. */","widgetMtop":"0","widgetMleft":"0","widgetMbottom":"0","widgetMright":"0","widgetPtop":"0","widgetPleft":"0","widgetPbottom":"0","widgetPright":"0","widgetBgColor":"transparent","widgetAnimation":null,"widgetBorderWidth":"","widgetBorderStyle":null,"widgetBorderColor":"","widgetBoxShadowH":"","widgetBoxShadowV":"","widgetBoxShadowBlur":"","widgetBoxShadowColor":"","widgetBreaker":{"widgetBreakerStyle":"solid","widgetBreakerWeight":"3","widgetBreakerColor":"#ff7c38","widgetBreakerWidth":"25","widgetBreakerAlignment":"center","widgetBreakerSpacing":"0"}},{"widgetType":"wigt-pb-text","widgetStyling":"/* Custom CSS for widget here. */","widgetMtop":"2","widgetMleft":"10","widgetMbottom":"2","widgetMright":"10","widgetPtop":"0","widgetPleft":"0","widgetPbottom":"0","widgetPright":"0","widgetBgColor":"transparent","widgetAnimation":null,"widgetBorderWidth":"","widgetBorderStyle":null,"widgetBorderColor":"","widgetBoxShadowH":"","widgetBoxShadowV":"","widgetBoxShadowBlur":"","widgetBoxShadowColor":"","widgetText":{"widgetTextContent":"Sed ut perspiciatis unde omnis iste natus error sit doloremque laudantium","widgetTextAlignment":"center","widgetTextTag":"p","widgetTextColor":"#a0a0a0","widgetTextSize":"16","widgetTextFamily":"select","widgetTextWeight":"200","widgetTextTransform":"none"}}],"columnOptions":{"bg_color":"transparent","margin":{"columnMarginTop":"0","columnMarginBottom":"0","columnMarginLeft":"1","columnMarginRight":"0"},"padding":{"columnPaddingTop":"0","columnPaddingBottom":"0","columnPaddingLeft":"0","columnPaddingRight":"0"},"width":"22.97","columnCSS":"/* Add column custom styling here */"}},"column5":{"colWidgets":[],"columnOptions":{"bg_color":"transparent","margin":{"columnMarginTop":0,"columnMarginBottom":0,"columnMarginLeft":0,"columnMarginRight":0},"padding":{"columnPaddingTop":0,"columnPaddingBottom":0,"columnPaddingLeft":0,"columnPaddingRight":0},"width":"","columnCSS":"/* Add column custom styling here */"}},"column6":{"colWidgets":[],"columnOptions":{"bg_color":"transparent","margin":{"columnMarginTop":0,"columnMarginBottom":0,"columnMarginLeft":0,"columnMarginRight":0},"padding":{"columnPaddingTop":0,"columnPaddingBottom":0,"columnPaddingLeft":0,"columnPaddingRight":0},"width":"","columnCSS":"/* Add column custom styling here */"}},"column7":{"colWidgets":[],"columnOptions":{"bg_color":"transparent","margin":{"columnMarginTop":0,"columnMarginBottom":0,"columnMarginLeft":0,"columnMarginRight":0},"padding":{"columnPaddingTop":0,"columnPaddingBottom":0,"columnPaddingLeft":0,"columnPaddingRight":0},"width":"","columnCSS":"/* Add column custom styling here */"}},"column8":{"colWidgets":[],"columnOptions":{"bg_color":"transparent","margin":{"columnMarginTop":0,"columnMarginBottom":0,"columnMarginLeft":0,"columnMarginRight":0},"padding":{"columnPaddingTop":0,"columnPaddingBottom":0,"columnPaddingLeft":0,"columnPaddingRight":0},"width":"","columnCSS":"/* Add column custom styling here */"}}},{"rowID":"ulpb_Row109733","rowHeight":"200","columns":"2","columnsDivRule":"none","rowData":{"bg_color":"#eeeeee","bg_img":"","margin":{"rowMarginTop":"0","rowMarginBottom":"0","rowMarginLeft":"0","rowMarginRight":"0"},"padding":{"rowPaddingTop":"5","rowPaddingBottom":"5","rowPaddingLeft":"15","rowPaddingRight":"15"},"video":{"rowBgVideoEnable":"false","rowBgVideoLoop":"loop","rowVideoMpfour":"","rowVideoWebM":"","rowVideoThumb":""},"customStyling":"/* Insert your custom CSS here. */","customJS":"/* Insert your JS codes here. */"},"column1":{"colWidgets":[{"widgetType":"wigt-WYSIWYG","widgetStyling":"/* Custom CSS for widget here. */","widgetMtop":"2","widgetMleft":"2","widgetMbottom":"2","widgetMright":"5","widgetPtop":"0","widgetPleft":"0","widgetPbottom":"0","widgetPright":"0","widgetBgColor":"transparent","widgetAnimation":null,"widgetBorderWidth":"","widgetBorderStyle":null,"widgetBorderColor":"","widgetBoxShadowH":"","widgetBoxShadowV":"","widgetBoxShadowBlur":"","widgetBoxShadowColor":"","widgetWYSIWYG":{"widgetContent":"<p><span style=\"font-size: 14pt; color: rgb(51, 51, 51);\" data-mce-style=\"font-size: 14pt; color: #333333;\">June 7th 2017</span></p><h3><span style=\"font-size: 18pt; color: rgb(26, 26, 26);\" data-mce-style=\"font-size: 18pt; color: #1a1a1a;\">Minima veniam, quis nostrum ullam</span></h3><p>Sed ut perspiciatis unde omnis iste natus error sit voluptatem accusantium doloremque laudantium. Sed ut perspiciatis unde doloremque laudantium.</p><p><br data-mce-bogus=\"1\"></p>"}},{"widgetType":"wigt-btn-gen","widgetStyling":"/* Custom CSS for widget here. */","widgetMtop":"0","widgetMleft":"2","widgetMbottom":"0","widgetMright":"0","widgetPtop":"0","widgetPleft":"0","widgetPbottom":"0","widgetPright":"0","widgetBgColor":"transparent","widgetAnimation":null,"widgetBorderWidth":"","widgetBorderStyle":null,"widgetBorderColor":"","widgetBoxShadowH":"","widgetBoxShadowV":"","widgetBoxShadowBlur":"","widgetBoxShadowColor":"","widgetButton":{"btnText":"Read More","btnLink":"https://pluginops.com/page-builder/?ref=LPBTempButton","btnTextColor":"#03a9f4","btnFontSize":"14","btnBgColor":"rgba(0,0,0,0)","btnWidth":"35","btnHeight":"10","btnHoverBgColor":"rgba(3,169,244,0.7)","btnBlankAttr":"_self","btnBorderColor":"#03a9f4","btnBorderWidth":"2","btnBorderRadius":"2","btnButtonAlignment":"left","btnButtonFontFamily":"Candal"}},{"widgetType":"wigt-pb-break","widgetStyling":"/* Custom CSS for widget here. */","widgetMtop":"0","widgetMleft":"0","widgetMbottom":"0","widgetMright":"0","widgetPtop":"0","widgetPleft":"0","widgetPbottom":"0","widgetPright":"0","widgetBgColor":"transparent","widgetAnimation":null,"widgetBorderWidth":"","widgetBorderStyle":null,"widgetBorderColor":"","widgetBoxShadowH":"","widgetBoxShadowV":"","widgetBoxShadowBlur":"","widgetBoxShadowColor":"","widgetBreaker":{"widgetBreakerStyle":"solid","widgetBreakerWeight":"1","widgetBreakerColor":"#d3d3d3","widgetBreakerWidth":"100","widgetBreakerAlignment":"left","widgetBreakerSpacing":"40"}},{"widgetType":"wigt-WYSIWYG","widgetStyling":"/* Custom CSS for widget here. */","widgetMtop":"0","widgetMleft":"2","widgetMbottom":"2","widgetMright":"5","widgetPtop":"0","widgetPleft":"0","widgetPbottom":"0","widgetPright":"0","widgetBgColor":"transparent","widgetAnimation":"","widgetBorderWidth":"","widgetBorderStyle":null,"widgetBorderColor":"","widgetBoxShadowH":"","widgetBoxShadowV":"","widgetBoxShadowBlur":"","widgetBoxShadowColor":"","widgetWYSIWYG":{"widgetContent":"<p><span style=\"font-size: 14pt; color: rgb(51, 51, 51);\" data-mce-style=\"font-size: 14pt; color: #333333;\">June 7th 2017</span></p><h3><span style=\"font-size: 18pt; color: rgb(26, 26, 26);\" data-mce-style=\"font-size: 18pt; color: #1a1a1a;\">Minima veniam, quis nostrum ullam</span></h3><p>Sed ut perspiciatis unde omnis iste natus error sit voluptatem accusantium doloremque laudantium. Sed ut perspiciatis unde doloremque laudantium.</p><p>&nbsp;<br></p>"}},{"widgetType":"wigt-btn-gen","widgetStyling":"/* Custom CSS for widget here. */","widgetMtop":"0","widgetMleft":"2","widgetMbottom":"0","widgetMright":"0","widgetPtop":"0","widgetPleft":"0","widgetPbottom":"0","widgetPright":"0","widgetBgColor":"transparent","widgetAnimation":"","widgetBorderWidth":"","widgetBorderStyle":null,"widgetBorderColor":"","widgetBoxShadowH":"","widgetBoxShadowV":"","widgetBoxShadowBlur":"","widgetBoxShadowColor":"","widgetButton":{"btnText":"Read More","btnLink":"https://pluginops.com/page-builder/?ref=LPBTempButton","btnTextColor":"#03a9f4","btnFontSize":"14","btnBgColor":"rgba(0,0,0,0)","btnWidth":"35","btnHeight":"10","btnHoverBgColor":"rgba(3,169,244,0.7)","btnBlankAttr":"_self","btnBorderColor":"#03a9f4","btnBorderWidth":"2","btnBorderRadius":"2","btnButtonAlignment":"left","btnButtonFontFamily":"Candal"}}],"columnOptions":{"bg_color":"transparent","margin":{"columnMarginTop":"0","columnMarginBottom":"0","columnMarginLeft":"2","columnMarginRight":"0"},"padding":{"columnPaddingTop":"0","columnPaddingBottom":"0","columnPaddingLeft":"0","columnPaddingRight":"0"},"width":"47.04","columnCSS":"/* Add column custom styling here */"}},"column2":{"colWidgets":[{"widgetType":"wigt-img","widgetStyling":"/* Custom CSS for widget here. */","widgetMtop":"0","widgetMleft":"0","widgetMbottom":"0","widgetMright":"0","widgetPtop":"0","widgetPleft":"0","widgetPbottom":"0","widgetPright":"0","widgetBgColor":"transparent","widgetAnimation":"","widgetBorderWidth":"","widgetBorderStyle":null,"widgetBorderColor":"","widgetBoxShadowH":"","widgetBoxShadowV":"","widgetBoxShadowBlur":"","widgetBoxShadowColor":"","widgetImg":{"imgUrl":"https://images.unsplash.com/photo-1507537417841-81e85feb9bd2?auto=format&fit=crop&w=634&q=60&ixid=dW5zcGxhc2guY29tOzs7Ozs%3D","imgSize":"medium","imgAlignment":"left","imgSizeCustomWidth":"","imgSizeCustomHeight":"","imgLightBox":"false","imgLink":""}}],"columnOptions":{"bg_color":"transparent","margin":{"columnMarginTop":"0","columnMarginBottom":"0","columnMarginLeft":"2","columnMarginRight":"0"},"padding":{"columnPaddingTop":"0","columnPaddingBottom":"0","columnPaddingLeft":"0","columnPaddingRight":"0"},"width":"47.04","columnCSS":"/* Add column custom styling here */"}},"column3":{"colWidgets":[],"columnOptions":{"bg_color":"transparent","margin":{"columnMarginTop":0,"columnMarginBottom":0,"columnMarginLeft":0,"columnMarginRight":0},"padding":{"columnPaddingTop":0,"columnPaddingBottom":0,"columnPaddingLeft":0,"columnPaddingRight":0},"width":"","columnCSS":"/* Add column custom styling here */"}},"column4":{"colWidgets":[],"columnOptions":{"bg_color":"transparent","margin":{"columnMarginTop":0,"columnMarginBottom":0,"columnMarginLeft":0,"columnMarginRight":0},"padding":{"columnPaddingTop":0,"columnPaddingBottom":0,"columnPaddingLeft":0,"columnPaddingRight":0},"width":"","columnCSS":"/* Add column custom styling here */"}},"column5":{"colWidgets":[],"columnOptions":{"bg_color":"transparent","margin":{"columnMarginTop":0,"columnMarginBottom":0,"columnMarginLeft":0,"columnMarginRight":0},"padding":{"columnPaddingTop":0,"columnPaddingBottom":0,"columnPaddingLeft":0,"columnPaddingRight":0},"width":"","columnCSS":"/* Add column custom styling here */"}},"column6":{"colWidgets":[],"columnOptions":{"bg_color":"transparent","margin":{"columnMarginTop":0,"columnMarginBottom":0,"columnMarginLeft":0,"columnMarginRight":0},"padding":{"columnPaddingTop":0,"columnPaddingBottom":0,"columnPaddingLeft":0,"columnPaddingRight":0},"width":"","columnCSS":"/* Add column custom styling here */"}},"column7":{"colWidgets":[],"columnOptions":{"bg_color":"transparent","margin":{"columnMarginTop":0,"columnMarginBottom":0,"columnMarginLeft":0,"columnMarginRight":0},"padding":{"columnPaddingTop":0,"columnPaddingBottom":0,"columnPaddingLeft":0,"columnPaddingRight":0},"width":"","columnCSS":"/* Add column custom styling here */"}},"column8":{"colWidgets":[],"columnOptions":{"bg_color":"transparent","margin":{"columnMarginTop":0,"columnMarginBottom":0,"columnMarginLeft":0,"columnMarginRight":0},"padding":{"columnPaddingTop":0,"columnPaddingBottom":0,"columnPaddingLeft":0,"columnPaddingRight":0},"width":"","columnCSS":"/* Add column custom styling here */"}}},{"rowID":"ulpb_Row14853","rowHeight":"200","columns":"1","columnsDivRule":"none","rowData":{"bg_color":"#ffffff","bg_img":"","margin":{"rowMarginTop":"0","rowMarginBottom":"0","rowMarginLeft":"0","rowMarginRight":"0"},"padding":{"rowPaddingTop":"4","rowPaddingBottom":"4","rowPaddingLeft":"0","rowPaddingRight":"0"},"video":{"rowBgVideoEnable":"false","rowBgVideoLoop":"loop","rowVideoMpfour":"","rowVideoWebM":"","rowVideoThumb":""},"customStyling":"/* Insert your custom CSS here. */","customJS":"/* Insert your JS codes here. */"},"column1":{"colWidgets":[{"widgetType":"wigt-pb-text","widgetStyling":"/* Custom CSS for widget here. */","widgetMtop":"0","widgetMleft":"0","widgetMbottom":"0","widgetMright":"0","widgetPtop":"0","widgetPleft":"0","widgetPbottom":"0","widgetPright":"0","widgetBgColor":"transparent","widgetAnimation":"","widgetBorderWidth":"","widgetBorderStyle":null,"widgetBorderColor":"","widgetBoxShadowH":"","widgetBoxShadowV":"","widgetBoxShadowBlur":"","widgetBoxShadowColor":"","widgetText":{"widgetTextContent":"Newsletter","widgetTextAlignment":"center","widgetTextTag":"h2","widgetTextColor":"#03a9f4","widgetTextSize":"36","widgetTextFamily":"Allerta","widgetTextWeight":"200","widgetTextTransform":"uppercase"}},{"widgetType":"wigt-pb-text","widgetStyling":"/* Custom CSS for widget here. */","widgetMtop":"0","widgetMleft":"0","widgetMbottom":"0","widgetMright":"0","widgetPtop":"0","widgetPleft":"0","widgetPbottom":"0","widgetPright":"0","widgetBgColor":"transparent","widgetAnimation":"","widgetBorderWidth":"","widgetBorderStyle":null,"widgetBorderColor":"","widgetBoxShadowH":"","widgetBoxShadowV":"","widgetBoxShadowBlur":"","widgetBoxShadowColor":"","widgetText":{"widgetTextContent":"New Blog Posts delivered to your inbox instantly.","widgetTextAlignment":"center","widgetTextTag":"h2","widgetTextColor":"#474747","widgetTextSize":"17","widgetTextFamily":"Select","widgetTextWeight":"100","widgetTextTransform":"none"}},{"widgetType":"wigt-pb-form","widgetStyling":"/* Custom CSS for widget here. */","widgetMtop":"2","widgetMleft":"30","widgetMbottom":"2","widgetMright":"30","widgetPtop":"0","widgetPleft":"0","widgetPbottom":"0","widgetPright":"0","widgetBgColor":"transparent","widgetAnimation":null,"widgetBorderWidth":"","widgetBorderStyle":null,"widgetBorderColor":"","widgetBoxShadowH":"","widgetBoxShadowV":"","widgetBoxShadowBlur":"","widgetBoxShadowColor":"","widgetSubscribeForm":{"pbFormID":"ulpb_form2159","formLayout":"inline","showNameField":"none","successAction":"showMessage","successURL":"","successMessage":"Thanks for subscribing! Please check your email for further instructions.","formBtnText":"Subscribe","formBtnHeight":"20","formBtnWidth":"40","formBtnBgColor":"#f77924","formBtnColor":"#ffffff","formBtnHoverBgColor":"#d9534f","formBtnFontSize":"15","formBtnBorderWidth":"0","formBtnBorderColor":"#d9534f","formBtnBorderRadius":"0","formDataSaveType":"database"}}],"columnOptions":{"bg_color":"transparent","margin":{"columnMarginTop":"0","columnMarginBottom":"0","columnMarginLeft":"0","columnMarginRight":"0"},"padding":{"columnPaddingTop":"0","columnPaddingBottom":"0","columnPaddingLeft":"0","columnPaddingRight":"0"},"width":"100.00","columnCSS":"/* Add column custom styling here */"}},"column2":{"colWidgets":[],"columnOptions":{"bg_color":"transparent","margin":{"columnMarginTop":0,"columnMarginBottom":0,"columnMarginLeft":0,"columnMarginRight":0},"padding":{"columnPaddingTop":0,"columnPaddingBottom":0,"columnPaddingLeft":0,"columnPaddingRight":0},"width":"","columnCSS":"/* Add column custom styling here */"}},"column3":{"colWidgets":[],"columnOptions":{"bg_color":"transparent","margin":{"columnMarginTop":0,"columnMarginBottom":0,"columnMarginLeft":0,"columnMarginRight":0},"padding":{"columnPaddingTop":0,"columnPaddingBottom":0,"columnPaddingLeft":0,"columnPaddingRight":0},"width":"","columnCSS":"/* Add column custom styling here */"}},"column4":{"colWidgets":[],"columnOptions":{"bg_color":"transparent","margin":{"columnMarginTop":0,"columnMarginBottom":0,"columnMarginLeft":0,"columnMarginRight":0},"padding":{"columnPaddingTop":0,"columnPaddingBottom":0,"columnPaddingLeft":0,"columnPaddingRight":0},"width":"","columnCSS":"/* Add column custom styling here */"}},"column5":{"colWidgets":[],"columnOptions":{"bg_color":"transparent","margin":{"columnMarginTop":0,"columnMarginBottom":0,"columnMarginLeft":0,"columnMarginRight":0},"padding":{"columnPaddingTop":0,"columnPaddingBottom":0,"columnPaddingLeft":0,"columnPaddingRight":0},"width":"","columnCSS":"/* Add column custom styling here */"}},"column6":{"colWidgets":[],"columnOptions":{"bg_color":"transparent","margin":{"columnMarginTop":0,"columnMarginBottom":0,"columnMarginLeft":0,"columnMarginRight":0},"padding":{"columnPaddingTop":0,"columnPaddingBottom":0,"columnPaddingLeft":0,"columnPaddingRight":0},"width":"","columnCSS":"/* Add column custom styling here */"}},"column7":{"colWidgets":[],"columnOptions":{"bg_color":"transparent","margin":{"columnMarginTop":0,"columnMarginBottom":0,"columnMarginLeft":0,"columnMarginRight":0},"padding":{"columnPaddingTop":0,"columnPaddingBottom":0,"columnPaddingLeft":0,"columnPaddingRight":0},"width":"","columnCSS":"/* Add column custom styling here */"}},"column8":{"colWidgets":[],"columnOptions":{"bg_color":"transparent","margin":{"columnMarginTop":0,"columnMarginBottom":0,"columnMarginLeft":0,"columnMarginRight":0},"padding":{"columnPaddingTop":0,"columnPaddingBottom":0,"columnPaddingLeft":0,"columnPaddingRight":0},"width":"","columnCSS":"/* Add column custom styling here */"}}},{"rowID":"ulpb_Row53049","rowHeight":"30","columns":"2","columnsDivRule":"none","rowData":{"bg_color":"#262626","bg_img":"","margin":{"rowMarginTop":"0","rowMarginBottom":"0","rowMarginLeft":"0","rowMarginRight":"0"},"padding":{"rowPaddingTop":"0","rowPaddingBottom":"0","rowPaddingLeft":"0","rowPaddingRight":"0"},"video":{"rowBgVideoEnable":"false","rowBgVideoLoop":"loop","rowVideoMpfour":"","rowVideoWebM":"","rowVideoThumb":""},"customStyling":"/* Insert your custom CSS here. */","customJS":"/* Insert your JS codes here. */"},"column1":{"colWidgets":[{"widgetType":"wigt-pb-iconList","widgetStyling":"/* Custom CSS for widget here. */","widgetMtop":"0","widgetMleft":"30","widgetMbottom":"0","widgetMright":"0","widgetPtop":"0","widgetPleft":"0","widgetPbottom":"0","widgetPright":"0","widgetBgColor":"transparent","widgetAnimation":null,"widgetBorderWidth":"","widgetBorderStyle":null,"widgetBorderColor":"","widgetBoxShadowH":"","widgetBoxShadowV":"","widgetBoxShadowBlur":"","widgetBoxShadowColor":"","widgetIconList":{"iconListComplete":[{"iconListItemText":"+123 456 897","iconListItemIcon":"fa-phone","iconListItemLink":"","iconListItemLinkOpen":"_blank"}],"iconListLineHeight":"55","iconListAlignment":"left","iconListIconSize":"14","iconListIconColor":"#ffffff","iconListTextSize":"15","iconListTextIndent":"15","iconListTextColor":"#ffffff"}}],"columnOptions":{"bg_color":"transparent","margin":{"columnMarginTop":"0","columnMarginBottom":"0","columnMarginLeft":"0","columnMarginRight":"0"},"padding":{"columnPaddingTop":"0","columnPaddingBottom":"0","columnPaddingLeft":"0","columnPaddingRight":"0"},"width":"49.01","columnCSS":"/* Add column custom styling here */"}},"column2":{"colWidgets":[{"widgetType":"wigt-pb-iconList","widgetStyling":"/* Custom CSS for widget here. */","widgetMtop":"0","widgetMleft":"30","widgetMbottom":"0","widgetMright":"0","widgetPtop":"0","widgetPleft":"0","widgetPbottom":"0","widgetPright":"0","widgetBgColor":"transparent","widgetAnimation":"","widgetBorderWidth":"","widgetBorderStyle":null,"widgetBorderColor":"","widgetBoxShadowH":"","widgetBoxShadowV":"","widgetBoxShadowBlur":"","widgetBoxShadowColor":"","widgetIconList":{"iconListComplete":[{"iconListItemText":"Email : mail@example.com","iconListItemIcon":"fa-envelope","iconListItemLink":"","iconListItemLinkOpen":"_blank"}],"iconListLineHeight":"55","iconListAlignment":"left","iconListIconSize":"14","iconListIconColor":"#ffffff","iconListTextSize":"15","iconListTextIndent":"15","iconListTextColor":"#ffffff"}}],"columnOptions":{"bg_color":"transparent","margin":{"columnMarginTop":"0","columnMarginBottom":"0","columnMarginLeft":"0","columnMarginRight":"0"},"padding":{"columnPaddingTop":"0","columnPaddingBottom":"0","columnPaddingLeft":"0","columnPaddingRight":"0"},"width":"49.01","columnCSS":"/* Add column custom styling here */"}},"column3":{"colWidgets":[],"columnOptions":{"bg_color":"transparent","margin":{"columnMarginTop":0,"columnMarginBottom":0,"columnMarginLeft":0,"columnMarginRight":0},"padding":{"columnPaddingTop":0,"columnPaddingBottom":0,"columnPaddingLeft":0,"columnPaddingRight":0},"width":"","columnCSS":"/* Add column custom styling here */"}},"column4":{"colWidgets":[],"columnOptions":{"bg_color":"transparent","margin":{"columnMarginTop":0,"columnMarginBottom":0,"columnMarginLeft":0,"columnMarginRight":0},"padding":{"columnPaddingTop":0,"columnPaddingBottom":0,"columnPaddingLeft":0,"columnPaddingRight":0},"width":"","columnCSS":"/* Add column custom styling here */"}},"column5":{"colWidgets":[],"columnOptions":{"bg_color":"transparent","margin":{"columnMarginTop":0,"columnMarginBottom":0,"columnMarginLeft":0,"columnMarginRight":0},"padding":{"columnPaddingTop":0,"columnPaddingBottom":0,"columnPaddingLeft":0,"columnPaddingRight":0},"width":"","columnCSS":"/* Add column custom styling here */"}},"column6":{"colWidgets":[],"columnOptions":{"bg_color":"transparent","margin":{"columnMarginTop":0,"columnMarginBottom":0,"columnMarginLeft":0,"columnMarginRight":0},"padding":{"columnPaddingTop":0,"columnPaddingBottom":0,"columnPaddingLeft":0,"columnPaddingRight":0},"width":"","columnCSS":"/* Add column custom styling here */"}},"column7":{"colWidgets":[],"columnOptions":{"bg_color":"transparent","margin":{"columnMarginTop":0,"columnMarginBottom":0,"columnMarginLeft":0,"columnMarginRight":0},"padding":{"columnPaddingTop":0,"columnPaddingBottom":0,"columnPaddingLeft":0,"columnPaddingRight":0},"width":"","columnCSS":"/* Add column custom styling here */"}},"column8":{"colWidgets":[],"columnOptions":{"bg_color":"transparent","margin":{"columnMarginTop":0,"columnMarginBottom":0,"columnMarginLeft":0,"columnMarginRight":0},"padding":{"columnPaddingTop":0,"columnPaddingBottom":0,"columnPaddingLeft":0,"columnPaddingRight":0},"width":"","columnCSS":"/* Add column custom styling here */"}}},{"rowID":"ulpb_Row186638","rowHeight":"200","columns":"4","columnsDivRule":"none","rowData":{"bg_color":"#262626","bg_img":"","margin":{"rowMarginTop":"0","rowMarginBottom":"0","rowMarginLeft":"0","rowMarginRight":"0"},"padding":{"rowPaddingTop":"4","rowPaddingBottom":"4","rowPaddingLeft":"15","rowPaddingRight":"15"},"video":{"rowBgVideoEnable":"false","rowBgVideoLoop":"loop","rowVideoMpfour":"","rowVideoWebM":"","rowVideoThumb":""},"customStyling":"/* Insert your custom CSS here. */","customJS":"/* Insert your JS codes here. */"},"column1":{"colWidgets":[{"widgetType":"wigt-pb-text","widgetStyling":"/* Custom CSS for widget here. */","widgetMtop":"0","widgetMleft":"0","widgetMbottom":"0","widgetMright":"0","widgetPtop":"0","widgetPleft":"0","widgetPbottom":"0","widgetPright":"0","widgetBgColor":"transparent","widgetAnimation":null,"widgetBorderWidth":"","widgetBorderStyle":null,"widgetBorderColor":"","widgetBoxShadowH":"","widgetBoxShadowV":"","widgetBoxShadowBlur":"","widgetBoxShadowColor":"","widgetText":{"widgetTextContent":"ABOUT US","widgetTextAlignment":"left","widgetTextTag":"p","widgetTextColor":"#ffffff","widgetTextSize":"18","widgetTextFamily":"select","widgetTextWeight":"200","widgetTextTransform":"uppercase"}},{"widgetType":"wigt-img","widgetStyling":"/* Custom CSS for widget here. */","widgetMtop":"0","widgetMleft":"0","widgetMbottom":"0","widgetMright":"0","widgetPtop":"0","widgetPleft":"0","widgetPbottom":"0","widgetPright":"0","widgetBgColor":"transparent","widgetAnimation":null,"widgetBorderWidth":"","widgetBorderStyle":null,"widgetBorderColor":"","widgetBoxShadowH":"","widgetBoxShadowV":"","widgetBoxShadowBlur":"","widgetBoxShadowColor":"","widgetImg":{"imgUrl":"https://images.unsplash.com/photo-1503564996084-7acb58ec325c?auto=format&fit=crop&w=1350&q=60&ixid=dW5zcGxhc2guY29tOzs7Ozs%3D","imgSize":"large","imgAlignment":"center","imgSizeCustomWidth":"","imgSizeCustomHeight":"","imgLightBox":"false","imgLink":""}}],"columnOptions":{"bg_color":"transparent","margin":{"columnMarginTop":"0","columnMarginBottom":"0","columnMarginLeft":"0","columnMarginRight":"0"},"padding":{"columnPaddingTop":"0","columnPaddingBottom":"0","columnPaddingLeft":"0","columnPaddingRight":"0"},"width":"17.20","columnCSS":"/* Add column custom styling here */"}},"column2":{"colWidgets":[{"widgetType":"wigt-WYSIWYG","widgetStyling":"/* Custom CSS for widget here. */","widgetMtop":"0","widgetMleft":"0","widgetMbottom":"0","widgetMright":"0","widgetPtop":"0","widgetPleft":"0","widgetPbottom":"0","widgetPright":"0","widgetBgColor":"transparent","widgetAnimation":"","widgetBorderWidth":"","widgetBorderStyle":null,"widgetBorderColor":"","widgetBoxShadowH":"","widgetBoxShadowV":"","widgetBoxShadowBlur":"","widgetBoxShadowColor":"","widgetWYSIWYG":{"widgetContent":"<p>&nbsp;<br></p><p>&nbsp;<span style=\"color: rgb(115, 115, 115);\" data-mce-style=\"color: #737373;\">Suspendisse potenti. Pellentesque pulvinar tellus at est ullamcorper, at elementum nibh laoreet. Nunc id diam in nulla sollicitudin auctor. Donec elementum felis turpis, vel interdum libero congue non. Mauris non magna convallis</span></p>"}}],"columnOptions":{"bg_color":"transparent","margin":{"columnMarginTop":"0","columnMarginBottom":"0","columnMarginLeft":"2","columnMarginRight":"0"},"padding":{"columnPaddingTop":"0","columnPaddingBottom":"0","columnPaddingLeft":"0","columnPaddingRight":"0"},"width":"24.00","columnCSS":"/* Add column custom styling here */"}},"column3":{"colWidgets":[{"widgetType":"wigt-WYSIWYG","widgetStyling":"/* Custom CSS for widget here. */","widgetMtop":"0","widgetMleft":"0","widgetMbottom":"0","widgetMright":"0","widgetPtop":"0","widgetPleft":"0","widgetPbottom":"0","widgetPright":"0","widgetBgColor":"transparent","widgetAnimation":null,"widgetBorderWidth":"","widgetBorderStyle":null,"widgetBorderColor":"","widgetBoxShadowH":"","widgetBoxShadowV":"","widgetBoxShadowBlur":"","widgetBoxShadowColor":"","widgetWYSIWYG":{"widgetContent":"<h2><span style=\"color: rgb(255, 255, 255);\" data-mce-style=\"color: #ffffff;\">WE ARE SOCIAL</span></h2>"}},{"widgetType":"wigt-pb-icons","widgetStyling":"display:inline-block;\nwidth:20%;","widgetMtop":"6","widgetMleft":"0","widgetMbottom":"0","widgetMright":"0","widgetPtop":"0","widgetPleft":"0","widgetPbottom":"0","widgetPright":"0","widgetBgColor":"transparent","widgetAnimation":"","widgetBorderWidth":"","widgetBorderStyle":null,"widgetBorderColor":"","widgetBoxShadowH":"","widgetBoxShadowV":"","widgetBoxShadowBlur":"","widgetBoxShadowColor":"","widgetIcons":{"pbSelectedIcon":"fa fa-facebook-official","pbIconSize":"30","pbIconRotation":"0","pbIconColor":"#ffffff","pbIconLink":""}},{"widgetType":"wigt-pb-icons","widgetStyling":"display:inline-block;\nwidth:20%;","widgetMtop":"6","widgetMleft":"0","widgetMbottom":"0","widgetMright":"0","widgetPtop":"0","widgetPleft":"0","widgetPbottom":"0","widgetPright":"0","widgetBgColor":"transparent","widgetAnimation":"","widgetBorderWidth":"","widgetBorderStyle":null,"widgetBorderColor":"","widgetBoxShadowH":"","widgetBoxShadowV":"","widgetBoxShadowBlur":"","widgetBoxShadowColor":"","widgetIcons":{"pbSelectedIcon":"fa fa-twitter-square","pbIconSize":"30","pbIconRotation":"0","pbIconColor":"#ffffff","pbIconLink":""}},{"widgetType":"wigt-pb-icons","widgetStyling":"display:inline-block;\nwidth:20%;","widgetMtop":"6","widgetMleft":"0","widgetMbottom":"0","widgetMright":"0","widgetPtop":"0","widgetPleft":"0","widgetPbottom":"0","widgetPright":"0","widgetBgColor":"transparent","widgetAnimation":"","widgetBorderWidth":"","widgetBorderStyle":null,"widgetBorderColor":"","widgetBoxShadowH":"","widgetBoxShadowV":"","widgetBoxShadowBlur":"","widgetBoxShadowColor":"","widgetIcons":{"pbSelectedIcon":"fa fa-youtube-square","pbIconSize":"30","pbIconRotation":"0","pbIconColor":"#ffffff","pbIconLink":""}},{"widgetType":"wigt-pb-icons","widgetStyling":"display:inline-block;\nwidth:20%;","widgetMtop":"6","widgetMleft":"0","widgetMbottom":"0","widgetMright":"0","widgetPtop":"0","widgetPleft":"0","widgetPbottom":"0","widgetPright":"0","widgetBgColor":"transparent","widgetAnimation":"","widgetBorderWidth":"","widgetBorderStyle":null,"widgetBorderColor":"","widgetBoxShadowH":"","widgetBoxShadowV":"","widgetBoxShadowBlur":"","widgetBoxShadowColor":"","widgetIcons":{"pbSelectedIcon":"fa fa-linkedin-square","pbIconSize":"30","pbIconRotation":"0","pbIconColor":"#ffffff","pbIconLink":""}}],"columnOptions":{"bg_color":"transparent","margin":{"columnMarginTop":"0","columnMarginBottom":"0","columnMarginLeft":"0","columnMarginRight":"0"},"padding":{"columnPaddingTop":"0","columnPaddingBottom":"0","columnPaddingLeft":"0","columnPaddingRight":"0"},"width":"27.44","columnCSS":"/* Add column custom styling here */"}},"column4":{"colWidgets":[{"widgetType":"wigt-WYSIWYG","widgetStyling":"/* Custom CSS for widget here. */","widgetMtop":"0","widgetMleft":"0","widgetMbottom":"0","widgetMright":"0","widgetPtop":"0","widgetPleft":"0","widgetPbottom":"0","widgetPright":"0","widgetBgColor":"transparent","widgetAnimation":null,"widgetBorderWidth":"","widgetBorderStyle":null,"widgetBorderColor":"","widgetBoxShadowH":"","widgetBoxShadowV":"","widgetBoxShadowBlur":"","widgetBoxShadowColor":"","widgetWYSIWYG":{"widgetContent":"<p><span style=\"color: rgb(255, 255, 255); font-size: 14pt;\" data-mce-style=\"color: #ffffff; font-size: 14pt;\">CONTACT US</span></p>"}},{"widgetType":"wigt-pb-formBuilder","widgetStyling":"/* Custom CSS for widget here. */","widgetMtop":"0","widgetMleft":"0","widgetMbottom":"0","widgetMright":"0","widgetPtop":"0","widgetPleft":"0","widgetPbottom":"0","widgetPright":"0","widgetBgColor":"transparent","widgetAnimation":"","widgetBorderWidth":"","widgetBorderStyle":null,"widgetBorderColor":"","widgetBoxShadowH":"","widgetBoxShadowV":"","widgetBoxShadowBlur":"","widgetBoxShadowColor":"","widgetFormBuilder":{"widgetPbFbFormFeilds":[{"fbFieldType":"text","thisFieldOptions":{"fbFieldLabel":"Name","fbFieldPlaceHolder":"Name","fbFieldRequired":"false","fbFieldWidth":"100","multiOptionFieldValues":"","fbtextareaRows":"5","displayFieldsInline":null}},{"fbFieldType":"email","thisFieldOptions":{"fbFieldLabel":"Email","fbFieldPlaceHolder":"Email","fbFieldRequired":"true","fbFieldWidth":"100","multiOptionFieldValues":"","fbtextareaRows":"5","displayFieldsInline":null}},{"fbFieldType":"textarea","thisFieldOptions":{"fbFieldLabel":"Message","fbFieldPlaceHolder":"Your Message","fbFieldRequired":"true","fbFieldWidth":"100","multiOptionFieldValues":"","fbtextareaRows":"5","displayFieldsInline":"inline-block"}}],"widgetPbFbFormFeildOptions":{"formBuilderFieldSize":"medium","formBuilderFieldLabelDisplay":"unset","formBuilderFieldBgColor":"#fff","formBuilderFieldColor":"#333","formBuilderFieldBorderColor":"#dddddd","formBuilderFieldBorderWidth":"1","formBuilderFieldBorderRadius":"3","formBuilderLabelSize":"18","formBuilderLabelColor":"#ffffff"},"widgetPbFbFormSubmitOptions":{"formBuilderBtnText":"SEND MESSAGE","formBuilderBtnSize":"medium","formBuilderBtnWidth":"100","formBuilderBtnBgColor":"rgba(51,51,51,0)","formBuilderBtnColor":"#ffffff","formBuilderBtnHoverBgColor":"#636363","formBuilderBtnHoverTextColor":"#efefef","formBuilderBtnFontSize":"19","formBuilderBtnBorderWidth":"2","formBuilderBtnBorderColor":"#ffffff","formBuilderBtnBorderRadius":"3","formBuilderBtnAlignment":"left"},"widgetPbFbFormEmailOptions":{"formEmailformName":"","formEmailTo":"example@gmail.com","formEmailSubject":"","formEmailFromEmail":"","formEmailName":"","formEmailFormat":"plain","formSuccessMessage":"The form was sent successfully!"},"widgetPbFbFormMailChimp":{"formBuilderEnableMailChimp":null,"formBuilderMCAccountName":"","formBuilderMCApiKey":""}}}],"columnOptions":{"bg_color":"transparent","margin":{"columnMarginTop":"0","columnMarginBottom":"0","columnMarginLeft":"0","columnMarginRight":"0"},"padding":{"columnPaddingTop":"0","columnPaddingBottom":"0","columnPaddingLeft":"0","columnPaddingRight":"0"},"width":"26.75","columnCSS":"/* Add column custom styling here */"}},"column5":{"colWidgets":[],"columnOptions":{"bg_color":"transparent","margin":{"columnMarginTop":0,"columnMarginBottom":0,"columnMarginLeft":0,"columnMarginRight":0},"padding":{"columnPaddingTop":0,"columnPaddingBottom":0,"columnPaddingLeft":0,"columnPaddingRight":0},"width":"","columnCSS":"/* Add column custom styling here */"}},"column6":{"colWidgets":[],"columnOptions":{"bg_color":"transparent","margin":{"columnMarginTop":0,"columnMarginBottom":0,"columnMarginLeft":0,"columnMarginRight":0},"padding":{"columnPaddingTop":0,"columnPaddingBottom":0,"columnPaddingLeft":0,"columnPaddingRight":0},"width":"","columnCSS":"/* Add column custom styling here */"}},"column7":{"colWidgets":[],"columnOptions":{"bg_color":"transparent","margin":{"columnMarginTop":0,"columnMarginBottom":0,"columnMarginLeft":0,"columnMarginRight":0},"padding":{"columnPaddingTop":0,"columnPaddingBottom":0,"columnPaddingLeft":0,"columnPaddingRight":0},"width":"","columnCSS":"/* Add column custom styling here */"}},"column8":{"colWidgets":[],"columnOptions":{"bg_color":"transparent","margin":{"columnMarginTop":0,"columnMarginBottom":0,"columnMarginLeft":0,"columnMarginRight":0},"padding":{"columnPaddingTop":0,"columnPaddingBottom":0,"columnPaddingLeft":0,"columnPaddingRight":0},"width":"","columnCSS":"/* Add column custom styling here */"}}}]